# Blender v3.6.19 OBJ File: 'hay_bale.blend'
# www.blender.org
mtllib hay_bale.mtl
o Hay_bale_Hay_bale_latest:Hay_Hay_bale_latest:Hay_bale1_0
v -0.806215 0.364353 -0.341645
v -0.806215 0.341645 -0.364353
v -0.826797 0.342407 -0.342407
v -0.806614 0.364337 0.341830
v -0.826965 0.342510 0.342510
v -0.806614 0.341830 0.364337
v 0.806215 0.364353 0.341645
v 0.806215 0.341645 0.364353
v 0.826797 0.342407 0.342407
v 0.806614 0.364337 -0.341830
v 0.826965 0.342510 -0.342510
v 0.806614 0.341830 -0.364337
v -0.826881 -0.342543 -0.342374
v -0.806457 -0.341858 -0.364270
v -0.806372 -0.364420 -0.341618
v -0.826881 -0.342374 0.342544
v -0.806457 -0.364270 0.341858
v -0.806372 -0.341618 0.364420
v 0.826881 -0.342543 0.342374
v 0.806457 -0.341858 0.364270
v 0.806372 -0.364420 0.341618
v 0.826881 -0.342374 -0.342544
v 0.806457 -0.364270 -0.341858
v 0.806372 -0.341618 -0.364420
v -0.325757 0.414102 0.044321
v -0.253743 0.436774 -0.126033
v -0.431765 0.444259 -0.195161
v -0.503779 0.421588 -0.024806
v 0.053265 0.429924 0.040212
v 0.125603 0.451597 -0.130142
v -0.052291 0.461544 -0.199269
v -0.124629 0.439871 -0.028915
v 0.325757 0.414102 -0.044321
v 0.253743 0.436774 0.126033
v 0.431765 0.444259 0.195161
v 0.503779 0.421588 0.024806
v 0.325757 -0.414102 0.044321
v 0.253743 -0.436774 -0.126033
v 0.431765 -0.444259 -0.195161
v 0.503779 -0.421588 -0.024806
v 0.053265 -0.429924 -0.040212
v 0.125603 -0.451597 0.130142
v -0.052291 -0.461544 0.199269
v -0.124629 -0.439871 0.028915
v -0.325757 -0.414102 -0.044321
v -0.253743 -0.436774 0.126033
v -0.431765 -0.444259 0.195161
v -0.503779 -0.421588 0.024806
v -0.824944 -0.041761 0.051412
v -0.847240 0.129807 0.121233
v -0.857473 0.199427 -0.050472
v -0.835177 0.027859 -0.120293
v -0.325757 -0.044637 0.411172
v -0.253743 0.126932 0.433683
v -0.431765 0.196551 0.441115
v -0.503779 0.024983 0.418604
v 0.053265 -0.040499 0.426882
v 0.125603 0.131070 0.448402
v -0.052291 0.200689 0.458278
v -0.124629 0.029121 0.436759
v 0.325757 0.044637 0.411172
v 0.253743 -0.126932 0.433683
v 0.431765 -0.196551 0.441115
v 0.503779 -0.024983 0.418604
v 0.824944 0.041761 0.051412
v 0.847240 -0.129807 0.121233
v 0.857473 -0.199427 -0.050472
v 0.835177 -0.027859 -0.120293
v 0.325757 -0.044637 -0.411172
v 0.253743 0.126932 -0.433683
v 0.431765 0.196551 -0.441115
v 0.503779 0.024983 -0.418604
v 0.053265 0.040499 -0.426882
v 0.125603 -0.131070 -0.448402
v -0.052291 -0.200689 -0.458278
v -0.124629 -0.029121 -0.436759
v -0.325757 0.044637 -0.411172
v -0.253743 -0.126932 -0.433683
v -0.431765 -0.196551 -0.441115
v -0.503779 -0.024983 -0.418604
v -0.824944 -0.051778 -0.041466
v -0.847240 -0.122097 0.128889
v -0.857473 0.050831 0.198016
v -0.835177 0.121150 0.027662
v 0.824944 -0.051778 0.041466
v 0.847240 -0.122097 -0.128889
v 0.857473 0.050831 -0.198016
v 0.835177 0.121150 -0.027662
v 0.325757 0.217848 0.411172
v 0.253743 0.046280 0.433683
v 0.431765 -0.023340 0.441115
v 0.503779 0.148228 0.418604
v 0.824944 0.220724 0.051412
v 0.847240 0.049156 0.121233
v 0.857473 -0.020464 -0.050472
v 0.835177 0.151104 -0.120293
v 0.053265 0.221986 -0.426882
v 0.125603 0.050418 -0.448402
v -0.052291 -0.019202 -0.458278
v -0.124629 0.152366 -0.436759
v -0.325757 0.217848 -0.411172
v -0.253743 0.046280 -0.433683
v -0.431765 -0.023340 -0.441115
v -0.503779 0.148228 -0.418604
v -0.824944 0.127185 -0.041466
v -0.847240 0.056866 0.128889
v -0.857473 0.229794 0.198016
v -0.835177 0.300113 0.027662
v 0.824944 0.127185 0.041466
v 0.847240 0.056866 -0.128889
v 0.857473 0.229794 -0.198016
v 0.835177 0.300113 -0.027662
v 0.053265 -0.221986 0.426882
v 0.125603 -0.050418 0.448402
v -0.052291 0.019202 0.458278
v -0.124629 -0.152366 0.436759
v -0.325757 -0.217848 0.411172
v -0.253743 -0.046280 0.433683
v -0.431765 0.023340 0.441115
v -0.503779 -0.148228 0.418604
v -0.824944 -0.220724 0.051412
v -0.847240 -0.049156 0.121233
v -0.857473 0.020464 -0.050472
v -0.835177 -0.151104 -0.120293
v 0.325757 -0.217848 -0.411172
v 0.253743 -0.046280 -0.433683
v 0.431765 0.023340 -0.441115
v 0.503779 -0.148228 -0.418604
v -0.824944 -0.127185 0.041466
v -0.847240 -0.056866 -0.128889
v -0.857473 -0.229794 -0.198016
v -0.835177 -0.300113 -0.027662
v 0.824944 -0.127185 -0.041466
v 0.847240 -0.056866 0.128889
v 0.857473 -0.229794 0.198016
v 0.835177 -0.300113 0.027662
v 0.053265 0.429924 0.220415
v 0.125603 0.451597 0.050061
v -0.052291 0.461544 -0.019066
v -0.124630 0.439871 0.151288
v -0.325757 0.414102 0.216307
v -0.253743 0.436774 0.045953
v -0.431765 0.444259 -0.023175
v -0.503779 0.421588 0.147179
v -0.824945 -0.127185 0.219162
v -0.847240 -0.056866 0.048808
v -0.857472 -0.229794 -0.020319
v -0.835177 -0.300113 0.150035
v 0.325757 -0.414102 0.216307
v 0.253743 -0.436774 0.045953
v 0.431765 -0.444259 -0.023175
v 0.503779 -0.421588 0.147179
v 0.824945 -0.051778 0.219162
v 0.847240 -0.122097 0.048808
v 0.857472 0.050831 -0.020319
v 0.835177 0.121150 0.150035
v 0.824945 0.127185 0.219162
v 0.847240 0.056866 0.048808
v 0.857472 0.229794 -0.020319
v 0.835177 0.300113 0.150035
v -0.824945 0.220724 0.126285
v -0.847240 0.049156 0.056463
v -0.857473 -0.020464 0.228168
v -0.835177 0.151104 0.297989
v -0.824945 0.041761 0.126285
v -0.847240 -0.129807 0.056463
v -0.857473 -0.199427 0.228168
v -0.835177 -0.027859 0.297989
v 0.824945 -0.220724 0.126285
v 0.847240 -0.049156 0.056463
v 0.857473 0.020464 0.228168
v 0.835177 -0.151104 0.297989
v 0.824945 -0.041761 0.126285
v 0.847240 0.129807 0.056463
v 0.857473 0.199427 0.228168
v 0.835177 0.027859 0.297989
v 0.325757 0.414102 -0.216307
v 0.253743 0.436774 -0.045953
v 0.431765 0.444259 0.023175
v 0.503779 0.421588 -0.147179
v 0.824945 -0.127185 -0.219162
v 0.847240 -0.056866 -0.048808
v 0.857472 -0.229794 0.020319
v 0.835177 -0.300113 -0.150035
v 0.053265 -0.429924 -0.220415
v 0.125603 -0.451597 -0.050061
v -0.052291 -0.461544 0.019066
v -0.124630 -0.439871 -0.151288
v -0.325757 -0.414102 -0.216307
v -0.253743 -0.436774 -0.045953
v -0.431765 -0.444259 0.023175
v -0.503779 -0.421588 -0.147179
v -0.824945 -0.051778 -0.219162
v -0.847240 -0.122097 -0.048808
v -0.857472 0.050831 0.020319
v -0.835177 0.121150 -0.150035
v -0.824945 0.127185 -0.219162
v -0.847240 0.056866 -0.048808
v -0.857472 0.229794 0.020319
v -0.835177 0.300113 -0.150035
v 0.824945 0.220724 -0.126285
v 0.847240 0.049156 -0.056463
v 0.857473 -0.020464 -0.228168
v 0.835177 0.151104 -0.297989
v 0.824945 0.041761 -0.126285
v 0.847240 -0.129807 -0.056463
v 0.857473 -0.199427 -0.228168
v 0.835177 -0.027859 -0.297989
v -0.824945 -0.220724 -0.126285
v -0.847240 -0.049156 -0.056463
v -0.857473 0.020464 -0.228168
v -0.835177 -0.151104 -0.297989
v -0.824945 -0.041761 -0.126285
v -0.847240 0.129807 -0.056463
v -0.857473 0.199427 -0.228168
v -0.835177 0.027859 -0.297989
v -0.740683 0.180174 -0.437650
v -0.813851 0.346413 -0.391548
v -0.638101 0.421367 -0.398151
v -0.564932 0.255128 -0.444254
v -0.739271 0.267567 -0.449965
v -0.813806 0.397963 -0.338522
v -0.638530 0.469244 -0.311537
v -0.563995 0.338847 -0.422980
v -0.738541 0.351835 -0.424102
v -0.814509 0.421664 -0.268620
v -0.639895 0.475491 -0.212971
v -0.563927 0.405662 -0.368453
v -0.840558 0.331965 -0.174065
v -0.808556 0.395135 -0.345734
v -0.829449 0.222039 -0.412160
v -0.861451 0.158869 -0.240490
v -0.778272 0.359055 -0.370779
v -0.761287 0.197200 -0.461676
v -0.859790 0.111016 -0.327525
v -0.876775 0.272872 -0.236628
v -0.786396 0.132310 -0.438526
v -0.849171 0.051945 -0.282577
v -0.875933 0.220417 -0.207020
v -0.813158 0.300782 -0.362969
v -0.831260 0.084183 -0.239672
v -0.862732 0.247567 -0.155304
v -0.849851 0.335348 -0.318421
v -0.818379 0.171964 -0.402790
v -0.633437 0.359840 -0.405894
v -0.566660 0.192731 -0.457593
v -0.745169 0.124019 -0.453435
v -0.811947 0.291128 -0.401735
v -0.636520 0.441715 -0.098742
v -0.565712 0.450737 -0.270810
v -0.742586 0.429081 -0.339738
v -0.813394 0.420059 -0.167670
v -0.831921 0.284583 -0.346013
v -0.887796 0.255478 -0.171042
v -0.807122 0.417074 -0.120540
v -0.751247 0.446179 -0.295511
v -0.776391 0.429858 -0.315207
v -0.828272 0.269984 -0.396766
v -0.883204 0.201851 -0.232538
v -0.831322 0.361725 -0.150979
v -0.831260 0.213175 -0.342706
v -0.862732 0.165077 -0.166198
v -0.849850 0.344319 -0.115903
v -0.818379 0.392417 -0.292411
v -0.849338 0.186902 -0.115443
v -0.829831 0.362866 -0.056472
v -0.823204 0.421907 -0.232202
v -0.842712 0.245943 -0.291174
v -0.830891 -0.044384 -0.229707
v -0.861788 0.127184 -0.163008
v -0.850389 0.196804 -0.334644
v -0.819493 0.025236 -0.401343
v -0.635745 0.220724 -0.428178
v -0.567062 0.049156 -0.458892
v -0.744716 -0.020464 -0.445588
v -0.813399 0.151104 -0.414875
v -0.840645 0.174851 0.328966
v -0.809123 0.347511 0.392541
v -0.829554 0.415140 0.220900
v -0.861077 0.242479 0.157325
v -0.831227 0.241326 0.083581
v -0.862647 0.156333 0.245807
v -0.849900 0.320622 0.332967
v -0.818480 0.405615 0.170742
v -0.634474 0.408733 0.357779
v -0.566686 0.460767 0.192224
v -0.744790 0.456670 0.123015
v -0.812578 0.404636 0.288569
v -0.636007 0.099922 0.438538
v -0.566215 0.273607 0.447460
v -0.743506 0.342042 0.426047
v -0.813298 0.168356 0.417125
v -0.832053 0.348493 0.282379
v -0.887688 0.172211 0.253431
v -0.807234 0.121469 0.414024
v -0.751600 0.297751 0.442972
v -0.776833 0.318118 0.426519
v -0.828730 0.399393 0.267343
v -0.883012 0.233527 0.200334
v -0.831115 0.152252 0.359510
v -0.831227 0.345142 0.211612
v -0.862647 0.167374 0.163831
v -0.849900 0.116722 0.341814
v -0.818480 0.294490 0.389595
v -0.849324 0.116248 0.185577
v -0.829798 0.056851 0.360292
v -0.823218 0.233831 0.418926
v -0.842744 0.293229 0.244211
v -0.740748 0.440819 0.179015
v -0.814628 0.394466 0.343803
v -0.639169 0.400934 0.418881
v -0.565290 0.447287 0.254093
v -0.739975 0.453278 0.265779
v -0.814517 0.341015 0.395228
v -0.639256 0.313899 0.466064
v -0.564715 0.426162 0.336616
v -0.739686 0.427248 0.349395
v -0.814954 0.270373 0.418807
v -0.640059 0.214983 0.472072
v -0.564791 0.371858 0.402660
v -0.635749 -0.041761 0.428181
v -0.567068 0.129807 0.458898
v -0.744721 0.199427 0.445585
v -0.813403 0.027859 0.414868
v -0.830887 0.218101 0.229700
v -0.861776 0.046533 0.162997
v -0.850396 -0.023087 0.334635
v -0.819507 0.148481 0.401337
v -0.849425 -0.051778 0.182176
v -0.829886 -0.122097 0.352845
v -0.823110 0.050831 0.422367
v -0.842649 0.121150 0.251698
v 0.740683 0.180174 0.437650
v 0.813851 0.346413 0.391548
v 0.638101 0.421367 0.398151
v 0.564933 0.255128 0.444254
v 0.739271 0.267567 0.449965
v 0.813806 0.397964 0.338522
v 0.638530 0.469244 0.311537
v 0.563995 0.338848 0.422981
v 0.738541 0.351835 0.424102
v 0.814509 0.421664 0.268620
v 0.639895 0.475491 0.212971
v 0.563927 0.405662 0.368453
v 0.840558 0.331965 0.174065
v 0.808556 0.395135 0.345734
v 0.829449 0.222039 0.412160
v 0.861451 0.158869 0.240490
v 0.831260 0.084183 0.239672
v 0.862732 0.247567 0.155304
v 0.849851 0.335348 0.318421
v 0.818379 0.171964 0.402790
v 0.633438 0.359840 0.405894
v 0.566660 0.192731 0.457593
v 0.745169 0.124019 0.453435
v 0.811947 0.291128 0.401735
v 0.636520 0.441715 0.098742
v 0.565712 0.450737 0.270810
v 0.742586 0.429081 0.339738
v 0.813394 0.420059 0.167670
v 0.831921 0.284583 0.346013
v 0.887796 0.255478 0.171042
v 0.807122 0.417074 0.120540
v 0.751247 0.446179 0.295511
v 0.776391 0.429858 0.315208
v 0.828273 0.269984 0.396766
v 0.883204 0.201851 0.232538
v 0.831322 0.361725 0.150979
v 0.831260 0.213175 0.342706
v 0.862732 0.165077 0.166198
v 0.849850 0.344319 0.115903
v 0.818379 0.392417 0.292411
v 0.849338 0.186902 0.115443
v 0.829831 0.362866 0.056472
v 0.823204 0.421907 0.232202
v 0.842712 0.245943 0.291174
v 0.849408 0.219619 0.179133
v 0.829996 0.300589 0.345097
v 0.823136 0.132395 0.425250
v 0.842548 0.051425 0.259286
v 0.830891 -0.044384 0.229707
v 0.861788 0.127184 0.163008
v 0.850389 0.196804 0.334644
v 0.819493 0.025236 0.401343
v 0.635745 0.220724 0.428179
v 0.567062 0.049156 0.458892
v 0.744716 -0.020464 0.445588
v 0.813399 0.151104 0.414875
v 0.840645 0.174851 -0.328966
v 0.809123 0.347511 -0.392541
v 0.829554 0.415140 -0.220900
v 0.861077 0.242479 -0.157325
v 0.831227 0.241326 -0.083581
v 0.862647 0.156333 -0.245807
v 0.849899 0.320622 -0.332967
v 0.818480 0.405615 -0.170742
v 0.634474 0.408733 -0.357779
v 0.566686 0.460767 -0.192224
v 0.744790 0.456670 -0.123015
v 0.812578 0.404636 -0.288569
v 0.636006 0.099922 -0.438538
v 0.566215 0.273607 -0.447460
v 0.743506 0.342042 -0.426047
v 0.813298 0.168356 -0.417125
v 0.832053 0.348493 -0.282379
v 0.887688 0.172211 -0.253431
v 0.807234 0.121469 -0.414024
v 0.751600 0.297751 -0.442972
v 0.776833 0.318118 -0.426519
v 0.828730 0.399393 -0.267343
v 0.883012 0.233527 -0.200334
v 0.831115 0.152252 -0.359510
v 0.831227 0.345142 -0.211612
v 0.862647 0.167374 -0.163831
v 0.849900 0.116722 -0.341814
v 0.818480 0.294490 -0.389595
v 0.849324 0.116248 -0.185577
v 0.829798 0.056851 -0.360292
v 0.823218 0.233831 -0.418926
v 0.842744 0.293229 -0.244211
v 0.740748 0.440819 -0.179015
v 0.814628 0.394466 -0.343803
v 0.639169 0.400934 -0.418881
v 0.565290 0.447287 -0.254093
v 0.739975 0.453278 -0.265779
v 0.814517 0.341015 -0.395228
v 0.639256 0.313899 -0.466064
v 0.564715 0.426162 -0.336616
v 0.739686 0.427248 -0.349395
v 0.814954 0.270373 -0.418807
v 0.640059 0.214983 -0.472072
v 0.564791 0.371858 -0.402660
v 0.635749 -0.041761 -0.428181
v 0.567068 0.129807 -0.458898
v 0.744721 0.199427 -0.445585
v 0.813403 0.027859 -0.414868
v 0.830887 0.218101 -0.229699
v 0.861776 0.046533 -0.162997
v 0.850396 -0.023087 -0.334635
v 0.819507 0.148481 -0.401337
v 0.849425 -0.051778 -0.182176
v 0.829886 -0.122097 -0.352845
v 0.823110 0.050831 -0.422367
v 0.842649 0.121150 -0.251698
v -0.635745 0.431230 0.041466
v -0.567062 0.462162 -0.128889
v -0.744716 0.448764 -0.198016
v -0.813399 0.417831 -0.027662
v -0.830891 0.231344 -0.216558
v -0.861788 0.164169 -0.046204
v -0.850389 0.337029 0.022924
v -0.819493 0.404204 -0.147430
v -0.636010 -0.099922 -0.438540
v -0.566220 -0.273608 -0.447465
v -0.743510 -0.342041 -0.426044
v -0.813301 -0.168356 -0.417118
v -0.832056 -0.348496 -0.282398
v -0.887702 -0.172215 -0.253462
v -0.807212 -0.121471 -0.414037
v -0.751566 -0.297751 -0.442973
v -0.776753 -0.318194 -0.426504
v -0.828554 -0.399483 -0.267306
v -0.883057 -0.233664 -0.200352
v -0.831255 -0.152374 -0.359549
v -0.831235 -0.345144 -0.211626
v -0.862668 -0.167376 -0.163851
v -0.849887 -0.116724 -0.341831
v -0.818454 -0.294492 -0.389607
v -0.849324 -0.116248 -0.185577
v -0.829798 -0.056851 -0.360292
v -0.823218 -0.233831 -0.418926
v -0.842744 -0.293229 -0.244211
v -0.740023 -0.440800 -0.178447
v -0.814193 -0.394744 -0.343197
v -0.638834 -0.401116 -0.418501
v -0.564664 -0.447172 -0.253751
v -0.739074 -0.453351 -0.265125
v -0.814329 -0.341647 -0.394666
v -0.639352 -0.314196 -0.466028
v -0.564098 -0.425901 -0.336487
v -0.738809 -0.427579 -0.349050
v -0.815083 -0.271182 -0.418501
v -0.640613 -0.214969 -0.472210
v -0.564338 -0.371366 -0.402759
v -0.840639 -0.175321 -0.329540
v -0.808733 -0.348235 -0.392248
v -0.829404 -0.415078 -0.220331
v -0.861310 -0.242164 -0.157622
v -0.831251 -0.241366 -0.083586
v -0.862710 -0.156390 -0.245813
v -0.849863 -0.320672 -0.332973
v -0.818405 -0.405649 -0.170746
v -0.633433 -0.408784 -0.357293
v -0.566654 -0.460848 -0.191366
v -0.745164 -0.456670 -0.123142
v -0.811943 -0.404606 -0.289069
v -0.849408 -0.180410 -0.218065
v -0.829996 -0.347556 -0.298461
v -0.823135 -0.428280 -0.131458
v -0.842547 -0.261134 -0.051061
v -0.830891 -0.231344 0.044070
v -0.861788 -0.164170 -0.126284
v -0.850389 -0.337029 -0.195411
v -0.819493 -0.404204 -0.025057
v -0.635745 -0.431230 -0.219162
v -0.567062 -0.462162 -0.048808
v -0.744716 -0.448764 0.020319
v -0.813399 -0.417831 -0.150035
v -0.325939 0.348489 0.417974
v -0.253987 0.428121 0.265385
v -0.432028 0.458326 0.202712
v -0.503981 0.378693 0.355302
v -0.326021 0.263123 0.445553
v -0.254096 0.400659 0.341198
v -0.432146 0.454717 0.297113
v -0.504071 0.317181 0.401468
v -0.325939 0.173994 0.434327
v -0.253987 0.343158 0.397959
v -0.432028 0.411042 0.381107
v -0.503981 0.241878 0.417476
v -0.636010 -0.441665 0.099215
v -0.566220 -0.450654 0.271672
v -0.743511 -0.429080 0.339621
v -0.813301 -0.420091 0.167164
v -0.776751 -0.429544 0.315942
v -0.828554 -0.269212 0.396656
v -0.883057 -0.201781 0.232010
v -0.831254 -0.362113 0.151296
v -0.831236 -0.213135 0.342701
v -0.862669 -0.165019 0.166192
v -0.849887 -0.344268 0.115898
v -0.818454 -0.392383 0.292408
v -0.740023 -0.179719 0.437680
v -0.814193 -0.345643 0.391950
v -0.638834 -0.421483 0.398278
v -0.564665 -0.255559 0.444008
v -0.739074 -0.267015 0.450143
v -0.814329 -0.397479 0.339229
v -0.639352 -0.469349 0.311973
v -0.564098 -0.338885 0.422887
v -0.738809 -0.351538 0.424553
v -0.815083 -0.421483 0.269263
v -0.640613 -0.475575 0.213447
v -0.564338 -0.405630 0.368738
v -0.840639 -0.331888 0.174080
v -0.808733 -0.395044 0.345771
v -0.829404 -0.221901 0.412141
v -0.861310 -0.158746 0.240450
v -0.831252 -0.084181 0.239658
v -0.862710 -0.247565 0.155284
v -0.849863 -0.335346 0.318403
v -0.818405 -0.171963 0.402778
v -0.633433 -0.359839 0.405892
v -0.566654 -0.192730 0.457587
v -0.745164 -0.124020 0.453438
v -0.811943 -0.291129 0.401742
v -0.325939 -0.420953 0.346023
v -0.253987 -0.267276 0.425092
v -0.432028 -0.204157 0.455083
v -0.503981 -0.357834 0.376014
v -0.326021 -0.448728 0.261262
v -0.254096 -0.343630 0.397824
v -0.432146 -0.299230 0.451499
v -0.504071 -0.404329 0.314937
v -0.325939 -0.437423 0.172762
v -0.253987 -0.400795 0.340729
v -0.432028 -0.383824 0.408134
v -0.503981 -0.420451 0.240167
v 0.635745 0.431230 -0.041466
v 0.567062 0.462162 0.128889
v 0.744716 0.448764 0.198016
v 0.813399 0.417831 0.027662
v 0.830891 0.231344 0.216558
v 0.861788 0.164169 0.046204
v 0.850389 0.337029 -0.022924
v 0.819493 0.404204 0.147430
v 0.636011 -0.099922 0.438540
v 0.566220 -0.273608 0.447466
v 0.743511 -0.342042 0.426044
v 0.813301 -0.168356 0.417118
v 0.832056 -0.348496 0.282398
v 0.887702 -0.172215 0.253462
v 0.807212 -0.121471 0.414037
v 0.751566 -0.297751 0.442973
v 0.776753 -0.318194 0.426504
v 0.828554 -0.399483 0.267306
v 0.883057 -0.233664 0.200352
v 0.831255 -0.152374 0.359550
v 0.831235 -0.345144 0.211626
v 0.862668 -0.167376 0.163851
v 0.849887 -0.116724 0.341831
v 0.818454 -0.294492 0.389607
v 0.849324 -0.116248 0.185577
v 0.829798 -0.056851 0.360292
v 0.823218 -0.233831 0.418926
v 0.842744 -0.293229 0.244211
v 0.740023 -0.440800 0.178447
v 0.814193 -0.394744 0.343197
v 0.638834 -0.401116 0.418501
v 0.564664 -0.447172 0.253751
v 0.739074 -0.453351 0.265125
v 0.814329 -0.341647 0.394666
v 0.639352 -0.314197 0.466028
v 0.564098 -0.425901 0.336487
v 0.738809 -0.427579 0.349050
v 0.815083 -0.271181 0.418501
v 0.640613 -0.214969 0.472210
v 0.564338 -0.371366 0.402759
v 0.840639 -0.175320 0.329539
v 0.808733 -0.348235 0.392248
v 0.829404 -0.415078 0.220331
v 0.861310 -0.242164 0.157622
v 0.831251 -0.241366 0.083586
v 0.862710 -0.156390 0.245813
v 0.849863 -0.320672 0.332973
v 0.818405 -0.405649 0.170746
v 0.633433 -0.408784 0.357293
v 0.566654 -0.460848 0.191366
v 0.745164 -0.456670 0.123142
v 0.811943 -0.404606 0.289069
v 0.849408 -0.180410 0.218065
v 0.829996 -0.347556 0.298461
v 0.823135 -0.428280 0.131458
v 0.842547 -0.261134 0.051061
v 0.830891 -0.231344 -0.044070
v 0.861788 -0.164170 0.126284
v 0.850389 -0.337029 0.195411
v 0.819493 -0.404204 0.025057
v 0.635745 -0.431230 0.219162
v 0.567062 -0.462162 0.048808
v 0.744716 -0.448764 -0.020319
v 0.813399 -0.417831 0.150035
v 0.325939 0.348489 -0.417974
v 0.253987 0.428121 -0.265385
v 0.432028 0.458326 -0.202712
v 0.503981 0.378693 -0.355302
v 0.326021 0.263123 -0.445553
v 0.254096 0.400659 -0.341198
v 0.432146 0.454717 -0.297113
v 0.504071 0.317181 -0.401468
v 0.325939 0.173994 -0.434327
v 0.253987 0.343158 -0.397959
v 0.432028 0.411042 -0.381107
v 0.503981 0.241878 -0.417476
v 0.636010 -0.441665 -0.099215
v 0.566220 -0.450654 -0.271672
v 0.743511 -0.429080 -0.339621
v 0.813301 -0.420091 -0.167164
v 0.776751 -0.429544 -0.315942
v 0.828554 -0.269212 -0.396656
v 0.883057 -0.201781 -0.232010
v 0.831254 -0.362113 -0.151296
v 0.831235 -0.213135 -0.342701
v 0.862668 -0.165019 -0.166192
v 0.849887 -0.344268 -0.115898
v 0.818454 -0.392383 -0.292408
v 0.740023 -0.179719 -0.437680
v 0.814193 -0.345643 -0.391951
v 0.638834 -0.421483 -0.398278
v 0.564665 -0.255559 -0.444008
v 0.739074 -0.267015 -0.450143
v 0.814329 -0.397479 -0.339229
v 0.639352 -0.469349 -0.311973
v 0.564098 -0.338885 -0.422887
v 0.738809 -0.351538 -0.424553
v 0.815083 -0.421483 -0.269263
v 0.640613 -0.475575 -0.213447
v 0.564338 -0.405630 -0.368738
v 0.840639 -0.331888 -0.174080
v 0.808733 -0.395044 -0.345771
v 0.829404 -0.221901 -0.412141
v 0.861310 -0.158746 -0.240450
v 0.831252 -0.084181 -0.239658
v 0.862710 -0.247565 -0.155284
v 0.849863 -0.335346 -0.318403
v 0.818405 -0.171962 -0.402778
v 0.633433 -0.359839 -0.405892
v 0.566654 -0.192730 -0.457587
v 0.745164 -0.124020 -0.453438
v 0.811943 -0.291129 -0.401742
v 0.325939 -0.420953 -0.346023
v 0.253987 -0.267276 -0.425092
v 0.432028 -0.204157 -0.455083
v 0.503981 -0.357834 -0.376014
v 0.326021 -0.448728 -0.261261
v 0.254096 -0.343630 -0.397824
v 0.432146 -0.299230 -0.451499
v 0.504071 -0.404329 -0.314937
v 0.325939 -0.437423 -0.172762
v 0.253987 -0.400795 -0.340729
v 0.432028 -0.383824 -0.408134
v 0.503981 -0.420451 -0.240167
v 0.053265 0.186817 0.449137
v 0.125603 0.355580 0.411665
v -0.052291 0.424453 0.397536
v -0.124629 0.255689 0.435008
v 0.053265 0.277184 0.459514
v 0.125603 0.413826 0.354273
v -0.052291 0.470089 0.312376
v -0.124629 0.333447 0.417618
v 0.053265 0.363404 0.430707
v 0.125603 0.441925 0.277720
v -0.052291 0.474872 0.216028
v -0.124629 0.396351 0.369015
v 0.053265 0.452338 -0.185495
v 0.125603 0.414599 -0.353064
v -0.052291 0.400369 -0.421449
v -0.124629 0.438108 -0.253880
v 0.053265 0.462789 -0.275223
v 0.125603 0.356797 -0.410898
v -0.052291 0.314602 -0.466762
v -0.124629 0.420594 -0.331087
v 0.053265 0.433776 -0.360832
v 0.125603 0.279699 -0.438798
v -0.052291 0.217567 -0.471512
v -0.124629 0.371645 -0.393546
v 0.053265 -0.186817 -0.449137
v 0.125603 -0.355580 -0.411665
v -0.052291 -0.424453 -0.397536
v -0.124629 -0.255689 -0.435008
v 0.053265 -0.277184 -0.459514
v 0.125603 -0.413827 -0.354272
v -0.052291 -0.470089 -0.312376
v -0.124629 -0.333447 -0.417618
v 0.053265 -0.363404 -0.430707
v 0.125603 -0.441925 -0.277720
v -0.052291 -0.474872 -0.216028
v -0.124629 -0.396351 -0.369015
v 0.053265 -0.452338 0.185495
v 0.125603 -0.414599 0.353064
v -0.052291 -0.400369 0.421449
v -0.124629 -0.438108 0.253880
v 0.053265 -0.462789 0.275223
v 0.125603 -0.356797 0.410898
v -0.052291 -0.314602 0.466762
v -0.124629 -0.420594 0.331087
v 0.053265 -0.433776 0.360832
v 0.125603 -0.279699 0.438798
v -0.052291 -0.217567 0.471512
v -0.124629 -0.371645 0.393546
v -0.325939 0.437423 -0.172762
v -0.253987 0.400795 -0.340729
v -0.432028 0.383824 -0.408134
v -0.503981 0.420451 -0.240167
v -0.326021 0.448728 -0.261261
v -0.254096 0.343630 -0.397824
v -0.432146 0.299230 -0.451499
v -0.504071 0.404329 -0.314937
v -0.325939 0.420953 -0.346023
v -0.253987 0.267276 -0.425092
v -0.432028 0.204157 -0.455083
v -0.503981 0.357834 -0.376014
v -0.325939 -0.173994 -0.434327
v -0.253987 -0.343158 -0.397959
v -0.432028 -0.411042 -0.381107
v -0.503981 -0.241878 -0.417476
v -0.326021 -0.263123 -0.445553
v -0.254096 -0.400659 -0.341198
v -0.432146 -0.454717 -0.297113
v -0.504071 -0.317181 -0.401468
v -0.325939 -0.348489 -0.417974
v -0.253987 -0.428121 -0.265385
v -0.432028 -0.458326 -0.202712
v -0.503981 -0.378693 -0.355302
v 0.325939 0.437423 0.172762
v 0.253987 0.400795 0.340729
v 0.432028 0.383824 0.408134
v 0.503981 0.420451 0.240167
v 0.326021 0.448728 0.261262
v 0.254096 0.343630 0.397824
v 0.432146 0.299230 0.451499
v 0.504071 0.404329 0.314937
v 0.325939 0.420953 0.346023
v 0.253987 0.267276 0.425092
v 0.432028 0.204157 0.455083
v 0.503981 0.357834 0.376014
v 0.325939 -0.173994 0.434327
v 0.253987 -0.343158 0.397959
v 0.432028 -0.411042 0.381107
v 0.503981 -0.241878 0.417476
v 0.326021 -0.263123 0.445553
v 0.254096 -0.400659 0.341198
v 0.432146 -0.454717 0.297113
v 0.504071 -0.317181 0.401468
v 0.325939 -0.348489 0.417974
v 0.253987 -0.428121 0.265385
v 0.432028 -0.458326 0.202712
v 0.503981 -0.378693 0.355302
v -0.635749 0.431232 0.219162
v -0.567068 0.462168 0.048808
v -0.744721 0.448761 -0.020319
v -0.813403 0.417824 0.150035
v -0.831929 0.304009 -0.042768
v -0.886849 0.253370 0.127586
v -0.808481 0.408933 0.196714
v -0.753561 0.459571 0.026359
v -0.786365 0.438701 -0.051412
v -0.849262 0.276939 -0.121233
v -0.875937 0.211567 0.050472
v -0.813040 0.373329 0.120293
v -0.830887 0.231337 -0.044070
v -0.861776 0.164159 0.126284
v -0.850396 0.337020 0.195411
v -0.819506 0.404197 0.025057
v -0.849422 0.180414 0.218047
v -0.830029 0.347565 0.298438
v -0.823122 0.428279 0.131431
v -0.842515 0.261128 0.051040
v 0.635749 0.431232 -0.219162
v 0.567068 0.462168 -0.048808
v 0.744721 0.448761 0.020319
v 0.813403 0.417824 -0.150035
v 0.831929 0.304009 0.042768
v 0.886849 0.253370 -0.127586
v 0.808481 0.408933 -0.196714
v 0.753561 0.459571 -0.026359
v 0.786365 0.438701 0.051412
v 0.849262 0.276939 0.121233
v 0.875937 0.211567 -0.050472
v 0.813040 0.373329 -0.120293
v 0.830887 0.231337 0.044070
v 0.861776 0.164159 -0.126284
v 0.850396 0.337020 -0.195411
v 0.819506 0.404197 -0.025057
v 0.849422 0.180414 -0.218047
v 0.830029 0.347565 -0.298438
v 0.823122 0.428279 -0.131431
v 0.842515 0.261128 -0.051040
v 0.849425 -0.183474 0.051412
v 0.829886 -0.355360 0.121233
v 0.823110 -0.425378 -0.050472
v 0.842649 -0.253492 -0.120293
v 0.779660 -0.394243 0.042768
v 0.763594 -0.466150 -0.127586
v 0.859794 -0.320348 -0.196714
v 0.875860 -0.248441 -0.026360
v 0.786480 -0.435163 -0.233977
v 0.849369 -0.269290 -0.293544
v 0.875850 -0.214868 -0.118087
v 0.812962 -0.380741 -0.058520
v 0.830887 -0.231337 -0.216558
v 0.861776 -0.164159 -0.046204
v 0.850396 -0.337020 0.022924
v 0.819506 -0.404197 -0.147430
v 0.635749 -0.431232 0.041466
v 0.567068 -0.462168 -0.128889
v 0.744721 -0.448761 -0.198016
v 0.813403 -0.417824 -0.027662
v -0.849425 -0.183474 -0.051412
v -0.829886 -0.355360 -0.121233
v -0.823110 -0.425378 0.050472
v -0.842649 -0.253492 0.120293
v -0.779660 -0.394243 -0.042768
v -0.763594 -0.466150 0.127586
v -0.859794 -0.320348 0.196714
v -0.875860 -0.248441 0.026360
v -0.786480 -0.435163 0.233977
v -0.849369 -0.269290 0.293544
v -0.875850 -0.214868 0.118087
v -0.812962 -0.380741 0.058520
v -0.830887 -0.231337 0.216558
v -0.861776 -0.164159 0.046204
v -0.850396 -0.337020 -0.022924
v -0.819506 -0.404197 0.147430
v -0.635749 -0.431232 -0.041466
v -0.567068 -0.462168 0.128889
v -0.744721 -0.448761 0.198016
v -0.813403 -0.417824 0.027662
v -0.849425 0.051778 -0.182176
v -0.829886 0.122097 -0.352845
v -0.823110 -0.050831 -0.422367
v -0.842649 -0.121150 -0.251698
v -0.830887 -0.218101 -0.229699
v -0.861776 -0.046533 -0.162997
v -0.850396 0.023087 -0.334635
v -0.819507 -0.148481 -0.401337
v -0.635749 0.041761 -0.428181
v -0.567068 -0.129807 -0.458898
v -0.744721 -0.199427 -0.445585
v -0.813403 -0.027859 -0.414868
v -0.635745 -0.220724 0.428179
v -0.567062 -0.049156 0.458892
v -0.744716 0.020464 0.445588
v -0.813399 -0.151104 0.414875
v -0.830891 0.044384 0.229707
v -0.861788 -0.127184 0.163008
v -0.850389 -0.196804 0.334644
v -0.819493 -0.025236 0.401343
v -0.849408 -0.219619 0.179133
v -0.829996 -0.300589 0.345096
v -0.823136 -0.132395 0.425250
v -0.842548 -0.051425 0.259286
v 0.849425 0.051778 0.182176
v 0.829886 0.122097 0.352845
v 0.823110 -0.050831 0.422367
v 0.842649 -0.121150 0.251698
v 0.830887 -0.218101 0.229700
v 0.861776 -0.046533 0.162997
v 0.850396 0.023087 0.334635
v 0.819507 -0.148481 0.401337
v 0.635749 0.041761 0.428181
v 0.567068 -0.129807 0.458898
v 0.744721 -0.199427 0.445585
v 0.813403 -0.027859 0.414868
v 0.635745 -0.220724 -0.428178
v 0.567062 -0.049156 -0.458892
v 0.744716 0.020464 -0.445588
v 0.813399 -0.151104 -0.414875
v 0.830891 0.044384 -0.229707
v 0.861788 -0.127184 -0.163008
v 0.850389 -0.196804 -0.334644
v 0.819493 -0.025236 -0.401343
v 0.849408 -0.219619 -0.179133
v 0.829996 -0.300589 -0.345096
v 0.823136 -0.132395 -0.425250
v 0.842548 -0.051425 -0.259286
v -0.825314 0.117921 -0.352519
v -0.848114 0.057254 -0.178606
v -0.857105 0.233800 -0.118988
v -0.834306 0.294467 -0.292901
v -0.825314 0.092941 -0.131357
v -0.848113 0.260410 -0.052464
v -0.857105 0.339397 -0.220191
v -0.834306 0.171928 -0.299083
v 0.825311 0.355032 -0.117082
v 0.848105 0.179879 -0.056843
v 0.857109 0.119835 -0.232139
v 0.834314 0.294988 -0.292378
v 0.825311 0.132288 -0.092283
v 0.848105 0.052832 -0.258567
v 0.857109 0.221754 -0.336995
v 0.834315 0.301210 -0.170711
v 0.053265 0.440415 -0.102016
v 0.125603 0.440393 -0.273724
v -0.052291 0.441527 -0.343544
v -0.124629 0.441549 -0.171836
v 0.053265 0.363154 -0.404601
v 0.125603 0.195661 -0.447323
v -0.052291 0.127839 -0.465794
v -0.124629 0.295332 -0.423072
v 0.053265 -0.407485 -0.360585
v 0.125603 -0.450511 -0.194276
v -0.052291 -0.469113 -0.126934
v -0.124629 -0.426088 -0.293243
v 0.053265 0.102743 0.437299
v 0.125603 0.275675 0.437276
v -0.052291 0.345993 0.438402
v -0.124629 0.173061 0.438425
v 0.325817 0.391949 -0.350514
v 0.253823 0.436025 -0.184337
v 0.431852 0.452037 -0.116670
v 0.503845 0.407961 -0.282846
v 0.325817 0.353012 0.389175
v 0.253823 0.185651 0.432940
v 0.431852 0.117502 0.448839
v 0.503845 0.284862 0.405074
v 0.325817 -0.424879 -0.091945
v 0.253823 -0.425907 -0.263785
v 0.431852 -0.424451 -0.333280
v 0.503845 -0.423423 -0.161440
v 0.325817 0.092601 -0.421873
v 0.253823 0.265665 -0.422893
v 0.431852 0.335655 -0.421447
v 0.503845 0.162591 -0.420427
v -0.432335 0.390398 -0.350319
v -0.505001 0.432369 -0.183878
v -0.327282 0.453560 -0.116861
v -0.254615 0.411589 -0.283302
v -0.432335 0.352816 0.387636
v -0.505001 0.185189 0.429309
v -0.327282 0.117694 0.450350
v -0.254615 0.285321 0.408677
v -0.432335 -0.423329 -0.091751
v -0.505001 -0.422251 -0.263326
v -0.327282 -0.425973 -0.333471
v -0.254615 -0.427051 -0.161896
v -0.432335 0.092405 -0.420333
v -0.505001 0.265203 -0.419263
v -0.327282 0.335848 -0.422959
v -0.254615 0.163050 -0.424029
v -0.325817 0.391949 0.350514
v -0.253823 0.436025 0.184337
v -0.431852 0.452037 0.116670
v -0.503845 0.407961 0.282846
v 0.053265 0.407485 0.360585
v 0.125603 0.450511 0.194276
v -0.052291 0.469113 0.126934
v -0.124629 0.426088 0.293243
v 0.432335 0.390398 0.350319
v 0.505001 0.432369 0.183878
v 0.327282 0.453560 0.116861
v 0.254615 0.411589 0.283302
v 0.825314 0.117921 0.352520
v 0.848114 0.057254 0.178606
v 0.857105 0.233800 0.118988
v 0.834306 0.294467 0.292901
v 0.825314 0.092941 0.131357
v 0.848113 0.260410 0.052464
v 0.857105 0.339397 0.220191
v 0.834306 0.171928 0.299083
v 0.325817 -0.391949 0.350514
v 0.253823 -0.436025 0.184337
v 0.431852 -0.452037 0.116670
v 0.503845 -0.407961 0.282846
v -0.053265 -0.407485 0.360585
v -0.125603 -0.450511 0.194276
v 0.052291 -0.469113 0.126934
v 0.124629 -0.426088 0.293243
v -0.432335 -0.390398 0.350319
v -0.505001 -0.432369 0.183878
v -0.327282 -0.453560 0.116861
v -0.254615 -0.411589 0.283302
v -0.825311 0.355032 0.117082
v -0.848105 0.179879 0.056843
v -0.857109 0.119835 0.232139
v -0.834314 0.294988 0.292378
v -0.825311 0.132288 0.092283
v -0.848105 0.052832 0.258567
v -0.857109 0.221754 0.336995
v -0.834315 0.301210 0.170711
v -0.825314 -0.355032 -0.117086
v -0.848113 -0.179879 -0.056849
v -0.857105 -0.119836 -0.232146
v -0.834306 -0.294988 -0.292383
v -0.825311 -0.132288 -0.092283
v -0.848105 -0.052832 -0.258567
v -0.857109 -0.221754 -0.336995
v -0.834315 -0.301210 -0.170711
v -0.825314 -0.117921 0.352520
v -0.848114 -0.057254 0.178606
v -0.857105 -0.233800 0.118988
v -0.834306 -0.294467 0.292901
v -0.825311 -0.092940 0.131352
v -0.848105 -0.260409 0.052458
v -0.857109 -0.339397 0.220185
v -0.834315 -0.171928 0.299078
v -0.325817 -0.353012 0.389175
v -0.253823 -0.185651 0.432940
v -0.431852 -0.117502 0.448839
v -0.503845 -0.284862 0.405074
v 0.053265 -0.363155 0.404601
v 0.125603 -0.195661 0.447323
v -0.052291 -0.127839 0.465794
v -0.124629 -0.295333 0.423072
v 0.432335 -0.352816 0.387636
v 0.505001 -0.185189 0.429309
v 0.327282 -0.117694 0.450350
v 0.254615 -0.285321 0.408677
v 0.825314 -0.355032 0.117086
v 0.848113 -0.179879 0.056849
v 0.857105 -0.119836 0.232146
v 0.834306 -0.294988 0.292383
v 0.825311 -0.132288 0.092283
v 0.848105 -0.052832 0.258567
v 0.857109 -0.221754 0.336995
v 0.834315 -0.301210 0.170711
v 0.825314 -0.117921 -0.352519
v 0.848114 -0.057254 -0.178606
v 0.857105 -0.233800 -0.118988
v 0.834306 -0.294467 -0.292901
v 0.825311 -0.092940 -0.131352
v 0.848105 -0.260409 -0.052458
v 0.857109 -0.339397 -0.220185
v 0.834315 -0.171928 -0.299078
v 0.325817 -0.353012 -0.389175
v 0.253823 -0.185651 -0.432940
v 0.431852 -0.117501 -0.448839
v 0.503845 -0.284862 -0.405074
v -0.053265 -0.363154 -0.404601
v -0.125603 -0.195661 -0.447323
v 0.052291 -0.127839 -0.465794
v 0.124629 -0.295332 -0.423072
v -0.432335 -0.352816 -0.387636
v -0.505001 -0.185189 -0.429309
v -0.327282 -0.117694 -0.450350
v -0.254615 -0.285321 -0.408677
v -0.824945 -0.051778 -0.355504
v -0.847240 -0.122097 -0.185150
v -0.857473 0.050831 -0.116023
v -0.835177 0.121150 -0.286377
v -0.824945 -0.051778 0.094877
v -0.847240 -0.122097 0.265231
v -0.857473 0.050831 0.334358
v -0.835177 0.121150 0.164004
v 0.824945 -0.051778 0.355504
v 0.847240 -0.122097 0.185150
v 0.857473 0.050831 0.116023
v 0.835177 0.121150 0.286377
v 0.824945 -0.051778 -0.094877
v 0.847240 -0.122097 -0.265231
v 0.857473 0.050831 -0.334358
v 0.835177 0.121150 -0.164004
v -0.824944 0.358038 -0.051412
v -0.847240 0.186470 -0.121233
v -0.857473 0.116850 0.050472
v -0.835177 0.288418 0.120293
v -0.824944 -0.095553 -0.051412
v -0.847240 -0.267121 -0.121233
v -0.857473 -0.336741 0.050472
v -0.835177 -0.165173 0.120293
v 0.824944 -0.358038 -0.051412
v 0.847240 -0.186470 -0.121233
v 0.857473 -0.116850 0.050472
v 0.835177 -0.288418 0.120293
v 0.824944 0.095553 -0.051412
v 0.847240 0.267121 -0.121233
v 0.857473 0.336741 0.050472
v 0.835177 0.165173 0.120293
v -0.831929 0.219412 0.301857
v -0.886849 0.047844 0.251577
v -0.808481 -0.021776 0.406039
v -0.753561 0.149793 0.456319
v 0.778272 0.359055 0.370779
v 0.761287 0.197200 0.461676
v 0.859790 0.111016 0.327525
v 0.876775 0.272872 0.236629
v 0.831929 0.219412 -0.301857
v 0.886849 0.047844 -0.251577
v 0.808481 -0.021776 -0.406039
v 0.753561 0.149793 -0.456319
v -0.778291 -0.373414 -0.356513
v -0.761323 -0.464963 -0.195804
v -0.859791 -0.329834 -0.110228
v -0.876760 -0.238286 -0.270937
v 0.778291 -0.373414 0.356514
v 0.761323 -0.464963 0.195804
v 0.859791 -0.329834 0.110228
v 0.876760 -0.238286 0.270937
v -0.831933 0.304036 -0.217860
v -0.886870 0.253414 -0.047506
v -0.808450 0.408952 0.021622
v -0.753513 0.459574 -0.148733
v -0.778566 0.373314 0.356603
v -0.761563 0.464923 0.195932
v -0.859743 0.329678 0.110227
v -0.876746 0.238069 0.270899
v 0.831933 0.304036 0.217860
v 0.886870 0.253414 0.047506
v 0.808450 0.408952 -0.021622
v 0.753513 0.459574 0.148733
v 0.778566 0.373314 -0.356603
v 0.761563 0.464923 -0.195932
v 0.859743 0.329678 -0.110227
v 0.876746 0.238069 -0.270899
v 0.779634 -0.394254 0.217860
v 0.763544 -0.466155 0.047506
v 0.859793 -0.320384 -0.021622
v 0.875883 -0.248482 0.148733
v 0.832055 -0.284410 -0.346030
v 0.887702 -0.255268 -0.170997
v 0.807213 -0.416988 -0.120611
v 0.751566 -0.446130 -0.295644
v -0.779634 -0.394254 -0.217860
v -0.763544 -0.466155 -0.047506
v -0.859793 -0.320384 0.021622
v -0.875883 -0.248482 -0.148733
v -0.832055 -0.284410 0.346030
v -0.887702 -0.255268 0.170997
v -0.807213 -0.416988 0.120611
v -0.751566 -0.446130 0.295644
v -0.779634 0.219412 -0.391464
v -0.763544 0.047844 -0.462857
v -0.859793 -0.021776 -0.318117
v -0.875883 0.149793 -0.246724
v -0.779660 0.043072 -0.391453
v -0.763594 -0.128496 -0.462851
v -0.859794 -0.198116 -0.318081
v -0.875860 -0.026547 -0.246683
v -0.831933 0.043072 0.301884
v -0.886870 -0.128496 0.251620
v -0.808451 -0.198116 0.406058
v -0.753514 -0.026547 0.456322
v -0.778291 -0.359054 0.370772
v -0.761323 -0.197200 0.461673
v -0.859792 -0.111013 0.327500
v -0.876759 -0.272868 0.236599
v 0.779634 0.219412 0.391464
v 0.763544 0.047844 0.462857
v 0.859793 -0.021776 0.318117
v 0.875883 0.149793 0.246724
v 0.779660 0.043072 0.391453
v 0.763594 -0.128496 0.462851
v 0.859794 -0.198116 0.318081
v 0.875860 -0.026547 0.246683
v 0.831933 0.043072 -0.301884
v 0.886870 -0.128496 -0.251620
v 0.808451 -0.198116 -0.406058
v 0.753514 -0.026547 -0.456322
v 0.778291 -0.359054 -0.370772
v 0.761324 -0.197200 -0.461672
v 0.859792 -0.111013 -0.327500
v 0.876759 -0.272868 -0.236599
v -0.849370 0.164778 -0.318037
v -0.878758 0.327691 -0.232086
v -0.782167 0.415932 -0.366213
v -0.752779 0.253018 -0.452164
v -0.793081 0.407504 -0.174762
v -0.746025 0.439365 -0.351666
v -0.837426 0.283218 -0.402042
v -0.884483 0.251357 -0.225138
v -0.849294 0.319697 0.163502
v -0.878725 0.233397 0.325394
v -0.782825 0.369011 0.412909
v -0.753394 0.455311 0.251018
v -0.793352 0.175820 0.404236
v -0.746806 0.354010 0.436429
v -0.837744 0.404905 0.281186
v -0.884291 0.226715 0.248993
v 0.849370 0.164778 0.318037
v 0.878758 0.327691 0.232086
v 0.782167 0.415932 0.366213
v 0.752779 0.253018 0.452164
v 0.793082 0.407503 0.174762
v 0.746025 0.439365 0.351666
v 0.837426 0.283218 0.402042
v 0.884483 0.251357 0.225138
v 0.849294 0.319697 -0.163502
v 0.878725 0.233397 -0.325394
v 0.782825 0.369011 -0.412909
v 0.753394 0.455311 -0.251018
v 0.793352 0.175820 -0.404236
v 0.746806 0.354010 -0.436429
v 0.837744 0.404905 -0.281185
v 0.884291 0.226715 -0.248993
v -0.793449 -0.176228 -0.404503
v -0.746526 -0.354421 -0.436164
v -0.837472 -0.405044 -0.280838
v -0.884395 -0.226851 -0.249176
v -0.751461 -0.349827 -0.425497
v -0.759064 -0.457270 -0.274091
v -0.872484 -0.331659 -0.191516
v -0.864881 -0.224216 -0.342922
v -0.793447 -0.407386 0.174980
v -0.746527 -0.439273 0.351913
v -0.837474 -0.282839 0.402177
v -0.884394 -0.250953 0.225244
v -0.751462 -0.428529 0.347352
v -0.759065 -0.276045 0.454034
v -0.872484 -0.192881 0.329312
v -0.864881 -0.345366 0.222630
v 0.793449 -0.176228 0.404503
v 0.746526 -0.354421 0.436164
v 0.837472 -0.405044 0.280838
v 0.884395 -0.226851 0.249176
v 0.751461 -0.349827 0.425497
v 0.759064 -0.457270 0.274091
v 0.872484 -0.331659 0.191516
v 0.864881 -0.224216 0.342922
v 0.793447 -0.407386 -0.174980
v 0.746527 -0.439273 -0.351913
v 0.837474 -0.282839 -0.402177
v 0.884394 -0.250952 -0.225244
v 0.751462 -0.428529 -0.347352
v 0.759065 -0.276045 -0.454034
v 0.872484 -0.192881 -0.329312
v 0.864881 -0.345366 -0.222630
v -0.641948 0.226166 -0.464141
v -0.810812 0.160684 -0.404426
v -0.858438 0.331444 -0.345284
v -0.689574 0.396926 -0.404999
v -0.824295 0.170259 -0.372950
v -0.872394 0.336483 -0.302504
v -0.727422 0.415897 -0.395030
v -0.679323 0.249674 -0.465476
v -0.850230 0.364878 -0.284718
v -0.694204 0.450542 -0.351382
v -0.666457 0.309394 -0.469702
v -0.822483 0.223730 -0.403038
v -0.658167 0.424601 -0.375687
v -0.626673 0.266084 -0.468752
v -0.804021 0.208007 -0.427137
v -0.835514 0.366525 -0.334071
v -0.681630 0.360714 -0.406945
v -0.624722 0.196178 -0.475146
v -0.792911 0.120676 -0.426309
v -0.849819 0.285211 -0.358107
v -0.638739 0.134437 -0.470364
v -0.799692 0.059647 -0.401740
v -0.865536 0.230415 -0.362126
v -0.704583 0.305205 -0.430750
v -0.811576 0.092389 -0.365310
v -0.881320 0.259622 -0.317828
v -0.748231 0.342412 -0.423182
v -0.678487 0.175180 -0.470665
v -0.683423 0.220490 -0.429485
v -0.625974 0.048922 -0.477060
v -0.793195 -0.020698 -0.417652
v -0.850644 0.150870 -0.370077
v -0.638595 -0.051778 -0.467278
v -0.799580 -0.122097 -0.394206
v -0.865540 0.050831 -0.365521
v -0.704555 0.121150 -0.438593
v -0.811471 -0.042418 -0.353530
v -0.881566 0.129150 -0.325949
v -0.750405 0.198770 -0.442367
v -0.680310 0.027202 -0.469948
v -0.871121 0.328646 -0.222780
v -0.740396 0.449957 -0.160095
v -0.666453 0.464024 -0.330594
v -0.797178 0.342714 -0.393279
v -0.698513 0.449530 -0.173772
v -0.614276 0.450227 -0.340348
v -0.770221 0.370564 -0.414145
v -0.854458 0.369867 -0.247569
v -0.614597 0.413193 -0.383200
v -0.766604 0.315034 -0.440931
v -0.863854 0.367121 -0.289692
v -0.711846 0.465281 -0.231962
v -0.789545 0.306706 -0.418296
v -0.883071 0.325831 -0.257520
v -0.756533 0.455566 -0.204158
v -0.663006 0.436441 -0.364934
v -0.810454 0.335566 -0.350374
v -0.881664 0.330032 -0.178315
v -0.749171 0.453297 -0.123320
v -0.677960 0.458831 -0.295379
v -0.866633 0.333205 -0.124700
v -0.729669 0.447777 -0.061925
v -0.674623 0.482417 -0.236145
v -0.811586 0.367845 -0.298920
v -0.683155 0.442943 -0.099618
v -0.624254 0.468363 -0.274230
v -0.791634 0.401620 -0.336411
v -0.850535 0.376200 -0.161798
v -0.811471 0.356050 -0.218509
v -0.881566 0.328272 -0.048155
v -0.750405 0.445519 0.020972
v -0.680310 0.473297 -0.149382
v -0.866619 0.330017 0.051412
v -0.729517 0.440214 0.121233
v -0.674518 0.485903 -0.050472
v -0.811620 0.375707 -0.120293
v -0.683423 0.432546 0.041698
v -0.625974 0.480460 -0.128657
v -0.793195 0.420629 -0.197784
v -0.850644 0.372715 -0.027430
v -0.871207 0.224160 0.325905
v -0.740528 0.161554 0.446672
v -0.667303 0.333548 0.460761
v -0.797983 0.396155 0.339993
v -0.698720 0.175297 0.446308
v -0.614994 0.343300 0.447202
v -0.771028 0.417208 0.367882
v -0.854753 0.249204 0.366988
v -0.615471 0.386385 0.410522
v -0.767413 0.444101 0.312713
v -0.864319 0.291490 0.364175
v -0.712377 0.233774 0.461984
v -0.790291 0.421318 0.304400
v -0.883305 0.259083 0.323094
v -0.756900 0.205687 0.452175
v -0.663886 0.367923 0.433482
v -0.810964 0.352809 0.332955
v -0.881660 0.179324 0.327481
v -0.749168 0.124383 0.450074
v -0.678473 0.297868 0.455547
v -0.866614 0.125542 0.330821
v -0.729624 0.062302 0.444543
v -0.674642 0.237764 0.479036
v -0.811631 0.301003 0.365313
v -0.682978 0.100599 0.439794
v -0.624680 0.276637 0.465096
v -0.792208 0.338743 0.398692
v -0.850505 0.162705 0.373390
v -0.811478 0.220067 0.353503
v -0.881563 0.048498 0.325898
v -0.750443 -0.021122 0.442359
v -0.680358 0.150447 0.469963
v -0.866619 -0.051778 0.327682
v -0.729518 -0.122097 0.437099
v -0.674519 0.050831 0.482465
v -0.811620 0.121150 0.373048
v -0.683446 -0.041995 0.429491
v -0.626011 0.129573 0.477081
v -0.793215 0.199193 0.417629
v -0.850650 0.027625 0.370039
v 0.871121 0.328646 0.222780
v 0.740396 0.449957 0.160095
v 0.666453 0.464024 0.330594
v 0.797178 0.342713 0.393279
v 0.698513 0.449530 0.173772
v 0.614276 0.450226 0.340348
v 0.770221 0.370563 0.414145
v 0.854458 0.369867 0.247569
v 0.614597 0.413193 0.383200
v 0.766605 0.315034 0.440931
v 0.863854 0.367121 0.289692
v 0.711846 0.465281 0.231962
v 0.789545 0.306706 0.418296
v 0.883071 0.325831 0.257520
v 0.756533 0.455566 0.204158
v 0.663006 0.436441 0.364934
v 0.810454 0.335566 0.350374
v 0.881664 0.330032 0.178315
v 0.749171 0.453297 0.123320
v 0.677960 0.458831 0.295379
v 0.866633 0.333205 0.124700
v 0.729669 0.447777 0.061925
v 0.674623 0.482417 0.236145
v 0.811586 0.367845 0.298920
v 0.683155 0.442943 0.099618
v 0.624254 0.468363 0.274230
v 0.791634 0.401620 0.336411
v 0.850535 0.376200 0.161798
v 0.811471 0.356050 0.218509
v 0.881566 0.328272 0.048155
v 0.750405 0.445519 -0.020972
v 0.680310 0.473297 0.149382
v 0.866619 0.330017 -0.051412
v 0.729517 0.440214 -0.121233
v 0.674518 0.485903 0.050472
v 0.811620 0.375707 0.120293
v 0.683423 0.432546 -0.041698
v 0.625974 0.480460 0.128657
v 0.793195 0.420629 0.197784
v 0.850644 0.372715 0.027430
v 0.871207 0.224160 -0.325905
v 0.740528 0.161554 -0.446672
v 0.667303 0.333548 -0.460761
v 0.797983 0.396155 -0.339993
v 0.698719 0.175297 -0.446308
v 0.614994 0.343300 -0.447202
v 0.771028 0.417208 -0.367882
v 0.854753 0.249204 -0.366988
v 0.615471 0.386385 -0.410522
v 0.767413 0.444101 -0.312713
v 0.864319 0.291490 -0.364174
v 0.712377 0.233774 -0.461984
v 0.790291 0.421318 -0.304400
v 0.883305 0.259083 -0.323094
v 0.756900 0.205688 -0.452176
v 0.663886 0.367923 -0.433482
v 0.810964 0.352809 -0.332955
v 0.881660 0.179324 -0.327481
v 0.749168 0.124383 -0.450074
v 0.678473 0.297868 -0.455547
v 0.866614 0.125542 -0.330820
v 0.729624 0.062302 -0.444543
v 0.674642 0.237764 -0.479036
v 0.811631 0.301003 -0.365313
v 0.682978 0.100599 -0.439794
v 0.624680 0.276637 -0.465096
v 0.792207 0.338743 -0.398692
v 0.850505 0.162705 -0.373390
v 0.811478 0.220067 -0.353502
v 0.881563 0.048498 -0.325898
v 0.750443 -0.021121 -0.442359
v 0.680358 0.150447 -0.469963
v 0.866619 -0.051778 -0.327682
v 0.729517 -0.122097 -0.437099
v 0.674518 0.050831 -0.482465
v 0.811620 0.121150 -0.373048
v 0.683446 -0.041995 -0.429491
v 0.626010 0.129574 -0.477081
v 0.793215 0.199193 -0.417629
v 0.850650 0.027625 -0.370039
v -0.871239 -0.224277 -0.325953
v -0.740613 -0.161725 -0.446802
v -0.667245 -0.333680 -0.460670
v -0.797871 -0.396232 -0.339820
v -0.699101 -0.175476 -0.446443
v -0.614786 -0.343202 -0.447129
v -0.770502 -0.417500 -0.367587
v -0.854816 -0.249774 -0.366901
v -0.615127 -0.386458 -0.410207
v -0.766960 -0.444211 -0.312263
v -0.864184 -0.291938 -0.364152
v -0.712350 -0.234185 -0.462096
v -0.789697 -0.421537 -0.304151
v -0.883311 -0.259648 -0.323011
v -0.757172 -0.205990 -0.452227
v -0.663558 -0.367879 -0.433368
v -0.810962 -0.352810 -0.332964
v -0.881661 -0.179326 -0.327497
v -0.749157 -0.124382 -0.450076
v -0.678458 -0.297866 -0.455543
v -0.866614 -0.125542 -0.330820
v -0.729624 -0.062302 -0.444543
v -0.674642 -0.237764 -0.479036
v -0.811631 -0.301003 -0.365313
v -0.682973 -0.100599 -0.439792
v -0.624672 -0.276636 -0.465091
v -0.792203 -0.338743 -0.398698
v -0.850504 -0.162706 -0.373399
v -0.811478 -0.220067 -0.353503
v -0.881563 -0.048498 -0.325898
v -0.750443 0.021121 -0.442359
v -0.680358 -0.150447 -0.469963
v -0.683446 0.041995 -0.429491
v -0.626010 -0.129574 -0.477081
v -0.793215 -0.199193 -0.417629
v -0.850650 -0.027625 -0.370039
v 0.871239 -0.224277 0.325953
v 0.740613 -0.161725 0.446802
v 0.667245 -0.333680 0.460670
v 0.797871 -0.396232 0.339820
v 0.699101 -0.175476 0.446443
v 0.614786 -0.343202 0.447129
v 0.770502 -0.417500 0.367587
v 0.854816 -0.249774 0.366901
v 0.615127 -0.386458 0.410207
v 0.766960 -0.444211 0.312263
v 0.864184 -0.291938 0.364152
v 0.712350 -0.234185 0.462096
v 0.789697 -0.421537 0.304151
v 0.883311 -0.259648 0.323011
v 0.757172 -0.205990 0.452227
v 0.663558 -0.367879 0.433368
v 0.810962 -0.352810 0.332964
v 0.881661 -0.179327 0.327497
v 0.749157 -0.124382 0.450076
v 0.678458 -0.297866 0.455543
v 0.866614 -0.125542 0.330821
v 0.729624 -0.062302 0.444543
v 0.674642 -0.237764 0.479036
v 0.811631 -0.301003 0.365313
v 0.682973 -0.100599 0.439792
v 0.624672 -0.276636 0.465091
v 0.792203 -0.338743 0.398698
v 0.850504 -0.162706 0.373399
v 0.811478 -0.220067 0.353503
v 0.881563 -0.048498 0.325898
v 0.750443 0.021122 0.442359
v 0.680358 -0.150447 0.469963
v 0.866619 0.051778 0.327682
v 0.729517 0.122097 0.437099
v 0.674519 -0.050831 0.482465
v 0.811620 -0.121150 0.373048
v 0.683446 0.041995 0.429491
v 0.626011 -0.129573 0.477081
v 0.793215 -0.199193 0.417629
v 0.850650 -0.027625 0.370039
v -0.811478 0.356022 -0.042118
v -0.881563 0.328221 0.128236
v -0.750442 0.445512 0.197363
v -0.680357 0.473313 0.027009
v -0.866598 0.326647 0.227272
v -0.729587 0.432308 0.303845
v -0.674656 0.488863 0.135339
v -0.811667 0.383201 0.058766
v -0.683447 0.432551 0.218930
v -0.626011 0.480481 0.048576
v -0.793214 0.420606 -0.020552
v -0.850650 0.372676 0.149802
v -0.811365 0.367842 0.091692
v -0.881536 0.319825 0.257518
v -0.748832 0.426044 0.340156
v -0.678661 0.474061 0.174331
v -0.860508 0.309660 0.323203
v -0.715298 0.406074 0.397702
v -0.677807 0.482272 0.232399
v -0.823017 0.385859 0.157901
v -0.682284 0.409853 0.358436
v -0.624894 0.478574 0.195236
v -0.792789 0.429242 0.119752
v -0.850179 0.360521 0.282952
v 0.811478 0.356022 0.042118
v 0.881563 0.328221 -0.128236
v 0.750442 0.445512 -0.197363
v 0.680357 0.473313 -0.027009
v 0.866598 0.326647 -0.227272
v 0.729587 0.432308 -0.303845
v 0.674656 0.488863 -0.135339
v 0.811667 0.383201 -0.058766
v 0.683447 0.432551 -0.218930
v 0.626011 0.480481 -0.048576
v 0.793214 0.420606 0.020552
v 0.850650 0.372676 -0.149802
v 0.811365 0.367842 -0.091692
v 0.881536 0.319825 -0.257518
v 0.748832 0.426044 -0.340156
v 0.678661 0.474061 -0.174331
v 0.860508 0.309660 -0.323203
v 0.715298 0.406074 -0.397702
v 0.677807 0.482272 -0.232399
v 0.823017 0.385859 -0.157901
v 0.682284 0.409853 -0.358436
v 0.624894 0.478574 -0.195236
v 0.792789 0.429242 -0.119752
v 0.850179 0.360521 -0.282952
v 0.638595 -0.470608 -0.051412
v 0.799580 -0.397016 -0.121233
v 0.865540 -0.368126 0.050472
v 0.704555 -0.441719 0.120293
v 0.811471 -0.356050 -0.042118
v 0.881566 -0.328272 0.128236
v 0.750405 -0.445519 0.197363
v 0.680310 -0.473297 0.027009
v 0.866579 -0.326614 0.227315
v 0.729542 -0.432235 0.303899
v 0.674675 -0.488887 0.135406
v 0.811712 -0.383266 0.058822
v 0.683423 -0.432546 0.218930
v 0.625974 -0.480460 0.048576
v 0.793195 -0.420629 -0.020551
v 0.850644 -0.372714 0.149803
v 0.683446 -0.432552 0.041697
v 0.626011 -0.480481 -0.128657
v 0.793215 -0.420605 -0.197783
v 0.850650 -0.372676 -0.027429
v 0.638704 -0.467157 -0.236058
v 0.799611 -0.389135 -0.301145
v 0.865570 -0.371153 -0.127978
v 0.704663 -0.449175 -0.062892
v 0.811477 -0.356023 -0.218509
v 0.881563 -0.328221 -0.048156
v 0.750443 -0.445511 0.020972
v 0.680357 -0.473313 -0.149382
v 0.682974 -0.442926 -0.099886
v 0.624672 -0.468406 -0.274677
v 0.792202 -0.401540 -0.336347
v 0.850504 -0.376059 -0.161556
v 0.631628 -0.448904 -0.325965
v 0.785493 -0.363085 -0.396972
v 0.869527 -0.365592 -0.230318
v 0.715662 -0.451410 -0.159311
v 0.810962 -0.335336 -0.350313
v 0.881660 -0.329832 -0.178056
v 0.749156 -0.453285 -0.123503
v 0.678458 -0.458789 -0.295760
v -0.638595 -0.470608 0.051412
v -0.799580 -0.397016 0.121233
v -0.865540 -0.368126 -0.050472
v -0.704555 -0.441719 -0.120293
v -0.811471 -0.356050 0.042118
v -0.881566 -0.328272 -0.128236
v -0.750405 -0.445519 -0.197363
v -0.680310 -0.473297 -0.027009
v -0.866579 -0.326614 -0.227315
v -0.729542 -0.432235 -0.303899
v -0.674675 -0.488887 -0.135406
v -0.811712 -0.383266 -0.058822
v -0.683423 -0.432546 -0.218930
v -0.625974 -0.480460 -0.048576
v -0.793195 -0.420629 0.020551
v -0.850644 -0.372714 -0.149803
v -0.683446 -0.432552 -0.041697
v -0.626011 -0.480481 0.128657
v -0.793215 -0.420605 0.197783
v -0.850650 -0.372676 0.027429
v -0.638704 -0.467157 0.236058
v -0.799611 -0.389135 0.301145
v -0.865570 -0.371153 0.127978
v -0.704663 -0.449175 0.062892
v -0.811477 -0.356023 0.218509
v -0.881563 -0.328221 0.048156
v -0.750443 -0.445511 -0.020972
v -0.680357 -0.473313 0.149382
v -0.682974 -0.442926 0.099886
v -0.624672 -0.468406 0.274677
v -0.792202 -0.401540 0.336347
v -0.850504 -0.376059 0.161556
v -0.631628 -0.448904 0.325965
v -0.785493 -0.363085 0.396972
v -0.869527 -0.365592 0.230318
v -0.715662 -0.451410 0.159311
v -0.810962 -0.335336 0.350313
v -0.881660 -0.329832 0.178056
v -0.749156 -0.453285 0.123503
v -0.678458 -0.458789 0.295760
v -0.811471 0.042418 0.353530
v -0.881566 -0.129151 0.325950
v -0.750404 -0.198769 0.442368
v -0.680310 -0.027200 0.469948
v -0.866580 -0.228935 0.324305
v -0.729542 -0.306065 0.429177
v -0.674675 -0.136371 0.485428
v -0.811712 -0.059241 0.380555
v -0.683425 -0.220491 0.429484
v -0.625975 -0.048923 0.477060
v -0.793195 0.020698 0.417652
v -0.850645 -0.150869 0.370076
v 0.641948 0.226166 0.464141
v 0.810812 0.160684 0.404426
v 0.858438 0.331444 0.345284
v 0.689574 0.396926 0.404999
v 0.824295 0.170260 0.372950
v 0.872394 0.336483 0.302504
v 0.727422 0.415897 0.395029
v 0.679323 0.249674 0.465476
v 0.850230 0.364877 0.284718
v 0.694204 0.450542 0.351382
v 0.666457 0.309394 0.469702
v 0.822483 0.223730 0.403038
v 0.658167 0.424601 0.375686
v 0.626673 0.266084 0.468752
v 0.804021 0.208008 0.427137
v 0.835514 0.366525 0.334071
v 0.681631 0.360714 0.406945
v 0.624723 0.196178 0.475146
v 0.792911 0.120676 0.426308
v 0.849819 0.285211 0.358107
v 0.638739 0.134437 0.470364
v 0.799692 0.059647 0.401740
v 0.865536 0.230415 0.362126
v 0.704583 0.305205 0.430750
v 0.811576 0.092389 0.365310
v 0.881320 0.259622 0.317828
v 0.748231 0.342412 0.423183
v 0.678487 0.175179 0.470665
v 0.683423 0.220490 0.429485
v 0.625975 0.048922 0.477060
v 0.793195 -0.020698 0.417652
v 0.850644 0.150870 0.370077
v 0.811471 -0.042418 0.353530
v 0.881566 0.129150 0.325949
v 0.750405 0.198770 0.442367
v 0.680310 0.027202 0.469948
v 0.811471 0.042418 -0.353530
v 0.881566 -0.129151 -0.325950
v 0.750404 -0.198769 -0.442368
v 0.680310 -0.027200 -0.469948
v 0.866580 -0.228935 -0.324305
v 0.729542 -0.306065 -0.429177
v 0.674675 -0.136371 -0.485428
v 0.811712 -0.059241 -0.380555
v 0.683425 -0.220491 -0.429484
v 0.625975 -0.048923 -0.477060
v 0.793195 0.020699 -0.417653
v 0.850645 -0.150869 -0.370077
v -0.641918 -0.467401 -0.224448
v -0.810728 -0.407176 -0.159376
v -0.858496 -0.347836 -0.328967
v -0.689687 -0.408061 -0.394040
v -0.823938 -0.375542 -0.168629
v -0.872680 -0.304839 -0.333604
v -0.727949 -0.398058 -0.412829
v -0.679206 -0.468760 -0.247853
v -0.850509 -0.286971 -0.362097
v -0.694677 -0.354370 -0.447283
v -0.666649 -0.473150 -0.306866
v -0.822481 -0.405751 -0.221679
v -0.658714 -0.378601 -0.421663
v -0.626597 -0.472054 -0.264223
v -0.803769 -0.430168 -0.206040
v -0.835886 -0.336714 -0.363480
v -0.681637 -0.409846 -0.358162
v -0.624731 -0.478537 -0.194791
v -0.792915 -0.429341 -0.119821
v -0.849821 -0.360650 -0.283191
v -0.811577 -0.367906 -0.091734
v -0.881319 -0.320076 -0.257782
v -0.748244 -0.426195 -0.339989
v -0.678502 -0.474025 -0.173942
v 0.641918 -0.467401 0.224448
v 0.810728 -0.407176 0.159376
v 0.858496 -0.347836 0.328967
v 0.689687 -0.408061 0.394040
v 0.823938 -0.375542 0.168629
v 0.872680 -0.304839 0.333604
v 0.727949 -0.398058 0.412829
v 0.679206 -0.468760 0.247853
v 0.850509 -0.286971 0.362097
v 0.694677 -0.354370 0.447283
v 0.666649 -0.473150 0.306866
v 0.822481 -0.405751 0.221679
v 0.658714 -0.378601 0.421663
v 0.626597 -0.472054 0.264223
v 0.803769 -0.430168 0.206040
v 0.835886 -0.336714 0.363480
v 0.681637 -0.409846 0.358162
v 0.624731 -0.478537 0.194791
v 0.792915 -0.429341 0.119821
v 0.849821 -0.360650 0.283191
v 0.811577 -0.367906 0.091734
v 0.881319 -0.320076 0.257782
v 0.748244 -0.426195 0.339989
v 0.678502 -0.474025 0.173942
v -0.824344 0.375265 0.168950
v -0.872842 0.304289 0.333876
v -0.728373 0.397849 0.413151
v -0.679875 0.468826 0.248224
v -0.850721 0.286442 0.362086
v -0.695129 0.353966 0.447584
v -0.667243 0.473167 0.307492
v -0.822835 0.405643 0.221994
v -0.659010 0.378489 0.422023
v -0.627195 0.472205 0.264680
v -0.804294 0.429983 0.206526
v -0.836108 0.336267 0.363870
v 0.824344 0.375265 -0.168950
v 0.872842 0.304289 -0.333876
v 0.728374 0.397849 -0.413151
v 0.679875 0.468826 -0.248224
v 0.850721 0.286442 -0.362086
v 0.695129 0.353966 -0.447584
v 0.667243 0.473167 -0.307492
v 0.822835 0.405643 -0.221994
v 0.659010 0.378489 -0.422023
v 0.627195 0.472205 -0.264680
v 0.804294 0.429983 -0.206526
v 0.836108 0.336267 -0.363870
v 0.699101 -0.449625 -0.174234
v 0.614786 -0.450315 -0.340774
v 0.770502 -0.370206 -0.414546
v 0.854816 -0.369516 -0.248007
v 0.615127 -0.413131 -0.383723
v 0.766960 -0.314488 -0.441068
v 0.864184 -0.366747 -0.289872
v 0.712350 -0.465390 -0.232528
v 0.789697 -0.306319 -0.418554
v 0.883311 -0.325312 -0.257810
v 0.757172 -0.455450 -0.204532
v 0.663558 -0.436457 -0.365276
v -0.699101 -0.449625 0.174234
v -0.614786 -0.450315 0.340774
v -0.770502 -0.370206 0.414546
v -0.854816 -0.369516 0.248007
v -0.615127 -0.413131 0.383723
v -0.766960 -0.314488 0.441068
v -0.864184 -0.366747 0.289872
v -0.712350 -0.465390 0.232528
v -0.789697 -0.306319 0.418554
v -0.883311 -0.325312 0.257810
v -0.757172 -0.455450 0.204532
v -0.663558 -0.436457 0.365276
v -0.811576 -0.092388 0.365305
v -0.881319 -0.259618 0.317812
v -0.748244 -0.342414 0.423178
v -0.678501 -0.175184 0.470672
v -0.860117 -0.325594 0.307970
v -0.714438 -0.400039 0.403486
v -0.677285 -0.233328 0.478799
v -0.822964 -0.158882 0.383283
v -0.681635 -0.360713 0.406947
v -0.624733 -0.196177 0.475151
v -0.792919 -0.120676 0.426302
v -0.849821 -0.285212 0.358098
v -0.823938 -0.169830 0.372884
v -0.872680 -0.335982 0.302682
v -0.727949 -0.415771 0.395241
v -0.679206 -0.249620 0.465443
v -0.850509 -0.364677 0.284941
v -0.694677 -0.450471 0.351862
v -0.666649 -0.309053 0.469802
v -0.822481 -0.223259 0.402880
v -0.658714 -0.424668 0.375922
v -0.626597 -0.266106 0.468714
v -0.803770 -0.207508 0.427123
v -0.835886 -0.366071 0.334332
v 0.811576 -0.092388 -0.365305
v 0.881319 -0.259618 -0.317812
v 0.748244 -0.342414 -0.423178
v 0.678501 -0.175184 -0.470672
v 0.860117 -0.325593 -0.307969
v 0.714438 -0.400039 -0.403486
v 0.677285 -0.233328 -0.478799
v 0.822964 -0.158882 -0.383283
v 0.681635 -0.360713 -0.406947
v 0.624733 -0.196177 -0.475151
v 0.792919 -0.120676 -0.426302
v 0.849821 -0.285212 -0.358098
v 0.823938 -0.169830 -0.372884
v 0.872680 -0.335982 -0.302682
v 0.727949 -0.415771 -0.395241
v 0.679206 -0.249620 -0.465443
v 0.850509 -0.364677 -0.284941
v 0.694676 -0.450471 -0.351862
v 0.666649 -0.309053 -0.469802
v 0.822481 -0.223259 -0.402880
v 0.658714 -0.424668 -0.375922
v 0.626597 -0.266106 -0.468714
v 0.803770 -0.207508 -0.427123
v 0.835886 -0.366071 -0.334332
v -0.672899 0.464303 -0.276726
v -0.613143 0.374925 -0.428898
v -0.783134 0.288974 -0.441316
v -0.842890 0.378352 -0.289143
v -0.803757 0.233640 -0.416278
v -0.876434 0.340408 -0.281374
v -0.733491 0.462765 -0.305104
v -0.660814 0.355997 -0.440008
v -0.804230 0.419082 0.231825
v -0.876819 0.283009 0.337631
v -0.734322 0.307317 0.459528
v -0.661733 0.443390 0.353722
v -0.673563 0.278887 0.461205
v -0.613957 0.432275 0.372591
v -0.783775 0.444406 0.286875
v -0.843381 0.291017 0.375488
v 0.672899 0.464303 0.276726
v 0.613143 0.374925 0.428898
v 0.783134 0.288974 0.441316
v 0.842890 0.378352 0.289143
v 0.803757 0.233640 0.416278
v 0.876434 0.340408 0.281374
v 0.733491 0.462765 0.305104
v 0.660814 0.355997 0.440008
v 0.804230 0.419082 -0.231825
v 0.876819 0.283008 -0.337630
v 0.734322 0.307316 -0.459528
v 0.661733 0.443390 -0.353722
v 0.673563 0.278887 -0.461205
v 0.613957 0.432276 -0.372591
v 0.783775 0.444406 -0.286875
v 0.843381 0.291017 -0.375488
v -0.673557 -0.279217 -0.461156
v -0.613451 -0.432214 -0.372191
v -0.783182 -0.444595 -0.286351
v -0.843288 -0.291597 -0.375316
v -0.803638 -0.419252 -0.231453
v -0.876736 -0.283625 -0.337498
v -0.734205 -0.307713 -0.459402
v -0.661107 -0.443340 -0.353358
v -0.673557 -0.464443 0.277241
v -0.613451 -0.374844 0.429156
v -0.783182 -0.288392 0.441449
v -0.843288 -0.377991 0.289534
v -0.803638 -0.233103 0.416285
v -0.876736 -0.339903 0.281618
v -0.734205 -0.462676 0.305536
v -0.661107 -0.355876 0.440203
v 0.673556 -0.279217 0.461156
v 0.613451 -0.432214 0.372191
v 0.783182 -0.444595 0.286351
v 0.843288 -0.291597 0.375316
v 0.803638 -0.419252 0.231453
v 0.876736 -0.283625 0.337498
v 0.734205 -0.307713 0.459402
v 0.661107 -0.443340 0.353358
v 0.673557 -0.464443 -0.277241
v 0.613451 -0.374844 -0.429156
v 0.783182 -0.288392 -0.441449
v 0.843288 -0.377991 -0.289534
v 0.803638 -0.233103 -0.416285
v 0.876736 -0.339903 -0.281618
v 0.734205 -0.462676 -0.305536
v 0.661107 -0.355876 -0.440203
v -0.869273 0.327429 -0.256619
v -0.755694 0.397661 -0.388821
v -0.740442 0.228272 -0.465333
v -0.854021 0.158040 -0.333130
v -0.697515 0.134267 -0.468745
v -0.831803 0.056956 -0.360737
v -0.887190 0.226698 -0.305107
v -0.752903 0.304009 -0.413115
v -0.838279 0.323979 -0.355120
v -0.672758 0.402425 -0.407729
v -0.613150 0.238182 -0.474461
v -0.778671 0.159736 -0.421852
v -0.582478 0.133521 -0.455855
v -0.757970 0.061577 -0.432100
v -0.829463 0.233507 -0.410792
v -0.653971 0.305450 -0.434546
v -0.579316 0.431591 -0.329434
v -0.752328 0.387916 -0.397196
v -0.830092 0.415901 -0.230005
v -0.657080 0.459575 -0.162243
v -0.841147 0.383939 -0.127876
v -0.678491 0.458275 -0.062586
v -0.612769 0.476687 -0.235792
v -0.775425 0.402351 -0.301082
v -0.686855 0.451929 -0.320796
v -0.811744 0.332143 -0.396173
v -0.893259 0.306564 -0.230271
v -0.768370 0.426350 -0.154895
v -0.877548 0.276844 -0.121108
v -0.776486 0.423298 -0.060304
v -0.736371 0.470841 -0.235322
v -0.837434 0.324387 -0.296125
v -0.580046 0.332492 0.428696
v -0.753149 0.400322 0.385028
v -0.830532 0.231746 0.412650
v -0.657429 0.163917 0.456317
v -0.841139 0.128752 0.381199
v -0.678473 0.062983 0.454976
v -0.612776 0.237424 0.473341
v -0.775443 0.303192 0.399565
v -0.687675 0.323812 0.448683
v -0.812541 0.398987 0.329262
v -0.893250 0.231521 0.303947
v -0.768383 0.156346 0.423368
v -0.877527 0.121934 0.274868
v -0.776436 0.060684 0.420262
v -0.736393 0.236947 0.467531
v -0.837484 0.298197 0.322137
v 0.579315 0.431590 0.329434
v 0.752328 0.387917 0.397196
v 0.830092 0.415901 0.230005
v 0.657080 0.459575 0.162243
v 0.841147 0.383939 0.127876
v 0.678491 0.458275 0.062586
v 0.612769 0.476687 0.235792
v 0.775425 0.402351 0.301082
v 0.686856 0.451930 0.320796
v 0.811744 0.332143 0.396173
v 0.893259 0.306563 0.230271
v 0.768371 0.426350 0.154895
v 0.877548 0.276844 0.121108
v 0.776486 0.423298 0.060304
v 0.736371 0.470841 0.235322
v 0.837434 0.324387 0.296125
v 0.580046 0.332492 -0.428696
v 0.753149 0.400322 -0.385028
v 0.830532 0.231746 -0.412650
v 0.657429 0.163917 -0.456317
v 0.841139 0.128752 -0.381200
v 0.678473 0.062983 -0.454976
v 0.612776 0.237424 -0.473341
v 0.775443 0.303192 -0.399565
v 0.687675 0.323812 -0.448683
v 0.812541 0.398987 -0.329261
v 0.893250 0.231521 -0.303947
v 0.768383 0.156346 -0.423368
v 0.877527 0.121934 -0.274868
v 0.776436 0.060684 -0.420262
v 0.736393 0.236947 -0.467531
v 0.837484 0.298197 -0.322137
v -0.580026 -0.332552 -0.428626
v -0.753106 -0.400388 -0.384881
v -0.830545 -0.231865 -0.412678
v -0.657465 -0.164030 -0.456423
v -0.841139 -0.128752 -0.381200
v -0.678473 -0.062983 -0.454976
v -0.612776 -0.237424 -0.473341
v -0.775443 -0.303192 -0.399565
v -0.687593 -0.323907 -0.448613
v -0.812367 -0.399097 -0.329110
v -0.893289 -0.231699 -0.303985
v -0.768516 -0.156510 -0.423488
v -0.877527 -0.121934 -0.274868
v -0.776436 -0.060684 -0.420262
v -0.736393 -0.236947 -0.467531
v -0.837484 -0.298197 -0.322137
v 0.580027 -0.332552 0.428626
v 0.753106 -0.400388 0.384881
v 0.830545 -0.231865 0.412678
v 0.657465 -0.164030 0.456423
v 0.841139 -0.128752 0.381199
v 0.678473 -0.062983 0.454976
v 0.612776 -0.237424 0.473341
v 0.775443 -0.303192 0.399565
v 0.687593 -0.323907 0.448613
v 0.812367 -0.399097 0.329110
v 0.893289 -0.231700 0.303985
v 0.768516 -0.156510 0.423488
v 0.877527 -0.121934 0.274868
v 0.776436 -0.060684 0.420262
v 0.736393 -0.236947 0.467531
v 0.837484 -0.298197 0.322137
v -0.582406 0.455948 -0.051412
v -0.757893 0.427575 -0.121233
v -0.829443 0.417165 0.050472
v -0.653956 0.445538 0.120293
v -0.841125 0.377358 0.230458
v -0.678438 0.442756 0.304517
v -0.612791 0.483152 0.135003
v -0.775478 0.417754 0.060944
v -0.697374 0.469079 -0.051412
v -0.831781 0.355788 -0.121233
v -0.887203 0.310585 0.050472
v -0.752797 0.423876 0.120293
v -0.877575 0.270361 0.223694
v -0.776550 0.408009 0.302248
v -0.736345 0.477212 0.134524
v -0.837370 0.339564 0.055970
v 0.582406 0.455948 0.051412
v 0.757893 0.427575 0.121233
v 0.829443 0.417165 -0.050472
v 0.653956 0.445538 -0.120293
v 0.841125 0.377358 -0.230458
v 0.678438 0.442756 -0.304517
v 0.612791 0.483152 -0.135003
v 0.775478 0.417754 -0.060944
v 0.697374 0.469079 0.051412
v 0.831781 0.355788 0.121233
v 0.887203 0.310585 -0.050472
v 0.752797 0.423876 -0.120293
v 0.877575 0.270361 -0.223694
v 0.776550 0.408009 -0.302248
v 0.736345 0.477212 -0.134524
v 0.837370 0.339564 -0.055970
v 0.877605 -0.273622 0.051412
v 0.776402 -0.415844 0.121233
v 0.736219 -0.474325 -0.050472
v 0.837421 -0.332103 -0.120293
v 0.697543 -0.465604 -0.235903
v 0.831867 -0.348018 -0.298496
v 0.887163 -0.313651 -0.124296
v 0.752839 -0.431236 -0.061703
v 0.841117 -0.380770 0.051412
v 0.678401 -0.450674 0.121233
v 0.612713 -0.480144 -0.050472
v 0.775429 -0.410240 -0.120293
v 0.582456 -0.452524 -0.235158
v 0.757917 -0.419661 -0.303073
v 0.829486 -0.420184 -0.131066
v 0.654025 -0.453047 -0.063150
v -0.877605 -0.273622 -0.051412
v -0.776402 -0.415844 -0.121233
v -0.736219 -0.474325 0.050472
v -0.837421 -0.332103 0.120293
v -0.697543 -0.465604 0.235903
v -0.831867 -0.348018 0.298496
v -0.887163 -0.313651 0.124296
v -0.752839 -0.431236 0.061703
v -0.841117 -0.380770 -0.051412
v -0.678401 -0.450674 -0.121233
v -0.612713 -0.480144 0.050472
v -0.775429 -0.410240 0.120293
v -0.582456 -0.452524 0.235158
v -0.757917 -0.419661 0.303073
v -0.829486 -0.420184 0.131066
v -0.654025 -0.453047 0.063150
v -0.841117 -0.051778 0.378076
v -0.678401 -0.122097 0.447485
v -0.612713 0.050831 0.476746
v -0.775429 0.121150 0.407337
v -0.877605 -0.051778 0.271686
v -0.776403 -0.122097 0.412902
v -0.736219 0.050831 0.470969
v -0.837421 0.121150 0.329753
v 0.869273 0.327429 0.256619
v 0.755694 0.397661 0.388821
v 0.740442 0.228272 0.465333
v 0.854021 0.158040 0.333130
v 0.697515 0.134267 0.468745
v 0.831803 0.056956 0.360737
v 0.887190 0.226698 0.305107
v 0.752903 0.304009 0.413115
v 0.838279 0.323979 0.355120
v 0.672758 0.402425 0.407729
v 0.613150 0.238181 0.474461
v 0.778671 0.159736 0.421852
v 0.582479 0.133521 0.455855
v 0.757970 0.061577 0.432100
v 0.829463 0.233507 0.410791
v 0.653971 0.305450 0.434547
v 0.841117 -0.051778 -0.378076
v 0.678401 -0.122097 -0.447485
v 0.612713 0.050831 -0.476746
v 0.775429 0.121150 -0.407337
v 0.877605 -0.051778 -0.271685
v 0.776403 -0.122097 -0.412902
v 0.736219 0.050831 -0.470969
v 0.837421 0.121150 -0.329753
v -0.869355 -0.258518 -0.325017
v -0.755870 -0.391746 -0.394738
v -0.740403 -0.468610 -0.226479
v -0.853889 -0.335382 -0.156758
v -0.697515 -0.472086 -0.133316
v -0.831803 -0.363308 -0.056553
v -0.887190 -0.307281 -0.225094
v -0.752902 -0.416060 -0.301857
v -0.838299 -0.357721 -0.321627
v -0.672801 -0.410784 -0.399511
v -0.613138 -0.477814 -0.236377
v -0.778635 -0.424751 -0.158493
v -0.582478 -0.459104 -0.132576
v -0.757970 -0.435179 -0.061142
v -0.829463 -0.413719 -0.231854
v -0.653971 -0.437643 -0.303289
v 0.869355 -0.258518 0.325017
v 0.755869 -0.391746 0.394738
v 0.740404 -0.468610 0.226479
v 0.853889 -0.335382 0.156758
v 0.697515 -0.472086 0.133316
v 0.831803 -0.363308 0.056553
v 0.887190 -0.307281 0.225094
v 0.752902 -0.416060 0.301857
v 0.838299 -0.357721 0.321627
v 0.672801 -0.410784 0.399511
v 0.613138 -0.477814 0.236377
v 0.778635 -0.424751 0.158493
v 0.582478 -0.459104 0.132576
v 0.757970 -0.435179 0.061142
v 0.829463 -0.413719 0.231854
v 0.653971 -0.437643 0.303289
v -0.869540 0.257886 0.324733
v -0.756662 0.391215 0.395177
v -0.740897 0.468627 0.227192
v -0.853775 0.335298 0.156748
v -0.838846 0.357339 0.321776
v -0.673630 0.410636 0.400059
v -0.613728 0.477928 0.237113
v -0.778944 0.424630 0.158830
v 0.869540 0.257886 -0.324733
v 0.756662 0.391215 -0.395177
v 0.740897 0.468627 -0.227192
v 0.853775 0.335298 -0.156748
v 0.838846 0.357339 -0.321776
v 0.673630 0.410636 -0.400059
v 0.613728 0.477928 -0.237113
v 0.778944 0.424630 -0.158830
v 0.580027 -0.431680 -0.330199
v 0.753106 -0.387624 -0.397554
v 0.830545 -0.415619 -0.230225
v 0.657465 -0.459676 -0.162869
v 0.687595 -0.451811 -0.321615
v 0.812367 -0.331455 -0.396273
v 0.893289 -0.306150 -0.230060
v 0.768517 -0.426506 -0.155402
v -0.580026 -0.431680 0.330199
v -0.753106 -0.387624 0.397554
v -0.830545 -0.415619 0.230225
v -0.657465 -0.459676 0.162869
v -0.687595 -0.451811 0.321615
v -0.812367 -0.331455 0.396273
v -0.893289 -0.306150 0.230060
v -0.768517 -0.426506 0.155402
v -0.697374 -0.051778 -0.465759
v -0.831781 -0.122097 -0.353270
v -0.887204 0.050831 -0.308388
v -0.752797 0.121150 -0.420876
v -0.582406 -0.051778 -0.452721
v -0.757893 -0.122097 -0.424549
v -0.829443 0.050831 -0.414214
v -0.653956 0.121150 -0.442386
v -0.841118 -0.232133 0.374661
v -0.678420 -0.306729 0.439562
v -0.612800 -0.136017 0.479754
v -0.775497 -0.061421 0.414853
v -0.877553 -0.225322 0.268426
v -0.776500 -0.304447 0.405075
v -0.736366 -0.135537 0.473850
v -0.837419 -0.056413 0.337201
v -0.869355 -0.327333 0.256689
v -0.755869 -0.397551 0.388974
v -0.740403 -0.228093 0.465294
v -0.853889 -0.157875 0.333009
v -0.838299 -0.323919 0.355190
v -0.672801 -0.402358 0.407877
v -0.613138 -0.238062 0.474433
v -0.778636 -0.159622 0.421745
v 0.697374 -0.051778 0.465759
v 0.831781 -0.122097 0.353270
v 0.887204 0.050831 0.308388
v 0.752797 0.121150 0.420877
v 0.582406 -0.051778 0.452721
v 0.757893 -0.122097 0.424549
v 0.829443 0.050831 0.414213
v 0.653956 0.121150 0.442386
v 0.841118 -0.232133 -0.374661
v 0.678420 -0.306729 -0.439562
v 0.612799 -0.136017 -0.479754
v 0.775497 -0.061421 -0.414854
v 0.877553 -0.225323 -0.268426
v 0.776501 -0.304446 -0.405075
v 0.736367 -0.135537 -0.473850
v 0.837419 -0.056413 -0.337201
v 0.869355 -0.327333 -0.256689
v 0.755869 -0.397551 -0.388974
v 0.740403 -0.228093 -0.465294
v 0.853889 -0.157875 -0.333009
v 0.838299 -0.323919 -0.355190
v 0.672801 -0.402358 -0.407877
v 0.613138 -0.238062 -0.474433
v 0.778636 -0.159622 -0.421745
v -0.577333 0.381623 -0.399390
v -0.757742 0.331328 -0.438672
v -0.819436 0.420265 -0.286967
v -0.639028 0.470559 -0.247685
v -0.571266 0.315146 -0.434245
v -0.743436 0.236433 -0.459440
v -0.825392 0.374509 -0.362979
v -0.653223 0.453223 -0.337784
v -0.848073 0.377702 -0.235588
v -0.716046 0.445693 -0.352043
v -0.736457 0.295347 -0.460142
v -0.868485 0.227356 -0.343687
v -0.663414 0.428663 -0.368434
v -0.772785 0.295744 -0.444566
v -0.891152 0.303084 -0.298783
v -0.781781 0.436003 -0.222650
v -0.839364 0.334994 0.352723
v -0.678370 0.345650 0.453221
v -0.601338 0.459327 0.326374
v -0.762332 0.448671 0.225876
v -0.848397 0.236946 0.374743
v -0.716979 0.354601 0.442721
v -0.737185 0.463442 0.293393
v -0.868604 0.345786 0.225414
v -0.664308 0.371437 0.425846
v -0.773542 0.447713 0.293534
v -0.891403 0.300491 0.300510
v -0.782169 0.224215 0.432821
v -0.578209 0.402708 0.379169
v -0.758613 0.441865 0.328903
v -0.820115 0.288932 0.417085
v -0.639711 0.249775 0.467351
v 0.577333 0.381623 0.399390
v 0.757742 0.331328 0.438672
v 0.819436 0.420265 0.286967
v 0.639028 0.470559 0.247685
v 0.571267 0.315147 0.434245
v 0.743436 0.236433 0.459440
v 0.825392 0.374509 0.362979
v 0.653223 0.453223 0.337784
v 0.848073 0.377702 0.235588
v 0.716046 0.445693 0.352043
v 0.736457 0.295347 0.460142
v 0.868485 0.227356 0.343687
v 0.663414 0.428663 0.368433
v 0.772785 0.295744 0.444566
v 0.891152 0.303084 0.298783
v 0.781781 0.436003 0.222650
v 0.839364 0.334994 -0.352723
v 0.678370 0.345650 -0.453221
v 0.601338 0.459327 -0.326374
v 0.762332 0.448671 -0.225876
v 0.848397 0.236945 -0.374743
v 0.716979 0.354601 -0.442721
v 0.737185 0.463442 -0.293393
v 0.868604 0.345786 -0.225414
v 0.664308 0.371437 -0.425846
v 0.773542 0.447713 -0.293534
v 0.891403 0.300491 -0.300510
v 0.782169 0.224215 -0.432821
v 0.578209 0.402708 -0.379169
v 0.758613 0.441865 -0.328903
v 0.820115 0.288932 -0.417085
v 0.639711 0.249774 -0.467351
v -0.663957 -0.371573 -0.425567
v -0.773020 -0.447823 -0.293109
v -0.891288 -0.300929 -0.300461
v -0.782225 -0.224678 -0.432919
v -0.577872 -0.402707 -0.378842
v -0.758232 -0.441964 -0.328503
v -0.819923 -0.289327 -0.417067
v -0.639563 -0.250069 -0.467405
v -0.571497 -0.437456 -0.312789
v -0.743566 -0.462614 -0.234358
v -0.825691 -0.365795 -0.371594
v -0.653622 -0.340638 -0.450025
v -0.848381 -0.237510 -0.374862
v -0.716581 -0.354995 -0.442440
v -0.736609 -0.463503 -0.292850
v -0.868410 -0.346017 -0.225272
v -0.663957 -0.428600 0.368943
v -0.773020 -0.295198 0.444654
v -0.891288 -0.302603 0.298799
v -0.782225 -0.436004 0.223088
v -0.577872 -0.381542 0.399857
v -0.758232 -0.330845 0.438837
v -0.819923 -0.420039 0.287279
v -0.639563 -0.470736 0.248300
v -0.571497 -0.315018 0.434361
v -0.743566 -0.236028 0.459340
v -0.825691 -0.374242 0.363206
v -0.653622 -0.453232 0.338227
v -0.848381 -0.377533 0.235829
v -0.716581 -0.445593 0.352483
v -0.736609 -0.294937 0.460223
v -0.868410 -0.226877 0.343568
v 0.663957 -0.371573 0.425567
v 0.773020 -0.447823 0.293109
v 0.891288 -0.300929 0.300461
v 0.782225 -0.224678 0.432919
v 0.577872 -0.402707 0.378842
v 0.758232 -0.441964 0.328503
v 0.819923 -0.289327 0.417066
v 0.639564 -0.250069 0.467405
v 0.571497 -0.437456 0.312789
v 0.743566 -0.462614 0.234358
v 0.825691 -0.365795 0.371594
v 0.653622 -0.340638 0.450025
v 0.848381 -0.237510 0.374862
v 0.716581 -0.354995 0.442440
v 0.736609 -0.463503 0.292850
v 0.868410 -0.346017 0.225272
v 0.663957 -0.428600 -0.368943
v 0.773020 -0.295198 -0.444654
v 0.891288 -0.302603 -0.298799
v 0.782225 -0.436004 -0.223088
v 0.577872 -0.381542 -0.399857
v 0.758232 -0.330845 -0.438837
v 0.819923 -0.420039 -0.287279
v 0.639563 -0.470736 -0.248300
v 0.571497 -0.315018 -0.434361
v 0.743566 -0.236028 -0.459340
v 0.825691 -0.374242 -0.363206
v 0.653621 -0.453232 -0.338227
v 0.848381 -0.377533 -0.235829
v 0.716581 -0.445593 -0.352483
v 0.736609 -0.294937 -0.460223
v 0.868410 -0.226877 -0.343568
v -0.329576 0.421395 0.051412
v -0.154280 0.450859 0.121233
v -0.083201 0.463967 -0.050472
v -0.258497 0.434503 -0.120293
v -0.083892 0.431101 0.040214
v -0.012081 0.454391 -0.130138
v -0.190161 0.460345 -0.199271
v -0.261972 0.437056 -0.028919
v -0.061002 0.429864 -0.237459
v -0.239746 0.439119 -0.304612
v -0.308231 0.457032 -0.132354
v -0.129487 0.447778 -0.065201
v -0.305462 0.421219 -0.219189
v -0.379188 0.437975 -0.048842
v -0.202435 0.459859 0.020304
v -0.128709 0.443104 -0.150043
v -0.305491 0.421217 -0.041439
v -0.379179 0.437975 0.128923
v -0.202411 0.459861 0.198032
v -0.128723 0.443103 0.027670
v -0.330675 0.417916 0.231527
v -0.156886 0.442790 0.306434
v -0.082318 0.467042 0.137323
v -0.256107 0.442167 0.062415
v -0.083882 0.431101 0.220414
v -0.012084 0.454391 0.050057
v -0.190169 0.460345 -0.019064
v -0.261968 0.437056 0.151292
v -0.305756 0.431584 0.098489
v -0.379477 0.426400 0.269571
v -0.202787 0.440073 0.340911
v -0.129066 0.445257 0.169829
v -0.331011 0.396654 0.325081
v -0.157526 0.408662 0.403676
v -0.082587 0.462214 0.241505
v -0.256073 0.450205 0.162910
v -0.083922 0.408721 0.360724
v -0.012205 0.453447 0.194608
v -0.190318 0.467851 0.126792
v -0.262036 0.423125 0.292909
v 0.329576 0.421395 -0.051412
v 0.154280 0.450859 -0.121233
v 0.083201 0.463967 0.050472
v 0.258497 0.434503 0.120293
v 0.083892 0.431101 -0.040214
v 0.012081 0.454391 0.130138
v 0.190161 0.460345 0.199271
v 0.261972 0.437056 0.028919
v 0.061002 0.429864 0.237459
v 0.239746 0.439119 0.304612
v 0.308231 0.457032 0.132354
v 0.129487 0.447778 0.065201
v 0.305462 0.421219 0.219189
v 0.379188 0.437975 0.048842
v 0.202435 0.459859 -0.020304
v 0.128709 0.443104 0.150043
v 0.305491 0.421217 0.041439
v 0.379179 0.437975 -0.128923
v 0.202411 0.459861 -0.198032
v 0.128723 0.443103 -0.027670
v 0.330675 0.417916 -0.231527
v 0.156886 0.442790 -0.306434
v 0.082318 0.467042 -0.137323
v 0.256107 0.442167 -0.062415
v 0.083882 0.431101 -0.220414
v 0.012084 0.454391 -0.050057
v 0.190169 0.460345 0.019064
v 0.261968 0.437056 -0.151292
v 0.305756 0.431584 -0.098489
v 0.379477 0.426400 -0.269571
v 0.202787 0.440073 -0.340911
v 0.129066 0.445257 -0.169829
v 0.331011 0.396654 -0.325081
v 0.157526 0.408662 -0.403676
v 0.082587 0.462214 -0.241505
v 0.256073 0.450205 -0.162910
v 0.083922 0.408721 -0.360724
v 0.012205 0.453447 -0.194608
v 0.190318 0.467851 -0.126792
v 0.262036 0.423125 -0.292909
v 0.329576 -0.421395 0.051412
v 0.154280 -0.450859 0.121233
v 0.083201 -0.463967 -0.050472
v 0.258497 -0.434503 -0.120293
v 0.083892 -0.431101 0.040214
v 0.012081 -0.454391 -0.130138
v 0.190161 -0.460345 -0.199271
v 0.261972 -0.437056 -0.028919
v 0.061002 -0.429864 -0.237459
v 0.239746 -0.439119 -0.304612
v 0.308231 -0.457032 -0.132354
v 0.129487 -0.447778 -0.065201
v 0.305462 -0.421219 -0.219189
v 0.379188 -0.437975 -0.048842
v 0.202435 -0.459859 0.020304
v 0.128709 -0.443104 -0.150043
v 0.305491 -0.421217 -0.041439
v 0.379179 -0.437975 0.128923
v 0.202411 -0.459861 0.198032
v 0.128723 -0.443103 0.027670
v 0.330675 -0.417916 0.231527
v 0.156886 -0.442790 0.306434
v 0.082318 -0.467042 0.137323
v 0.256107 -0.442167 0.062415
v 0.083882 -0.431101 0.220414
v 0.012084 -0.454391 0.050057
v 0.190169 -0.460345 -0.019064
v 0.261968 -0.437056 0.151292
v 0.305756 -0.431584 0.098489
v 0.379477 -0.426400 0.269571
v 0.202787 -0.440073 0.340911
v 0.129066 -0.445257 0.169829
v 0.331011 -0.396654 0.325081
v 0.157526 -0.408662 0.403676
v 0.082587 -0.462214 0.241505
v 0.256073 -0.450205 0.162910
v 0.083922 -0.408721 0.360724
v 0.012205 -0.453447 0.194608
v 0.190318 -0.467851 0.126792
v 0.262036 -0.423125 0.292909
v -0.329576 -0.421395 -0.051412
v -0.154280 -0.450859 -0.121233
v -0.083201 -0.463967 0.050472
v -0.258497 -0.434503 0.120293
v -0.083892 -0.431101 -0.040214
v -0.012081 -0.454391 0.130138
v -0.190161 -0.460345 0.199271
v -0.261972 -0.437056 0.028919
v -0.061002 -0.429864 0.237459
v -0.239746 -0.439119 0.304612
v -0.308231 -0.457032 0.132354
v -0.129487 -0.447778 0.065201
v -0.305462 -0.421219 0.219189
v -0.379188 -0.437975 0.048842
v -0.202435 -0.459859 -0.020304
v -0.128709 -0.443104 0.150043
v -0.305491 -0.421217 0.041439
v -0.379179 -0.437975 -0.128923
v -0.202411 -0.459861 -0.198032
v -0.128723 -0.443103 -0.027670
v -0.330675 -0.417916 -0.231527
v -0.156886 -0.442790 -0.306434
v -0.082318 -0.467042 -0.137323
v -0.256107 -0.442167 -0.062415
v -0.083882 -0.431101 -0.220414
v -0.012084 -0.454391 -0.050057
v -0.190169 -0.460345 0.019064
v -0.261968 -0.437056 -0.151292
v -0.305756 -0.431584 -0.098489
v -0.379477 -0.426400 -0.269571
v -0.202787 -0.440073 -0.340911
v -0.129066 -0.445257 -0.169829
v -0.331011 -0.396654 -0.325081
v -0.157526 -0.408662 -0.403676
v -0.082587 -0.462214 -0.241505
v -0.256073 -0.450205 -0.162910
v -0.083922 -0.408721 -0.360724
v -0.012205 -0.453447 -0.194608
v -0.190318 -0.467851 -0.126792
v -0.262036 -0.423125 -0.292909
v -0.329576 -0.051778 0.418413
v -0.154280 -0.122097 0.447669
v -0.083201 0.050831 0.460684
v -0.258497 0.121150 0.431428
v -0.083892 -0.040500 0.428051
v -0.012081 0.131065 0.451176
v -0.190161 0.200691 0.457088
v -0.261972 0.029126 0.433963
v -0.061003 0.239151 0.426822
v -0.239746 0.306783 0.436011
v -0.308231 0.133297 0.453798
v -0.129487 0.065666 0.444609
v -0.305462 0.220751 0.418239
v -0.379188 0.049190 0.434875
v -0.202435 -0.020448 0.456605
v -0.128709 0.151112 0.439968
v -0.305491 0.041734 0.418236
v -0.379179 -0.129842 0.434876
v -0.202411 -0.199443 0.456607
v -0.128723 -0.027867 0.439967
v -0.330675 -0.233177 0.414958
v -0.156886 -0.308618 0.439657
v -0.082318 -0.138302 0.463737
v -0.256107 -0.062860 0.439039
v -0.083882 -0.221985 0.428051
v -0.012084 -0.050414 0.451176
v -0.190169 0.019200 0.457088
v -0.261968 -0.152371 0.433963
v -0.305757 -0.099191 0.428530
v -0.379477 -0.271492 0.423382
v -0.202787 -0.343341 0.436959
v -0.129066 -0.171040 0.442106
v -0.331011 -0.327398 0.393847
v -0.157526 -0.406553 0.405770
v -0.082587 -0.243226 0.458943
v -0.256073 -0.164071 0.447020
v -0.083922 -0.363295 0.405829
v -0.012205 -0.195995 0.450239
v -0.190318 -0.127696 0.464540
v -0.262036 -0.294996 0.420131
v 0.329576 0.051778 0.418413
v 0.154280 0.122097 0.447669
v 0.083201 -0.050831 0.460684
v 0.258497 -0.121150 0.431428
v 0.083892 0.040500 0.428051
v 0.012081 -0.131065 0.451176
v 0.190161 -0.200691 0.457088
v 0.261972 -0.029126 0.433963
v 0.061003 -0.239151 0.426822
v 0.239746 -0.306783 0.436011
v 0.308231 -0.133297 0.453798
v 0.129487 -0.065666 0.444609
v 0.305462 -0.220751 0.418239
v 0.379188 -0.049190 0.434875
v 0.202435 0.020448 0.456605
v 0.128709 -0.151112 0.439968
v 0.305491 -0.041734 0.418236
v 0.379179 0.129842 0.434876
v 0.202411 0.199443 0.456607
v 0.128723 0.027867 0.439967
v 0.330675 0.233177 0.414958
v 0.156886 0.308618 0.439657
v 0.082318 0.138302 0.463737
v 0.256107 0.062860 0.439039
v 0.083882 0.221985 0.428051
v 0.012084 0.050414 0.451176
v 0.190169 -0.019200 0.457088
v 0.261968 0.152371 0.433963
v 0.305757 0.099191 0.428530
v 0.379477 0.271492 0.423382
v 0.202787 0.343341 0.436959
v 0.129066 0.171040 0.442106
v 0.331011 0.327398 0.393847
v 0.157526 0.406553 0.405770
v 0.082587 0.243226 0.458943
v 0.256073 0.164071 0.447020
v 0.083922 0.363295 0.405829
v 0.012205 0.195995 0.450239
v 0.190318 0.127696 0.464540
v 0.262036 0.294996 0.420131
v 0.329576 -0.051778 -0.418413
v 0.154280 -0.122097 -0.447669
v 0.083201 0.050831 -0.460684
v 0.258497 0.121150 -0.431428
v 0.083892 -0.040500 -0.428051
v 0.012081 0.131065 -0.451175
v 0.190161 0.200691 -0.457088
v 0.261972 0.029126 -0.433963
v 0.061003 0.239151 -0.426822
v 0.239746 0.306783 -0.436011
v 0.308231 0.133297 -0.453798
v 0.129487 0.065666 -0.444609
v 0.305462 0.220751 -0.418239
v 0.379188 0.049190 -0.434875
v 0.202435 -0.020448 -0.456605
v 0.128709 0.151112 -0.439968
v 0.305491 0.041734 -0.418236
v 0.379179 -0.129841 -0.434876
v 0.202411 -0.199443 -0.456607
v 0.128723 -0.027867 -0.439967
v 0.330675 -0.233177 -0.414958
v 0.156886 -0.308618 -0.439657
v 0.082318 -0.138302 -0.463737
v 0.256107 -0.062860 -0.439039
v 0.083882 -0.221985 -0.428051
v 0.012084 -0.050414 -0.451175
v 0.190169 0.019200 -0.457088
v 0.261968 -0.152371 -0.433963
v 0.305757 -0.099191 -0.428530
v 0.379477 -0.271492 -0.423382
v 0.202787 -0.343341 -0.436959
v 0.129066 -0.171039 -0.442106
v 0.331011 -0.327398 -0.393847
v 0.157526 -0.406553 -0.405770
v 0.082587 -0.243226 -0.458943
v 0.256073 -0.164071 -0.447020
v 0.083922 -0.363295 -0.405829
v 0.012205 -0.195995 -0.450238
v 0.190318 -0.127696 -0.464540
v 0.262036 -0.294996 -0.420131
v -0.329576 0.051778 -0.418413
v -0.154280 0.122097 -0.447669
v -0.083201 -0.050831 -0.460684
v -0.258497 -0.121150 -0.431428
v -0.083892 0.040500 -0.428051
v -0.012081 -0.131065 -0.451175
v -0.190161 -0.200691 -0.457088
v -0.261972 -0.029126 -0.433963
v -0.061003 -0.239151 -0.426822
v -0.239746 -0.306783 -0.436011
v -0.308231 -0.133297 -0.453798
v -0.129487 -0.065666 -0.444609
v -0.305462 -0.220751 -0.418239
v -0.379188 -0.049190 -0.434875
v -0.202435 0.020448 -0.456605
v -0.128709 -0.151112 -0.439968
v -0.305491 -0.041734 -0.418236
v -0.379179 0.129841 -0.434876
v -0.202411 0.199443 -0.456607
v -0.128723 0.027867 -0.439967
v -0.330675 0.233177 -0.414958
v -0.156886 0.308618 -0.439657
v -0.082318 0.138302 -0.463737
v -0.256107 0.062860 -0.439039
v -0.083882 0.221985 -0.428051
v -0.012084 0.050414 -0.451175
v -0.190169 -0.019200 -0.457088
v -0.261968 0.152371 -0.433963
v -0.305757 0.099191 -0.428530
v -0.379477 0.271492 -0.423382
v -0.202787 0.343341 -0.436959
v -0.129066 0.171039 -0.442106
v -0.331011 0.327398 -0.393847
v -0.157526 0.406553 -0.405770
v -0.082587 0.243226 -0.458943
v -0.256073 0.164071 -0.447020
v -0.083922 0.363295 -0.405829
v -0.012205 0.195995 -0.450238
v -0.190318 0.127696 -0.464540
v -0.262036 0.294996 -0.420131
v -0.084006 0.102884 0.438527
v -0.012179 0.276009 0.440192
v -0.190248 0.345850 0.437149
v -0.262075 0.172725 0.435483
v -0.061404 0.336201 0.405346
v -0.240365 0.403848 0.402236
v -0.308445 0.235852 0.449309
v -0.129483 0.168205 0.452420
v -0.305672 0.359603 0.395840
v -0.379503 0.191478 0.433427
v -0.202858 0.125186 0.464344
v -0.129026 0.293311 0.426757
v 0.084006 0.102884 -0.438526
v 0.012179 0.276009 -0.440192
v 0.190248 0.345850 -0.437149
v 0.262075 0.172725 -0.435483
v 0.061404 0.336201 -0.405346
v 0.240366 0.403848 -0.402236
v 0.308445 0.235852 -0.449309
v 0.129483 0.168205 -0.452419
v 0.305672 0.359603 -0.395840
v 0.379503 0.191477 -0.433427
v 0.202857 0.125186 -0.464344
v 0.129026 0.293311 -0.426757
v -0.084006 -0.102884 -0.438526
v -0.012179 -0.276009 -0.440192
v -0.190248 -0.345850 -0.437149
v -0.262075 -0.172725 -0.435483
v -0.061404 -0.336201 -0.405346
v -0.240365 -0.403848 -0.402236
v -0.308445 -0.235852 -0.449309
v -0.129483 -0.168205 -0.452419
v -0.305672 -0.359603 -0.395840
v -0.379503 -0.191477 -0.433427
v -0.202857 -0.125186 -0.464344
v -0.129026 -0.293311 -0.426757
v 0.084006 -0.102884 0.438527
v 0.012179 -0.276009 0.440192
v 0.190248 -0.345850 0.437149
v 0.262075 -0.172725 0.435483
v 0.061404 -0.336201 0.405346
v 0.240365 -0.403848 0.402236
v 0.308445 -0.235852 0.449309
v 0.129483 -0.168205 0.452420
v 0.305672 -0.359603 0.395840
v 0.379503 -0.191478 0.433427
v 0.202857 -0.125186 0.464344
v 0.129026 -0.293311 0.426757
v 0.084006 0.441652 0.102156
v 0.012179 0.443329 0.274056
v 0.190248 0.440264 0.343402
v 0.262075 0.438587 0.171503
v 0.061404 0.408235 0.333822
v 0.240366 0.405103 0.400991
v 0.308445 0.452512 0.234183
v 0.129483 0.455644 0.167014
v 0.305672 0.398661 0.357058
v 0.379503 0.436516 0.190122
v 0.202857 0.467653 0.124300
v 0.129026 0.429799 0.291236
v -0.084006 -0.441652 0.102156
v -0.012179 -0.443329 0.274056
v -0.190248 -0.440264 0.343402
v -0.262075 -0.438587 0.171503
v -0.061404 -0.408235 0.333822
v -0.240366 -0.405103 0.400991
v -0.308445 -0.452512 0.234183
v -0.129484 -0.455644 0.167014
v -0.305672 -0.398661 0.357058
v -0.379503 -0.436516 0.190122
v -0.202857 -0.467653 0.124300
v -0.129026 -0.429799 0.291236
v -0.084006 0.441652 -0.102156
v -0.012179 0.443329 -0.274056
v -0.190248 0.440264 -0.343402
v -0.262075 0.438587 -0.171503
v -0.061404 0.408235 -0.333822
v -0.240366 0.405103 -0.400991
v -0.308445 0.452512 -0.234183
v -0.129484 0.455644 -0.167014
v -0.305672 0.398661 -0.357058
v -0.379503 0.436516 -0.190122
v -0.202857 0.467653 -0.124300
v -0.129026 0.429799 -0.291236
v 0.084006 -0.441652 -0.102156
v 0.012179 -0.443329 -0.274056
v 0.190248 -0.440264 -0.343402
v 0.262075 -0.438587 -0.171503
v 0.061404 -0.408235 -0.333822
v 0.240366 -0.405103 -0.400991
v 0.308445 -0.452512 -0.234183
v 0.129483 -0.455644 -0.167014
v 0.305672 -0.398661 -0.357058
v 0.379503 -0.436516 -0.190122
v 0.202857 -0.467653 -0.124300
v 0.129026 -0.429799 -0.291236
v 0.084164 0.453635 0.185943
v 0.012403 0.417682 0.354130
v 0.190488 0.399039 0.420990
v 0.262249 0.434993 0.252803
v 0.061114 0.369491 0.387363
v 0.239284 0.342704 0.451216
v 0.309623 0.441062 0.309048
v 0.131453 0.467849 0.245196
v 0.306055 0.354540 0.425370
v 0.380125 0.427602 0.270500
v 0.203709 0.473733 0.213351
v 0.129639 0.400670 0.368221
v 0.084195 0.463805 0.276253
v 0.012577 0.359212 0.413347
v 0.190712 0.313558 0.465703
v 0.262331 0.418151 0.328609
v 0.060072 0.302796 0.422130
v 0.236828 0.248504 0.470570
v 0.310646 0.396984 0.383698
v 0.133891 0.451275 0.335258
v 0.306415 0.269462 0.451869
v 0.380450 0.401772 0.342356
v 0.204107 0.468513 0.310788
v 0.130071 0.336203 0.420301
v 0.084133 0.434242 0.362114
v 0.012420 0.280806 0.441845
v 0.190524 0.217090 0.470197
v 0.262237 0.370526 0.390467
v 0.306343 0.181446 0.440302
v 0.380029 0.348347 0.397438
v 0.203459 0.421750 0.396435
v 0.129772 0.254850 0.439299
v -0.084164 0.187269 0.450425
v -0.012403 0.356654 0.414726
v -0.190488 0.423990 0.396215
v -0.262249 0.254605 0.431914
v -0.061114 0.390124 0.366877
v -0.239284 0.454431 0.340279
v -0.309623 0.311251 0.437941
v -0.131453 0.246943 0.464538
v -0.306055 0.428401 0.352031
v -0.380125 0.272428 0.424576
v -0.203709 0.214871 0.470380
v -0.129639 0.370845 0.397835
v -0.084195 0.278221 0.460523
v -0.012577 0.416293 0.356671
v -0.190712 0.469022 0.311340
v -0.262331 0.330951 0.415192
v -0.060072 0.425138 0.300653
v -0.236828 0.473924 0.246746
v -0.310646 0.386433 0.394175
v -0.133891 0.337647 0.448082
v -0.306415 0.455089 0.267556
v -0.380450 0.344795 0.398929
v -0.204107 0.313003 0.465198
v -0.130072 0.423297 0.333824
v -0.084133 0.364695 0.431169
v -0.012420 0.444994 0.278819
v -0.190524 0.473548 0.215553
v -0.262237 0.393250 0.367904
v -0.306343 0.443440 0.180162
v -0.380029 0.400271 0.345882
v -0.203458 0.399261 0.418766
v -0.129772 0.442429 0.253047
v 0.084164 0.187269 -0.450425
v 0.012403 0.356654 -0.414726
v 0.190488 0.423990 -0.396215
v 0.262249 0.254605 -0.431914
v 0.061114 0.390124 -0.366876
v 0.239285 0.454431 -0.340279
v 0.309623 0.311251 -0.437941
v 0.131453 0.246943 -0.464538
v 0.306055 0.428401 -0.352031
v 0.380125 0.272428 -0.424576
v 0.203709 0.214871 -0.470380
v 0.129639 0.370845 -0.397835
v 0.084195 0.278222 -0.460523
v 0.012577 0.416293 -0.356670
v 0.190712 0.469022 -0.311340
v 0.262331 0.330951 -0.415192
v 0.060072 0.425138 -0.300653
v 0.236828 0.473924 -0.246745
v 0.310646 0.386433 -0.394175
v 0.133891 0.337647 -0.448082
v 0.306415 0.455089 -0.267556
v 0.380450 0.344795 -0.398929
v 0.204107 0.313003 -0.465197
v 0.130071 0.423297 -0.333824
v 0.084133 0.364695 -0.431169
v 0.012420 0.444994 -0.278819
v 0.190524 0.473548 -0.215553
v 0.262237 0.393250 -0.367904
v 0.306343 0.443440 -0.180162
v 0.380029 0.400271 -0.345882
v 0.203459 0.399261 -0.418766
v 0.129772 0.442429 -0.253047
v -0.084164 0.453635 -0.185943
v -0.012403 0.417682 -0.354130
v -0.190488 0.399039 -0.420990
v -0.262249 0.434993 -0.252803
v -0.061114 0.369491 -0.387363
v -0.239284 0.342704 -0.451216
v -0.309623 0.441062 -0.309048
v -0.131453 0.467849 -0.245196
v -0.306055 0.354540 -0.425370
v -0.380125 0.427602 -0.270500
v -0.203709 0.473733 -0.213351
v -0.129639 0.400670 -0.368221
v -0.084195 0.463805 -0.276253
v -0.012577 0.359212 -0.413347
v -0.190712 0.313559 -0.465703
v -0.262331 0.418151 -0.328609
v -0.060072 0.302796 -0.422130
v -0.236828 0.248504 -0.470570
v -0.310646 0.396984 -0.383698
v -0.133891 0.451275 -0.335258
v -0.306415 0.269463 -0.451869
v -0.380450 0.401772 -0.342356
v -0.204107 0.468513 -0.310788
v -0.130072 0.336203 -0.420301
v -0.084133 0.434242 -0.362114
v -0.012420 0.280806 -0.441845
v -0.190524 0.217090 -0.470197
v -0.262237 0.370526 -0.390467
v -0.306343 0.181446 -0.440302
v -0.380029 0.348347 -0.397438
v -0.203458 0.421750 -0.396435
v -0.129772 0.254850 -0.439299
v 0.084164 -0.453635 -0.185943
v 0.012403 -0.417682 -0.354130
v 0.190488 -0.399039 -0.420990
v 0.262249 -0.434993 -0.252803
v 0.061114 -0.369491 -0.387363
v 0.239284 -0.342704 -0.451216
v 0.309623 -0.441062 -0.309048
v 0.131453 -0.467849 -0.245196
v 0.306055 -0.354540 -0.425370
v 0.380125 -0.427602 -0.270500
v 0.203709 -0.473733 -0.213351
v 0.129639 -0.400670 -0.368221
v 0.084195 -0.463805 -0.276253
v 0.012577 -0.359212 -0.413347
v 0.190712 -0.313559 -0.465703
v 0.262331 -0.418151 -0.328609
v 0.060072 -0.302796 -0.422130
v 0.236828 -0.248504 -0.470570
v 0.310646 -0.396984 -0.383698
v 0.133891 -0.451275 -0.335258
v 0.306415 -0.269463 -0.451869
v 0.380450 -0.401772 -0.342356
v 0.204107 -0.468513 -0.310788
v 0.130071 -0.336203 -0.420301
v 0.084133 -0.434242 -0.362114
v 0.012420 -0.280806 -0.441845
v 0.190524 -0.217090 -0.470197
v 0.262237 -0.370526 -0.390467
v 0.306343 -0.181446 -0.440302
v 0.380029 -0.348347 -0.397438
v 0.203459 -0.421750 -0.396435
v 0.129772 -0.254850 -0.439299
v -0.084164 -0.187269 -0.450425
v -0.012403 -0.356654 -0.414726
v -0.190488 -0.423990 -0.396215
v -0.262249 -0.254605 -0.431914
v -0.061114 -0.390124 -0.366876
v -0.239284 -0.454431 -0.340279
v -0.309623 -0.311251 -0.437941
v -0.131453 -0.246943 -0.464538
v -0.306055 -0.428401 -0.352031
v -0.380125 -0.272428 -0.424576
v -0.203709 -0.214871 -0.470380
v -0.129639 -0.370845 -0.397835
v -0.084195 -0.278222 -0.460523
v -0.012577 -0.416293 -0.356670
v -0.190712 -0.469022 -0.311340
v -0.262330 -0.330951 -0.415192
v -0.060072 -0.425138 -0.300653
v -0.236828 -0.473924 -0.246745
v -0.310646 -0.386433 -0.394175
v -0.133891 -0.337647 -0.448082
v -0.306415 -0.455089 -0.267556
v -0.380450 -0.344795 -0.398929
v -0.204107 -0.313003 -0.465197
v -0.130072 -0.423297 -0.333824
v -0.084133 -0.364695 -0.431169
v -0.012420 -0.444994 -0.278819
v -0.190524 -0.473548 -0.215553
v -0.262237 -0.393250 -0.367904
v -0.306343 -0.443440 -0.180162
v -0.380029 -0.400271 -0.345882
v -0.203458 -0.399261 -0.418766
v -0.129772 -0.442429 -0.253047
v 0.084164 -0.187269 0.450425
v 0.012403 -0.356654 0.414726
v 0.190488 -0.423990 0.396215
v 0.262249 -0.254605 0.431914
v 0.061114 -0.390124 0.366877
v 0.239284 -0.454431 0.340279
v 0.309623 -0.311251 0.437941
v 0.131453 -0.246943 0.464538
v 0.306055 -0.428401 0.352031
v 0.380125 -0.272428 0.424576
v 0.203709 -0.214871 0.470380
v 0.129639 -0.370845 0.397835
v 0.084195 -0.278221 0.460523
v 0.012577 -0.416293 0.356671
v 0.190712 -0.469022 0.311340
v 0.262331 -0.330951 0.415192
v 0.060072 -0.425138 0.300653
v 0.236828 -0.473924 0.246746
v 0.310646 -0.386433 0.394175
v 0.133891 -0.337647 0.448082
v 0.306415 -0.455089 0.267556
v 0.380450 -0.344795 0.398929
v 0.204107 -0.313003 0.465198
v 0.130071 -0.423297 0.333824
v 0.084133 -0.364695 0.431169
v 0.012420 -0.444994 0.278819
v 0.190524 -0.473548 0.215553
v 0.262237 -0.393250 0.367904
v 0.306343 -0.443440 0.180162
v 0.380029 -0.400271 0.345882
v 0.203459 -0.399261 0.418766
v 0.129772 -0.442429 0.253047
v -0.084164 -0.453635 0.185943
v -0.012403 -0.417682 0.354130
v -0.190488 -0.399039 0.420990
v -0.262249 -0.434993 0.252803
v -0.061114 -0.369491 0.387363
v -0.239284 -0.342704 0.451216
v -0.309623 -0.441062 0.309048
v -0.131453 -0.467849 0.245196
v -0.306055 -0.354540 0.425370
v -0.380125 -0.427602 0.270500
v -0.203709 -0.473733 0.213351
v -0.129639 -0.400670 0.368221
v -0.084195 -0.463805 0.276253
v -0.012577 -0.359212 0.413347
v -0.190712 -0.313558 0.465703
v -0.262331 -0.418151 0.328609
v -0.060072 -0.302796 0.422130
v -0.236828 -0.248504 0.470570
v -0.310646 -0.396984 0.383698
v -0.133891 -0.451275 0.335258
v -0.306415 -0.269462 0.451869
v -0.380450 -0.401772 0.342356
v -0.204107 -0.468513 0.310788
v -0.130072 -0.336203 0.420301
v -0.084133 -0.434242 0.362114
v -0.012420 -0.280806 0.441845
v -0.190524 -0.217090 0.470197
v -0.262237 -0.370526 0.390467
v -0.306343 -0.181446 0.440302
v -0.380029 -0.348347 0.397438
v -0.203458 -0.421750 0.396435
v -0.129772 -0.254850 0.439299
v -0.187048 0.237689 0.424376
v -0.367591 0.301302 0.425850
v -0.432722 0.126286 0.440272
v -0.252180 0.062673 0.438798
v -0.453529 -0.051778 0.404066
v -0.279794 -0.122097 0.440998
v -0.209404 0.050831 0.457123
v -0.383138 0.121150 0.420192
v 0.067239 0.237398 0.423496
v -0.109257 0.308948 0.440554
v -0.180876 0.136995 0.461276
v -0.004381 0.065446 0.444218
v -0.202787 -0.051778 0.426882
v -0.026292 -0.122097 0.448402
v 0.045327 0.050831 0.458278
v -0.131168 0.121150 0.436759
v 0.202784 0.237398 0.423496
v 0.026289 0.308948 0.440554
v -0.045330 0.136995 0.461276
v 0.131165 0.065446 0.444218
v -0.067235 -0.051778 0.426882
v 0.109260 -0.122097 0.448402
v 0.180879 0.050831 0.458278
v 0.004384 0.121150 0.436759
v 0.455672 0.225759 0.400685
v 0.285053 0.304967 0.433129
v 0.207688 0.136280 0.460118
v 0.378307 0.057071 0.427674
v 0.184626 -0.051778 0.427782
v 0.362418 -0.122097 0.433711
v 0.434671 0.050831 0.437257
v 0.256879 0.121150 0.431327
v 0.187048 0.237688 -0.424376
v 0.367591 0.301301 -0.425850
v 0.432722 0.126286 -0.440271
v 0.252179 0.062673 -0.438797
v 0.453529 -0.051778 -0.404066
v 0.279794 -0.122097 -0.440998
v 0.209404 0.050831 -0.457123
v 0.383138 0.121150 -0.420192
v -0.067239 0.237398 -0.423496
v 0.109256 0.308948 -0.440554
v 0.180876 0.136995 -0.461276
v 0.004381 0.065446 -0.444217
v 0.202787 -0.051778 -0.426882
v 0.026292 -0.122097 -0.448402
v -0.045327 0.050831 -0.458278
v 0.131168 0.121150 -0.436759
v -0.202784 0.237398 -0.423496
v -0.026289 0.308948 -0.440554
v 0.045330 0.136995 -0.461276
v -0.131165 0.065446 -0.444217
v 0.067235 -0.051778 -0.426882
v -0.109260 -0.122097 -0.448402
v -0.180879 0.050831 -0.458278
v -0.004384 0.121150 -0.436759
v -0.455672 0.225759 -0.400685
v -0.285053 0.304967 -0.433129
v -0.207688 0.136280 -0.460118
v -0.378307 0.057071 -0.427674
v -0.184626 -0.051778 -0.427782
v -0.362418 -0.122097 -0.433711
v -0.434671 0.050831 -0.437256
v -0.256879 0.121150 -0.431327
v -0.202784 -0.237398 0.423496
v -0.026289 -0.308948 0.440554
v 0.045330 -0.136995 0.461276
v -0.131165 -0.065446 0.444218
v -0.455672 -0.225759 0.400685
v -0.285053 -0.304967 0.433129
v -0.207688 -0.136280 0.460118
v -0.378307 -0.057071 0.427674
v -0.187048 -0.237688 -0.424376
v -0.367591 -0.301302 -0.425850
v -0.432722 -0.126286 -0.440271
v -0.252180 -0.062673 -0.438797
v 0.053265 0.040499 -0.426882
v 0.125603 -0.131070 -0.448402
v -0.052291 -0.200689 -0.458278
v -0.124629 -0.029121 -0.436759
v 0.067239 -0.237398 -0.423496
v -0.109257 -0.308948 -0.440554
v -0.180876 -0.136995 -0.461276
v -0.004381 -0.065446 -0.444217
v 0.202784 -0.237398 -0.423496
v 0.026289 -0.308948 -0.440554
v -0.045330 -0.136995 -0.461276
v 0.131165 -0.065446 -0.444217
v 0.455672 -0.225759 -0.400685
v 0.285053 -0.304967 -0.433129
v 0.207688 -0.136280 -0.460118
v 0.378307 -0.057071 -0.427674
v 0.187048 -0.237689 0.424376
v 0.367591 -0.301302 0.425850
v 0.432722 -0.126286 0.440272
v 0.252179 -0.062673 0.438798
v -0.067239 -0.237398 0.423496
v 0.109256 -0.308948 0.440554
v 0.180876 -0.136995 0.461276
v 0.004381 -0.065446 0.444218
v 0.187048 0.427400 0.236006
v 0.367591 0.428885 0.299169
v 0.432722 0.443409 0.125392
v 0.252179 0.441925 0.062229
v 0.453528 0.406946 -0.051412
v 0.279794 0.444141 -0.121233
v 0.209403 0.460381 0.050472
v 0.383138 0.423187 0.120293
v -0.067239 0.426514 0.235718
v 0.109256 0.443694 0.306761
v 0.180876 0.464563 0.136026
v 0.004381 0.447383 0.064983
v 0.202787 0.429924 -0.051412
v 0.026292 0.451597 -0.121233
v -0.045327 0.461544 0.050472
v 0.131168 0.439871 0.120293
v -0.202784 0.426514 0.235718
v -0.026289 0.443694 0.306761
v 0.045330 0.464563 0.136026
v -0.131165 0.447383 0.064983
v 0.067235 0.429924 -0.051412
v -0.109260 0.451597 -0.121233
v -0.180879 0.461544 0.050472
v -0.004384 0.439871 0.120293
v -0.455672 0.403541 0.224161
v -0.285053 0.436216 0.302809
v -0.207688 0.463397 0.135315
v -0.378307 0.430722 0.056667
v -0.184626 0.430830 -0.051412
v -0.362418 0.436802 -0.121233
v -0.434671 0.440373 0.050472
v -0.256879 0.434401 0.120293
v -0.187048 -0.427400 0.236006
v -0.367591 -0.428885 0.299169
v -0.432722 -0.443409 0.125392
v -0.252179 -0.441925 0.062229
v -0.453528 -0.406946 -0.051412
v -0.279794 -0.444141 -0.121233
v -0.209404 -0.460381 0.050472
v -0.383138 -0.423187 0.120293
v 0.067239 -0.426514 0.235718
v -0.109257 -0.443694 0.306761
v -0.180876 -0.464563 0.136026
v -0.004381 -0.447383 0.064983
v -0.202787 -0.429924 -0.051412
v -0.026292 -0.451597 -0.121233
v 0.045327 -0.461544 0.050472
v -0.131168 -0.439871 0.120293
v 0.202784 -0.426514 0.235718
v 0.026289 -0.443694 0.306761
v -0.045330 -0.464563 0.136026
v 0.131165 -0.447383 0.064983
v -0.067235 -0.429924 -0.051412
v 0.109260 -0.451597 -0.121233
v 0.180879 -0.461544 0.050472
v 0.004384 -0.439871 0.120293
v 0.455672 -0.403541 0.224161
v 0.285053 -0.436216 0.302809
v 0.207688 -0.463397 0.135315
v 0.378307 -0.430722 0.056667
v 0.184626 -0.430830 -0.051412
v 0.362418 -0.436802 -0.121233
v 0.434671 -0.440373 0.050472
v 0.256879 -0.434401 0.120293
v -0.187048 0.427400 -0.236006
v -0.367591 0.428885 -0.299169
v -0.432722 0.443409 -0.125392
v -0.252179 0.441925 -0.062229
v 0.053265 0.429924 0.040212
v 0.125603 0.451597 -0.130142
v -0.052291 0.461544 -0.199269
v -0.124629 0.439871 -0.028915
v 0.067239 0.426514 -0.235718
v -0.109257 0.443694 -0.306761
v -0.180876 0.464563 -0.136026
v -0.004381 0.447383 -0.064983
v 0.202784 0.426514 -0.235718
v 0.026289 0.443694 -0.306761
v -0.045330 0.464563 -0.136026
v 0.131165 0.447383 -0.064983
v 0.455672 0.403541 -0.224161
v 0.285053 0.436216 -0.302809
v 0.207688 0.463397 -0.135315
v 0.378307 0.430722 -0.056667
v 0.187048 -0.427400 -0.236006
v 0.367591 -0.428885 -0.299169
v 0.432722 -0.443409 -0.125392
v 0.252179 -0.441925 -0.062229
v -0.067239 -0.426514 -0.235718
v 0.109256 -0.443694 -0.306761
v 0.180876 -0.464563 -0.136026
v 0.004381 -0.447383 -0.064983
v -0.202784 -0.426514 -0.235718
v -0.026289 -0.443694 -0.306761
v 0.045330 -0.464563 -0.136026
v -0.131165 -0.447383 -0.064983
v -0.455672 -0.403541 -0.224161
v -0.285053 -0.436216 -0.302809
v -0.207688 -0.463397 -0.135315
v -0.378307 -0.430722 -0.056667
v 0.067259 0.387227 0.363809
v -0.109236 0.458198 0.344514
v -0.180855 0.317595 0.444962
v -0.004360 0.246624 0.464257
v -0.202770 0.232965 0.426265
v -0.026275 0.169683 0.463548
v 0.045344 0.340127 0.432911
v -0.131151 0.403409 0.395628
v 0.067252 0.421956 0.297712
v -0.109243 0.477970 0.250332
v -0.180862 0.393594 0.400536
v -0.004367 0.337581 0.447916
v 0.067252 0.429303 0.231316
v -0.109243 0.466852 0.168482
v -0.180862 0.435997 0.337720
v -0.004367 0.398448 0.400554
v 0.067259 0.366402 -0.384487
v -0.109236 0.346969 -0.454955
v -0.180855 0.448133 -0.315348
v -0.004360 0.467566 -0.244879
v -0.202770 0.429303 -0.231316
v -0.026275 0.466852 -0.168483
v 0.045344 0.435996 -0.337720
v -0.131151 0.398448 -0.400554
v 0.067252 0.299833 -0.418970
v -0.109243 0.252116 -0.474587
v -0.180862 0.403391 -0.390809
v -0.004367 0.451108 -0.335192
v 0.067252 0.232965 -0.426265
v -0.109243 0.169683 -0.463548
v -0.180862 0.340127 -0.432911
v -0.004367 0.403409 -0.395629
v 0.067259 -0.387227 -0.363809
v -0.109236 -0.458198 -0.344514
v -0.180855 -0.317595 -0.444962
v -0.004360 -0.246624 -0.464257
v -0.202770 -0.232965 -0.426265
v -0.026275 -0.169683 -0.463548
v 0.045344 -0.340127 -0.432911
v -0.131151 -0.403409 -0.395628
v 0.067252 -0.421956 -0.297712
v -0.109243 -0.477970 -0.250332
v -0.180862 -0.393595 -0.400536
v -0.004367 -0.337581 -0.447916
v 0.067252 -0.429303 -0.231316
v -0.109243 -0.466852 -0.168482
v -0.180862 -0.435997 -0.337720
v -0.004367 -0.398448 -0.400554
v 0.067259 -0.366402 0.384487
v -0.109236 -0.346969 0.454955
v -0.180855 -0.448133 0.315348
v -0.004360 -0.467566 0.244879
v -0.202770 -0.429303 0.231316
v -0.026275 -0.466852 0.168483
v 0.045344 -0.435996 0.337720
v -0.131151 -0.398448 0.400554
v 0.067252 -0.299833 0.418970
v -0.109243 -0.252116 0.474587
v -0.180862 -0.403391 0.390809
v -0.004367 -0.451108 0.335192
v 0.067252 -0.232965 0.426265
v -0.109243 -0.169683 0.463548
v -0.180862 -0.340127 0.432911
v -0.004367 -0.403409 0.395628
v 0.202770 0.405035 -0.331277
v 0.026275 0.409626 -0.404197
v -0.045344 0.459821 -0.239588
v 0.131151 0.455230 -0.166668
v 0.202770 0.333638 0.402169
v 0.026275 0.407077 0.406727
v -0.045344 0.241295 0.456567
v 0.131151 0.167856 0.452009
v -0.067252 -0.405035 -0.331277
v 0.109243 -0.409625 -0.404197
v 0.180862 -0.459821 -0.239588
v 0.004367 -0.455231 -0.166668
v -0.067252 0.333638 -0.402169
v 0.109243 0.407077 -0.406727
v 0.180862 0.241295 -0.456567
v 0.004367 0.167856 -0.452009
v 0.456322 0.382850 -0.314205
v 0.286405 0.402552 -0.398338
v 0.208297 0.458647 -0.238424
v 0.378214 0.438945 -0.154291
v 0.187958 0.334019 -0.403099
v 0.368864 0.395777 -0.392650
v 0.433114 0.225401 -0.436169
v 0.252208 0.163642 -0.446618
v 0.187958 -0.405971 -0.331655
v 0.368864 -0.395448 -0.392977
v 0.433114 -0.439278 -0.223806
v 0.252208 -0.449801 -0.162484
v 0.456322 0.316445 0.380141
v 0.286405 0.401177 0.399704
v 0.208297 0.240123 0.455401
v 0.378214 0.155391 0.435839
v -0.187958 0.405971 -0.331655
v -0.368864 0.395448 -0.392977
v -0.433114 0.439278 -0.223806
v -0.252208 0.449801 -0.162484
v -0.187958 0.334019 0.403098
v -0.368864 0.395777 0.392649
v -0.433114 0.225401 0.436169
v -0.252208 0.163642 0.446618
v -0.456322 -0.382850 -0.314205
v -0.286405 -0.402552 -0.398338
v -0.208297 -0.458647 -0.238424
v -0.378214 -0.438945 -0.154291
v -0.456322 0.316445 -0.380141
v -0.286405 0.401177 -0.399704
v -0.208297 0.240123 -0.455401
v -0.378214 0.155391 -0.435839
v -0.456322 0.382850 0.314205
v -0.286405 0.402552 0.398338
v -0.208297 0.458647 0.238424
v -0.378214 0.438945 0.154291
v -0.067252 0.405035 0.331277
v 0.109243 0.409625 0.404197
v 0.180862 0.459821 0.239588
v 0.004367 0.455231 0.166668
v 0.187958 0.405971 0.331655
v 0.368864 0.395448 0.392977
v 0.433114 0.439278 0.223806
v 0.252208 0.449801 0.162484
v 0.456322 -0.382850 0.314205
v 0.286405 -0.402552 0.398338
v 0.208297 -0.458647 0.238424
v 0.378214 -0.438945 0.154291
v 0.202770 -0.405035 0.331276
v 0.026275 -0.409626 0.404197
v -0.045344 -0.459821 0.239588
v 0.131151 -0.455230 0.166668
v -0.187958 -0.405971 0.331655
v -0.368864 -0.395448 0.392977
v -0.433114 -0.439278 0.223806
v -0.252208 -0.449801 0.162484
v -0.456322 -0.316445 0.380141
v -0.286405 -0.401177 0.399704
v -0.208297 -0.240123 0.455401
v -0.378214 -0.155391 0.435839
v -0.067252 -0.333638 0.402169
v 0.109243 -0.407077 0.406727
v 0.180862 -0.241296 0.456567
v 0.004367 -0.167856 0.452009
v 0.187958 -0.334019 0.403098
v 0.368864 -0.395777 0.392649
v 0.433114 -0.225401 0.436169
v 0.252208 -0.163642 0.446618
v 0.456322 -0.316445 -0.380141
v 0.286405 -0.401177 -0.399704
v 0.208297 -0.240123 -0.455401
v 0.378214 -0.155391 -0.435839
v 0.202770 -0.333637 -0.402169
v 0.026275 -0.407077 -0.406727
v -0.045344 -0.241295 -0.456567
v 0.131151 -0.167856 -0.452009
v -0.187958 -0.334019 -0.403099
v -0.368864 -0.395777 -0.392650
v -0.433114 -0.225401 -0.436169
v -0.252208 -0.163642 -0.446618
v 0.202770 0.387227 0.363809
v 0.026275 0.458198 0.344513
v -0.045344 0.317595 0.444962
v 0.131151 0.246625 0.464257
v -0.067259 0.366402 0.384487
v 0.109236 0.346969 0.454955
v 0.180855 0.448133 0.315348
v 0.004360 0.467566 0.244879
v 0.202770 0.366402 -0.384487
v 0.026275 0.346969 -0.454955
v -0.045344 0.448133 -0.315348
v 0.131151 0.467566 -0.244879
v -0.067259 0.387227 -0.363809
v 0.109236 0.458198 -0.344514
v 0.180855 0.317595 -0.444962
v 0.004360 0.246624 -0.464257
v 0.202770 -0.387227 -0.363809
v 0.026275 -0.458198 -0.344513
v -0.045344 -0.317595 -0.444962
v 0.131151 -0.246625 -0.464257
v -0.067259 -0.366402 -0.384487
v 0.109236 -0.346969 -0.454955
v 0.180855 -0.448133 -0.315348
v 0.004360 -0.467566 -0.244879
v 0.202770 -0.366402 0.384487
v 0.026275 -0.346969 0.454955
v -0.045344 -0.448133 0.315348
v 0.131151 -0.467566 0.244880
v -0.067259 -0.387227 0.363809
v 0.109236 -0.458198 0.344514
v 0.180855 -0.317595 0.444962
v 0.004360 -0.246624 0.464257
v -0.455697 0.345179 0.365003
v -0.284307 0.340274 0.448484
v -0.210761 0.447014 0.313997
v -0.382150 0.451919 0.230516
v -0.453579 0.280131 0.397735
v -0.279305 0.245412 0.467559
v -0.212853 0.402107 0.389857
v -0.387127 0.436826 0.320033
v -0.187448 0.367345 -0.385052
v -0.366738 0.333463 -0.442323
v -0.435492 0.428444 -0.297200
v -0.256202 0.462326 -0.239929
v -0.185317 0.300324 -0.419745
v -0.361722 0.239209 -0.460797
v -0.437571 0.385192 -0.371419
v -0.261166 0.446307 -0.330367
v -0.187448 -0.387796 -0.364745
v -0.366738 -0.445475 -0.331104
v -0.435492 -0.299318 -0.425413
v -0.256202 -0.241639 -0.459054
v -0.185317 -0.422737 -0.298199
v -0.361722 -0.464081 -0.237516
v -0.437571 -0.374066 -0.382466
v -0.261166 -0.332721 -0.443149
v -0.455697 -0.367604 0.342736
v -0.284307 -0.451680 0.337867
v -0.210761 -0.316235 0.443851
v -0.382150 -0.232159 0.448721
v -0.453579 -0.400570 0.278148
v -0.279305 -0.470892 0.243676
v -0.212853 -0.392635 0.399262
v -0.387127 -0.322313 0.433735
v 0.455697 0.345179 -0.365003
v 0.284307 0.340274 -0.448484
v 0.210761 0.447014 -0.313997
v 0.382150 0.451919 -0.230516
v 0.453579 0.280131 -0.397735
v 0.279305 0.245412 -0.467559
v 0.212853 0.402107 -0.389857
v 0.387127 0.436826 -0.320033
v 0.187448 0.367345 0.385052
v 0.366738 0.333463 0.442323
v 0.435492 0.428444 0.297200
v 0.256202 0.462326 0.239929
v 0.185317 0.300324 0.419745
v 0.361722 0.239209 0.460797
v 0.437571 0.385192 0.371419
v 0.261166 0.446307 0.330367
v 0.187448 -0.387796 0.364745
v 0.366738 -0.445475 0.331104
v 0.435492 -0.299318 0.425413
v 0.256202 -0.241639 0.459054
v 0.185317 -0.422737 0.298199
v 0.361722 -0.464081 0.237516
v 0.437571 -0.374066 0.382466
v 0.261166 -0.332721 0.443149
v 0.455697 -0.367604 -0.342736
v 0.284307 -0.451680 -0.337866
v 0.210761 -0.316235 -0.443851
v 0.382150 -0.232159 -0.448721
v 0.453579 -0.400570 -0.278148
v 0.279305 -0.470892 -0.243676
v 0.212853 -0.392635 -0.399262
v 0.387127 -0.322313 -0.433734
v -0.430011 0.419058 -0.051412
v -0.605723 0.446083 -0.121233
v -0.676987 0.458201 0.050472
v -0.501275 0.431176 0.120293
v -0.674626 0.425687 -0.041466
v -0.746604 0.448472 0.128887
v -0.568572 0.455677 0.198017
v -0.496593 0.432892 0.027664
v -0.699103 0.423818 0.234413
v -0.521014 0.435585 0.302788
v -0.451529 0.454374 0.130996
v -0.629618 0.442607 0.062621
v -0.455290 0.418973 0.218329
v -0.381964 0.437278 0.047979
v -0.559167 0.455435 -0.021157
v -0.632493 0.437130 0.149193
v -0.455276 0.418972 0.042298
v -0.381969 0.437278 -0.128059
v -0.559179 0.455436 -0.197178
v -0.632486 0.437130 -0.026820
v -0.429245 0.415616 -0.230341
v -0.603931 0.438105 -0.304039
v -0.677597 0.461245 -0.134407
v -0.502911 0.438756 -0.060709
v -0.674630 0.425687 -0.219161
v -0.746603 0.448472 -0.048806
v -0.568568 0.455677 0.020319
v -0.496595 0.432892 -0.150037
v -0.455096 0.429462 -0.096521
v -0.381756 0.425909 -0.267796
v -0.558922 0.435651 -0.338671
v -0.632263 0.439204 -0.167396
v -0.429260 0.394388 -0.323704
v -0.604091 0.404191 -0.399783
v -0.677238 0.456692 -0.236514
v -0.502407 0.446890 -0.160436
v -0.674617 0.403377 -0.357344
v -0.746553 0.447546 -0.191168
v -0.568505 0.463328 -0.123498
v -0.496568 0.419159 -0.289673
v 0.430011 0.419058 0.051412
v 0.605723 0.446083 0.121233
v 0.676987 0.458201 -0.050472
v 0.501275 0.431176 -0.120293
v 0.674626 0.425687 0.041466
v 0.746604 0.448472 -0.128887
v 0.568571 0.455677 -0.198017
v 0.496593 0.432892 -0.027664
v 0.699103 0.423818 -0.234413
v 0.521014 0.435585 -0.302788
v 0.451529 0.454374 -0.130996
v 0.629618 0.442607 -0.062621
v 0.455290 0.418973 -0.218329
v 0.381964 0.437278 -0.047979
v 0.559167 0.455435 0.021157
v 0.632493 0.437130 -0.149193
v 0.455277 0.418972 -0.042299
v 0.381966 0.437278 0.128057
v 0.559175 0.455436 0.197179
v 0.632486 0.437130 0.026822
v 0.429245 0.415616 0.230341
v 0.603931 0.438105 0.304039
v 0.677597 0.461245 0.134407
v 0.502911 0.438755 0.060709
v 0.674634 0.425688 0.219160
v 0.746604 0.448473 0.048804
v 0.568567 0.455677 -0.020318
v 0.496597 0.432892 0.150039
v 0.455090 0.429461 0.096523
v 0.381756 0.425908 0.267800
v 0.558924 0.435652 0.338669
v 0.632259 0.439204 0.167392
v 0.429260 0.394388 0.323704
v 0.604091 0.404191 0.399783
v 0.677238 0.456692 0.236514
v 0.502407 0.446890 0.160436
v 0.674613 0.403376 0.357345
v 0.746556 0.447545 0.191173
v 0.568510 0.463329 0.123496
v 0.496567 0.419160 0.289669
v 0.430011 -0.419058 -0.051412
v 0.605723 -0.446083 -0.121233
v 0.676987 -0.458201 0.050472
v 0.501275 -0.431176 0.120293
v 0.674626 -0.425687 -0.041466
v 0.746604 -0.448472 0.128887
v 0.568571 -0.455677 0.198017
v 0.496593 -0.432892 0.027664
v 0.699103 -0.423818 0.234413
v 0.521014 -0.435585 0.302788
v 0.451529 -0.454374 0.130996
v 0.629618 -0.442607 0.062621
v 0.455290 -0.418973 0.218329
v 0.381964 -0.437278 0.047979
v 0.559167 -0.455435 -0.021157
v 0.632493 -0.437130 0.149193
v 0.455276 -0.418972 0.042298
v 0.381969 -0.437278 -0.128059
v 0.559179 -0.455436 -0.197178
v 0.632486 -0.437130 -0.026820
v 0.429245 -0.415616 -0.230341
v 0.603931 -0.438105 -0.304039
v 0.677597 -0.461245 -0.134407
v 0.502911 -0.438756 -0.060709
v 0.674630 -0.425687 -0.219161
v 0.746603 -0.448472 -0.048806
v 0.568568 -0.455677 0.020319
v 0.496595 -0.432892 -0.150037
v 0.455093 -0.429459 -0.096521
v 0.381752 -0.425903 -0.267795
v 0.558917 -0.435653 -0.338672
v 0.632259 -0.439209 -0.167397
v 0.429129 -0.394404 -0.323532
v 0.603788 -0.404151 -0.399987
v 0.677325 -0.456650 -0.236881
v 0.502667 -0.446903 -0.160426
v 0.674607 -0.403369 -0.357463
v 0.746540 -0.447548 -0.191290
v 0.568490 -0.463306 -0.123616
v 0.496557 -0.419126 -0.289790
v -0.430011 -0.419058 0.051412
v -0.605723 -0.446083 0.121233
v -0.676987 -0.458201 -0.050472
v -0.501275 -0.431176 -0.120293
v -0.674626 -0.425687 0.041466
v -0.746604 -0.448472 -0.128887
v -0.568572 -0.455677 -0.198017
v -0.496593 -0.432892 -0.027664
v -0.699103 -0.423818 -0.234413
v -0.521014 -0.435585 -0.302788
v -0.451529 -0.454374 -0.130996
v -0.629618 -0.442607 -0.062621
v -0.455290 -0.418973 -0.218329
v -0.381964 -0.437278 -0.047979
v -0.559167 -0.455435 0.021157
v -0.632493 -0.437130 -0.149193
v -0.455277 -0.418972 -0.042299
v -0.381966 -0.437278 0.128057
v -0.559175 -0.455436 0.197179
v -0.632486 -0.437130 0.026822
v -0.429245 -0.415616 0.230341
v -0.603931 -0.438105 0.304039
v -0.677597 -0.461245 0.134407
v -0.502911 -0.438755 0.060709
v -0.674634 -0.425687 0.219160
v -0.746604 -0.448473 0.048804
v -0.568567 -0.455677 -0.020318
v -0.496597 -0.432892 0.150039
v -0.455087 -0.429459 0.096522
v -0.381752 -0.425903 0.267799
v -0.558920 -0.435654 0.338670
v -0.632255 -0.439210 0.167393
v -0.429129 -0.394404 0.323532
v -0.603788 -0.404151 0.399987
v -0.677325 -0.456650 0.236881
v -0.502667 -0.446903 0.160426
v -0.674604 -0.403368 0.357465
v -0.746543 -0.447547 0.191294
v -0.568496 -0.463306 0.123614
v -0.496556 -0.419127 0.289785
v -0.430011 0.051778 0.416093
v -0.605723 0.122097 0.442926
v -0.676987 -0.050831 0.454958
v -0.501275 -0.121150 0.428125
v -0.674626 0.041762 0.422675
v -0.746604 -0.129805 0.445299
v -0.568572 -0.199428 0.452452
v -0.496593 -0.027861 0.429829
v -0.699103 -0.236084 0.420819
v -0.521014 -0.304946 0.432503
v -0.451529 -0.131929 0.451158
v -0.629618 -0.063067 0.439475
v -0.455290 -0.219885 0.416009
v -0.381964 -0.048321 0.434184
v -0.559167 0.021308 0.452212
v -0.632493 -0.150257 0.434037
v -0.455276 -0.042600 0.416008
v -0.381969 0.128972 0.434184
v -0.559179 0.198583 0.452213
v -0.632486 0.027012 0.434037
v -0.429245 0.231983 0.412675
v -0.603931 0.306206 0.435005
v -0.677597 0.135365 0.457981
v -0.502911 0.061142 0.435651
v -0.674630 0.220723 0.422675
v -0.746603 0.049154 0.445299
v -0.568568 -0.020463 0.452452
v -0.496595 0.151106 0.429829
v -0.455092 0.097209 0.426420
v -0.381751 0.269704 0.422888
v -0.558916 0.341086 0.432571
v -0.632258 0.168590 0.436103
v -0.429129 0.325827 0.391626
v -0.603787 0.402826 0.401319
v -0.677325 0.238548 0.453413
v -0.502668 0.161549 0.443720
v -0.674603 0.360011 0.400516
v -0.746536 0.192654 0.444386
v -0.568485 0.124497 0.460025
v -0.496553 0.291854 0.416155
v 0.430011 -0.051778 0.416093
v 0.605723 -0.122097 0.442926
v 0.676987 0.050831 0.454958
v 0.501275 0.121150 0.428125
v 0.674626 -0.041762 0.422675
v 0.746604 0.129805 0.445299
v 0.568571 0.199428 0.452452
v 0.496593 0.027861 0.429829
v 0.699103 0.236084 0.420819
v 0.521014 0.304946 0.432503
v 0.451529 0.131929 0.451158
v 0.629618 0.063067 0.439475
v 0.455290 0.219885 0.416009
v 0.381964 0.048321 0.434184
v 0.559167 -0.021308 0.452212
v 0.632493 0.150257 0.434037
v 0.455277 0.042600 0.416008
v 0.381966 -0.128970 0.434184
v 0.559175 -0.198584 0.452213
v 0.632486 -0.027014 0.434037
v 0.429245 -0.231983 0.412675
v 0.603931 -0.306206 0.435005
v 0.677597 -0.135365 0.457981
v 0.502911 -0.061142 0.435651
v 0.674634 -0.220722 0.422675
v 0.746604 -0.049152 0.445299
v 0.568567 0.020462 0.452452
v 0.496597 -0.151108 0.429829
v 0.455087 -0.097210 0.426420
v 0.381752 -0.269708 0.422889
v 0.558920 -0.341084 0.432571
v 0.632255 -0.168586 0.436102
v 0.429129 -0.325838 0.391613
v 0.603788 -0.402837 0.401291
v 0.677325 -0.238569 0.453418
v 0.502667 -0.161570 0.443740
v 0.674604 -0.360013 0.400514
v 0.746543 -0.192657 0.444380
v 0.568496 -0.124495 0.460028
v 0.496556 -0.291851 0.416161
v 0.430011 0.051778 -0.416092
v 0.605723 0.122097 -0.442926
v 0.676987 -0.050831 -0.454958
v 0.501275 -0.121150 -0.428125
v 0.674626 0.041762 -0.422675
v 0.746604 -0.129805 -0.445299
v 0.568571 -0.199428 -0.452452
v 0.496593 -0.027861 -0.429829
v 0.699103 -0.236084 -0.420819
v 0.521014 -0.304946 -0.432503
v 0.451529 -0.131929 -0.451158
v 0.629618 -0.063067 -0.439475
v 0.455290 -0.219885 -0.416008
v 0.381964 -0.048321 -0.434184
v 0.559167 0.021308 -0.452212
v 0.632493 -0.150257 -0.434037
v 0.455276 -0.042600 -0.416008
v 0.381969 0.128972 -0.434184
v 0.559179 0.198583 -0.452213
v 0.632486 0.027012 -0.434037
v 0.429245 0.231983 -0.412675
v 0.603931 0.306206 -0.435005
v 0.677597 0.135365 -0.457981
v 0.502911 0.061142 -0.435651
v 0.674630 0.220723 -0.422675
v 0.746603 0.049154 -0.445299
v 0.568568 -0.020463 -0.452452
v 0.496595 0.151106 -0.429829
v 0.455092 0.097208 -0.426420
v 0.381751 0.269703 -0.422888
v 0.558916 0.341085 -0.432571
v 0.632258 0.168590 -0.436103
v 0.429129 0.325827 -0.391626
v 0.603787 0.402826 -0.401319
v 0.677326 0.238547 -0.453413
v 0.502668 0.161549 -0.443720
v 0.674603 0.360011 -0.400517
v 0.746536 0.192654 -0.444386
v 0.568485 0.124496 -0.460025
v 0.496553 0.291854 -0.416155
v -0.430011 -0.051778 -0.416092
v -0.605723 -0.122097 -0.442926
v -0.676987 0.050831 -0.454958
v -0.501275 0.121150 -0.428125
v -0.674626 -0.041762 -0.422675
v -0.746604 0.129805 -0.445299
v -0.568572 0.199428 -0.452452
v -0.496593 0.027861 -0.429829
v -0.699103 0.236084 -0.420819
v -0.521014 0.304946 -0.432503
v -0.451529 0.131929 -0.451158
v -0.629618 0.063067 -0.439475
v -0.455290 0.219885 -0.416008
v -0.381964 0.048321 -0.434184
v -0.559167 -0.021308 -0.452212
v -0.632493 0.150257 -0.434037
v -0.455277 0.042600 -0.416008
v -0.381966 -0.128970 -0.434184
v -0.559175 -0.198584 -0.452213
v -0.632486 -0.027014 -0.434037
v -0.429245 -0.231983 -0.412675
v -0.603931 -0.306206 -0.435005
v -0.677597 -0.135365 -0.457981
v -0.502911 -0.061142 -0.435651
v -0.674634 -0.220722 -0.422675
v -0.746604 -0.049152 -0.445299
v -0.568567 0.020462 -0.452452
v -0.496597 -0.151108 -0.429828
v -0.455087 -0.097210 -0.426420
v -0.381752 -0.269708 -0.422889
v -0.558920 -0.341083 -0.432571
v -0.632255 -0.168586 -0.436102
v -0.429129 -0.325838 -0.391613
v -0.603788 -0.402837 -0.401291
v -0.677325 -0.238569 -0.453418
v -0.502667 -0.161570 -0.443740
v -0.674604 -0.360013 -0.400514
v -0.746543 -0.192657 -0.444380
v -0.568496 -0.124495 -0.460027
v -0.496556 -0.291851 -0.416161
v 0.674577 0.099479 0.433220
v 0.746565 0.272545 0.434332
v 0.568538 0.342532 0.432658
v 0.496549 0.169466 0.431545
v 0.699107 0.330894 0.399641
v 0.521178 0.401132 0.398859
v 0.451179 0.234110 0.446722
v 0.629109 0.163872 0.447504
v 0.455136 0.357620 0.393728
v 0.381743 0.189690 0.432941
v 0.558889 0.122931 0.459958
v 0.632281 0.290861 0.420745
v -0.674577 0.099479 -0.433219
v -0.746565 0.272545 -0.434332
v -0.568538 0.342532 -0.432658
v -0.496549 0.169466 -0.431545
v -0.699107 0.330894 -0.399641
v -0.521178 0.401132 -0.398859
v -0.451179 0.234110 -0.446722
v -0.629109 0.163872 -0.447504
v -0.455136 0.357620 -0.393728
v -0.381743 0.189690 -0.432941
v -0.558889 0.122931 -0.459957
v -0.632281 0.290861 -0.420745
v -0.674574 -0.099480 0.433222
v -0.746561 -0.272546 0.434338
v -0.568533 -0.342532 0.432655
v -0.496545 -0.169465 0.431539
v -0.699107 -0.330883 0.399654
v -0.521177 -0.401120 0.398888
v -0.451180 -0.234087 0.446717
v -0.629110 -0.163850 0.447483
v -0.455135 -0.357620 0.393727
v -0.381742 -0.189690 0.432939
v -0.558887 -0.122931 0.459958
v -0.632280 -0.290861 0.420747
v 0.674574 -0.099480 -0.433222
v 0.746561 -0.272546 -0.434338
v 0.568533 -0.342532 -0.432656
v 0.496545 -0.169465 -0.431539
v 0.699107 -0.330883 -0.399654
v 0.521177 -0.401120 -0.398888
v 0.451180 -0.234087 -0.446717
v 0.629110 -0.163850 -0.447483
v 0.455135 -0.357620 -0.393727
v 0.381742 -0.189690 -0.432939
v 0.558887 -0.122931 -0.459958
v 0.632280 -0.290861 -0.420747
v -0.674564 0.436301 0.098895
v -0.746548 0.437435 0.270738
v -0.568518 0.435717 0.340226
v -0.496535 0.434583 0.168383
v -0.698967 0.402444 0.328949
v -0.520876 0.401713 0.398307
v -0.451275 0.449920 0.232312
v -0.629365 0.450651 0.162954
v -0.455132 0.396531 0.355089
v -0.381738 0.436019 0.188347
v -0.558883 0.463238 0.122061
v -0.632276 0.423750 0.288804
v 0.674574 -0.436309 0.098776
v 0.746561 -0.437434 0.270617
v 0.568533 -0.435739 0.340108
v 0.496545 -0.434615 0.168266
v 0.699107 -0.402503 0.328541
v 0.521177 -0.401731 0.398281
v 0.451180 -0.449901 0.232431
v 0.629110 -0.450673 0.162691
v 0.455135 -0.396534 0.355089
v 0.381742 -0.436024 0.188347
v 0.558887 -0.463236 0.122061
v 0.632280 -0.423745 0.288803
v 0.674564 0.436301 -0.098895
v 0.746548 0.437435 -0.270738
v 0.568519 0.435717 -0.340226
v 0.496535 0.434583 -0.168383
v 0.698967 0.402444 -0.328949
v 0.520876 0.401713 -0.398307
v 0.451275 0.449920 -0.232312
v 0.629365 0.450651 -0.162954
v 0.455132 0.396531 -0.355089
v 0.381738 0.436019 -0.188347
v 0.558883 0.463238 -0.122061
v 0.632276 0.423750 -0.288804
v -0.674574 -0.436309 -0.098776
v -0.746561 -0.437434 -0.270617
v -0.568533 -0.435739 -0.340108
v -0.496545 -0.434615 -0.168266
v -0.699107 -0.402503 -0.328541
v -0.521177 -0.401731 -0.398281
v -0.451180 -0.449901 -0.232431
v -0.629110 -0.450673 -0.162691
v -0.455135 -0.396534 -0.355089
v -0.381742 -0.436024 -0.188347
v -0.558887 -0.463236 -0.122061
v -0.632280 -0.423745 -0.288803
v -0.674530 0.182757 -0.445214
v -0.746505 0.351916 -0.408869
v -0.568474 0.419810 -0.391952
v -0.496498 0.250650 -0.428297
v -0.699209 0.384594 -0.361240
v -0.521635 0.451355 -0.336989
v -0.450598 0.309118 -0.435534
v -0.628171 0.242357 -0.459786
v -0.454850 0.426126 -0.350123
v -0.381321 0.270745 -0.424413
v -0.558350 0.211782 -0.466063
v -0.631879 0.367163 -0.391773
v -0.674539 0.273210 -0.455561
v -0.746455 0.410731 -0.351181
v -0.568400 0.464825 -0.307157
v -0.496484 0.327304 -0.411537
v -0.699755 0.419425 -0.295135
v -0.522924 0.470525 -0.243627
v -0.450061 0.384045 -0.392082
v -0.626892 0.332945 -0.443591
v -0.454619 0.453099 -0.265594
v -0.381085 0.344184 -0.398356
v -0.558071 0.309099 -0.461306
v -0.631606 0.418014 -0.328544
v -0.674562 0.359447 -0.426679
v -0.746493 0.439106 -0.274094
v -0.568444 0.469253 -0.211414
v -0.496513 0.389595 -0.363999
v -0.454732 0.441543 -0.177901
v -0.381360 0.400109 -0.344186
v -0.558452 0.394891 -0.415702
v -0.631824 0.436324 -0.249417
v -0.674482 0.448412 0.181650
v -0.746438 0.411857 0.349631
v -0.568400 0.394705 0.417000
v -0.496444 0.431260 0.249019
v -0.699115 0.363849 0.382059
v -0.521473 0.339407 0.448170
v -0.450574 0.438631 0.306858
v -0.628216 0.463073 0.240747
v -0.454838 0.352606 0.423108
v -0.381300 0.427408 0.268822
v -0.558322 0.469395 0.210286
v -0.631861 0.394593 0.364571
v -0.674467 0.458908 0.271378
v -0.746355 0.353835 0.407978
v -0.568291 0.309372 0.461560
v -0.496404 0.414445 0.324960
v -0.699747 0.297421 0.416483
v -0.522965 0.245360 0.467192
v -0.449953 0.394808 0.381328
v -0.626735 0.446869 0.330620
v -0.454600 0.267472 0.449880
v -0.381056 0.401161 0.341718
v -0.558033 0.464606 0.306922
v -0.631578 0.330916 0.415084
v -0.674506 0.429910 0.356931
v -0.746428 0.276255 0.436069
v -0.568377 0.213081 0.465891
v -0.496455 0.366735 0.386752
v -0.454711 0.179166 0.438405
v -0.381342 0.346634 0.397247
v -0.558433 0.418666 0.392108
v -0.631802 0.251199 0.433265
v 0.674530 0.182757 0.445214
v 0.746505 0.351916 0.408869
v 0.568474 0.419810 0.391952
v 0.496498 0.250650 0.428297
v 0.699209 0.384594 0.361240
v 0.521635 0.451355 0.336989
v 0.450598 0.309118 0.435534
v 0.628171 0.242357 0.459786
v 0.454850 0.426126 0.350123
v 0.381321 0.270745 0.424413
v 0.558350 0.211782 0.466063
v 0.631879 0.367163 0.391773
v 0.674539 0.273210 0.455561
v 0.746455 0.410731 0.351181
v 0.568400 0.464825 0.307157
v 0.496484 0.327304 0.411537
v 0.699755 0.419425 0.295135
v 0.522924 0.470525 0.243626
v 0.450061 0.384045 0.392082
v 0.626892 0.332945 0.443591
v 0.454619 0.453099 0.265594
v 0.381085 0.344184 0.398356
v 0.558071 0.309099 0.461306
v 0.631606 0.418014 0.328544
v 0.674562 0.359447 0.426679
v 0.746493 0.439106 0.274094
v 0.568444 0.469253 0.211414
v 0.496513 0.389595 0.363999
v 0.454732 0.441543 0.177901
v 0.381360 0.400109 0.344186
v 0.558452 0.394891 0.415702
v 0.631824 0.436324 0.249417
v 0.674482 0.448412 -0.181650
v 0.746438 0.411857 -0.349631
v 0.568400 0.394705 -0.417000
v 0.496445 0.431260 -0.249019
v 0.699115 0.363849 -0.382059
v 0.521472 0.339407 -0.448170
v 0.450574 0.438631 -0.306858
v 0.628216 0.463073 -0.240747
v 0.454838 0.352606 -0.423108
v 0.381300 0.427408 -0.268822
v 0.558322 0.469395 -0.210286
v 0.631861 0.394593 -0.364571
v 0.674467 0.458908 -0.271378
v 0.746355 0.353835 -0.407978
v 0.568291 0.309372 -0.461560
v 0.496404 0.414445 -0.324960
v 0.699747 0.297421 -0.416483
v 0.522965 0.245360 -0.467192
v 0.449953 0.394808 -0.381328
v 0.626735 0.446869 -0.330619
v 0.454600 0.267472 -0.449880
v 0.381056 0.401161 -0.341718
v 0.558033 0.464606 -0.306922
v 0.631578 0.330916 -0.415084
v 0.674506 0.429910 -0.356931
v 0.746428 0.276255 -0.436069
v 0.568377 0.213081 -0.465891
v 0.496455 0.366735 -0.386752
v 0.454711 0.179166 -0.438405
v 0.381342 0.346634 -0.397247
v 0.558433 0.418666 -0.392108
v 0.631802 0.251199 -0.433265
v -0.674512 -0.448349 -0.181394
v -0.746480 -0.411874 -0.349388
v -0.568446 -0.394839 -0.416795
v -0.496478 -0.431313 -0.248802
v -0.699202 -0.363916 -0.381846
v -0.521638 -0.339483 -0.448155
v -0.450567 -0.438627 -0.306868
v -0.628131 -0.463060 -0.240559
v -0.454846 -0.352614 -0.423110
v -0.381313 -0.427426 -0.268827
v -0.558339 -0.469388 -0.210284
v -0.631872 -0.394576 -0.364567
v -0.674504 -0.458842 -0.271104
v -0.746403 -0.353923 -0.407814
v -0.568344 -0.309593 -0.461516
v -0.496444 -0.414513 -0.324806
v -0.699772 -0.297482 -0.416436
v -0.523006 -0.245444 -0.467221
v -0.449964 -0.394838 -0.381289
v -0.626730 -0.446876 -0.330503
v -0.454612 -0.267479 -0.449887
v -0.381070 -0.401177 -0.341734
v -0.558051 -0.464600 -0.306917
v -0.631593 -0.330902 -0.415069
v -0.674525 -0.429921 -0.356809
v -0.746452 -0.276311 -0.436030
v -0.568401 -0.213172 -0.465933
v -0.496475 -0.366782 -0.386712
v -0.454718 -0.179168 -0.438409
v -0.381349 -0.346636 -0.397258
v -0.558441 -0.418665 -0.392104
v -0.631809 -0.251196 -0.433255
v -0.674512 -0.182687 0.445176
v -0.746480 -0.351878 0.408960
v -0.568446 -0.419766 0.392045
v -0.496478 -0.250575 0.428261
v -0.699202 -0.384568 0.361340
v -0.521638 -0.451349 0.337081
v -0.450567 -0.309055 0.435523
v -0.628131 -0.242274 0.459783
v -0.454846 -0.426125 0.350118
v -0.381313 -0.270743 0.424402
v -0.558339 -0.211782 0.466067
v -0.631872 -0.367165 0.391784
v -0.674504 -0.273036 0.455595
v -0.746403 -0.410721 0.351418
v -0.568344 -0.464805 0.307403
v -0.496444 -0.327121 0.411580
v -0.699772 -0.419403 0.295376
v -0.523006 -0.470551 0.243707
v -0.449964 -0.384006 0.392044
v -0.626730 -0.332859 0.443713
v -0.454612 -0.453093 0.265586
v -0.381070 -0.344170 0.398338
v -0.558051 -0.309104 0.461312
v -0.631593 -0.418027 0.328561
v -0.674525 -0.359352 0.426878
v -0.746452 -0.439137 0.274356
v -0.568401 -0.469253 0.211664
v -0.496475 -0.389469 0.364186
v -0.454718 -0.441534 0.177900
v -0.381349 -0.400089 0.344183
v -0.558441 -0.394898 0.415703
v -0.631809 -0.436343 0.249419
v 0.674512 -0.448349 0.181394
v 0.746480 -0.411874 0.349388
v 0.568446 -0.394839 0.416795
v 0.496478 -0.431313 0.248802
v 0.699202 -0.363916 0.381847
v 0.521638 -0.339483 0.448155
v 0.450567 -0.438627 0.306868
v 0.628132 -0.463060 0.240559
v 0.454846 -0.352614 0.423110
v 0.381313 -0.427426 0.268827
v 0.558339 -0.469388 0.210284
v 0.631872 -0.394576 0.364567
v 0.674504 -0.458842 0.271104
v 0.746403 -0.353923 0.407814
v 0.568344 -0.309593 0.461516
v 0.496444 -0.414513 0.324806
v 0.699772 -0.297482 0.416436
v 0.523006 -0.245444 0.467221
v 0.449964 -0.394838 0.381289
v 0.626730 -0.446876 0.330503
v 0.454612 -0.267479 0.449887
v 0.381070 -0.401177 0.341734
v 0.558051 -0.464600 0.306917
v 0.631593 -0.330902 0.415069
v 0.674525 -0.429920 0.356810
v 0.746452 -0.276311 0.436030
v 0.568402 -0.213172 0.465933
v 0.496475 -0.366782 0.386713
v 0.454718 -0.179168 0.438409
v 0.381349 -0.346636 0.397258
v 0.558441 -0.418665 0.392104
v 0.631809 -0.251196 0.433255
v 0.674512 -0.182687 -0.445176
v 0.746480 -0.351878 -0.408960
v 0.568446 -0.419766 -0.392045
v 0.496478 -0.250575 -0.428261
v 0.699202 -0.384568 -0.361340
v 0.521638 -0.451349 -0.337081
v 0.450567 -0.309055 -0.435523
v 0.628131 -0.242274 -0.459783
v 0.454846 -0.426125 -0.350118
v 0.381313 -0.270743 -0.424402
v 0.558339 -0.211782 -0.466067
v 0.631872 -0.367165 -0.391784
v 0.674504 -0.273036 -0.455595
v 0.746403 -0.410721 -0.351418
v 0.568344 -0.464805 -0.307402
v 0.496444 -0.327121 -0.411580
v 0.699772 -0.419403 -0.295376
v 0.523006 -0.470551 -0.243707
v 0.449964 -0.384006 -0.392044
v 0.626730 -0.332859 -0.443713
v 0.454612 -0.453093 -0.265586
v 0.381070 -0.344170 -0.398338
v 0.558051 -0.309104 -0.461312
v 0.631593 -0.418027 -0.328561
v 0.674525 -0.359352 -0.426878
v 0.746452 -0.439137 -0.274356
v 0.568402 -0.469253 -0.211664
v 0.496475 -0.389468 -0.364186
v 0.454718 -0.441534 -0.177900
v 0.381349 -0.400089 -0.344183
v 0.558441 -0.394898 -0.415703
v 0.631809 -0.436343 -0.249419
v -0.304339 0.226841 0.402897
v -0.476993 0.303661 0.430635
v -0.552643 0.133905 0.455456
v -0.379989 0.057085 0.427719
v -0.575341 -0.051778 0.422500
v -0.397798 -0.122097 0.433333
v -0.325680 0.050831 0.438872
v -0.503223 0.121150 0.428038
v 0.573702 0.235037 0.419174
v 0.394228 0.301143 0.425634
v 0.326990 0.127039 0.441821
v 0.506464 0.060933 0.435361
v 0.305846 -0.051778 0.406215
v 0.480603 -0.122097 0.438337
v 0.551443 0.050831 0.452513
v 0.376686 0.121150 0.420392
v 0.304339 0.226841 -0.402897
v 0.476993 0.303661 -0.430634
v 0.552643 0.133905 -0.455456
v 0.379989 0.057085 -0.427719
v 0.575341 -0.051778 -0.422499
v 0.397798 -0.122097 -0.433333
v 0.325680 0.050831 -0.438871
v 0.503223 0.121150 -0.428038
v -0.573702 0.235037 -0.419173
v -0.394228 0.301143 -0.425634
v -0.326990 0.127039 -0.441821
v -0.506464 0.060933 -0.435361
v -0.305846 -0.051778 -0.406215
v -0.480603 -0.122097 -0.438337
v -0.551443 0.050831 -0.452513
v -0.376686 0.121150 -0.420392
v -0.573702 -0.235037 0.419174
v -0.394228 -0.301143 0.425634
v -0.326990 -0.127039 0.441821
v -0.506464 -0.060933 0.435361
v -0.304337 -0.226841 -0.402897
v -0.476991 -0.303661 -0.430634
v -0.552642 -0.133905 -0.455456
v -0.379988 -0.057085 -0.427719
v 0.573702 -0.235037 -0.419173
v 0.394228 -0.301143 -0.425634
v 0.326990 -0.127039 -0.441821
v 0.506464 -0.060933 -0.435361
v 0.304337 -0.226841 0.402897
v 0.476991 -0.303661 0.430634
v 0.552642 -0.133905 0.455456
v 0.379988 -0.057085 0.427719
v 0.304337 0.405769 0.225236
v 0.476991 0.433704 0.301512
v 0.552642 0.458702 0.132957
v 0.379988 0.430767 0.056681
v 0.575341 0.425510 -0.051412
v 0.397798 0.436421 -0.121233
v 0.325680 0.441999 0.050472
v 0.503223 0.431088 0.120293
v -0.573702 0.422161 0.233374
v -0.394228 0.428667 0.299012
v -0.326990 0.444970 0.126140
v -0.506464 0.438464 0.060502
v -0.305846 0.409110 -0.051412
v -0.480603 0.441461 -0.121233
v -0.551443 0.455738 0.050472
v -0.376686 0.423388 0.120293
v -0.304337 -0.405769 0.225236
v -0.476991 -0.433704 0.301512
v -0.552642 -0.458702 0.132957
v -0.379988 -0.430767 0.056681
v -0.575341 -0.425510 -0.051412
v -0.397798 -0.436421 -0.121233
v -0.325680 -0.441999 0.050472
v -0.503223 -0.431088 0.120293
v 0.573702 -0.422161 0.233374
v 0.394228 -0.428667 0.299012
v 0.326990 -0.444970 0.126140
v 0.506464 -0.438464 0.060502
v 0.305846 -0.409110 -0.051412
v 0.480603 -0.441461 -0.121233
v 0.551443 -0.455738 0.050472
v 0.376686 -0.423388 0.120293
v -0.304339 0.405769 -0.225236
v -0.476993 0.433704 -0.301512
v -0.552643 0.458702 -0.132957
v -0.379989 0.430767 -0.056681
v 0.573702 0.422161 -0.233374
v 0.394228 0.428667 -0.299012
v 0.326990 0.444970 -0.126140
v 0.506464 0.438464 -0.060502
v 0.304339 -0.405769 -0.225236
v 0.476993 -0.433704 -0.301512
v 0.552643 -0.458702 -0.132957
v 0.379989 -0.430767 -0.056681
v -0.573702 -0.422161 -0.233374
v -0.394228 -0.428667 -0.299012
v -0.326990 -0.444970 -0.126140
v -0.506464 -0.438464 -0.060502
v -0.785571 0.382133 -0.358839
v -0.609369 0.453770 -0.339480
v -0.537212 0.313692 -0.440291
v -0.713414 0.242054 -0.459650
v -0.514962 0.229555 -0.421287
v -0.690830 0.164692 -0.458651
v -0.764034 0.334566 -0.428385
v -0.588166 0.399429 -0.391021
v -0.785230 0.417152 -0.292782
v -0.608567 0.473376 -0.246238
v -0.537543 0.388693 -0.396535
v -0.714206 0.332468 -0.443078
v -0.784973 0.424583 -0.225623
v -0.607865 0.461829 -0.164236
v -0.537837 0.431192 -0.334131
v -0.714945 0.393946 -0.395519
v -0.785728 0.361465 0.379867
v -0.609378 0.341923 0.450643
v -0.537491 0.443421 0.311403
v -0.713842 0.462963 0.240627
v -0.515410 0.424305 0.227679
v -0.691594 0.461816 0.164017
v -0.764003 0.431357 0.333012
v -0.587818 0.393845 0.396674
v -0.785557 0.295305 0.414262
v -0.608978 0.248067 0.470034
v -0.537654 0.399296 0.385941
v -0.714233 0.446534 0.330168
v -0.785429 0.228145 0.421448
v -0.608627 0.165541 0.458504
v -0.537800 0.336354 0.428183
v -0.714601 0.398958 0.391127
v 0.785571 0.382133 0.358839
v 0.609369 0.453770 0.339480
v 0.537212 0.313692 0.440291
v 0.713414 0.242054 0.459650
v 0.514961 0.229555 0.421286
v 0.690829 0.164692 0.458651
v 0.764034 0.334566 0.428385
v 0.588166 0.399429 0.391021
v 0.785230 0.417152 0.292782
v 0.608567 0.473376 0.246238
v 0.537542 0.388693 0.396534
v 0.714205 0.332469 0.443078
v 0.784973 0.424583 0.225623
v 0.607865 0.461829 0.164236
v 0.537837 0.431192 0.334131
v 0.714945 0.393946 0.395519
v 0.785728 0.361465 -0.379867
v 0.609378 0.341923 -0.450643
v 0.537491 0.443421 -0.311403
v 0.713842 0.462963 -0.240627
v 0.515410 0.424305 -0.227679
v 0.691594 0.461816 -0.164017
v 0.764003 0.431357 -0.333012
v 0.587818 0.393845 -0.396674
v 0.785557 0.295305 -0.414262
v 0.608978 0.248067 -0.470034
v 0.537654 0.399296 -0.385941
v 0.714233 0.446534 -0.330168
v 0.785429 0.228145 -0.421447
v 0.608627 0.165541 -0.458504
v 0.537800 0.336354 -0.428183
v 0.714601 0.398958 -0.391127
v -0.785686 -0.361643 -0.379363
v -0.609503 -0.342155 -0.450540
v -0.537269 -0.443428 -0.311306
v -0.713452 -0.462916 -0.240129
v -0.514961 -0.424269 -0.227886
v -0.690829 -0.461862 -0.163460
v -0.764033 -0.431480 -0.332150
v -0.588165 -0.393887 -0.396575
v -0.785484 -0.295458 -0.414151
v -0.608945 -0.248286 -0.470095
v -0.537552 -0.399377 -0.385812
v -0.714092 -0.446549 -0.329868
v -0.785430 -0.228189 -0.421467
v -0.608628 -0.165607 -0.458560
v -0.537800 -0.336403 -0.428141
v -0.714602 -0.398985 -0.391049
v -0.785686 -0.382067 0.359084
v -0.609503 -0.453751 0.339734
v -0.537269 -0.313525 0.440290
v -0.713452 -0.241840 0.459640
v -0.514961 -0.229510 0.421266
v -0.690829 -0.164625 0.458594
v -0.764033 -0.334517 0.428427
v -0.588165 -0.399402 0.391099
v -0.785484 -0.417103 0.293367
v -0.608945 -0.473445 0.246529
v -0.537552 -0.388561 0.396551
v -0.714092 -0.332219 0.443390
v -0.785430 -0.424471 0.226574
v -0.608628 -0.461828 0.164435
v -0.537800 -0.431193 0.334022
v -0.714602 -0.393836 0.396161
v 0.785686 -0.361643 0.379363
v 0.609503 -0.342155 0.450540
v 0.537269 -0.443428 0.311306
v 0.713452 -0.462916 0.240129
v 0.514961 -0.424269 0.227886
v 0.690829 -0.461862 0.163460
v 0.764033 -0.431480 0.332150
v 0.588165 -0.393887 0.396575
v 0.785484 -0.295458 0.414151
v 0.608945 -0.248286 0.470095
v 0.537552 -0.399377 0.385812
v 0.714092 -0.446549 0.329869
v 0.785430 -0.228189 0.421467
v 0.608628 -0.165607 0.458560
v 0.537800 -0.336403 0.428141
v 0.714602 -0.398985 0.391049
v 0.785686 -0.382067 -0.359084
v 0.609503 -0.453751 -0.339734
v 0.537269 -0.313525 -0.440290
v 0.713452 -0.241840 -0.459640
v 0.514961 -0.229510 -0.421266
v 0.690829 -0.164625 -0.458594
v 0.764033 -0.334517 -0.428427
v 0.588165 -0.399402 -0.391100
v 0.785484 -0.417103 -0.293367
v 0.608945 -0.473445 -0.246529
v 0.537552 -0.388561 -0.396551
v 0.714092 -0.332219 -0.443390
v 0.785430 -0.424471 -0.226574
v 0.608628 -0.461828 -0.164435
v 0.537800 -0.431193 -0.334022
v 0.714602 -0.393836 -0.396161
v -0.785875 0.131528 0.424990
v -0.609380 0.062722 0.450888
v -0.537761 0.235933 0.449873
v -0.714256 0.304739 0.423975
v -0.515852 0.131539 -0.424998
v -0.692348 0.062737 -0.450906
v -0.763966 0.235948 -0.449864
v -0.587471 0.304750 -0.423956
v -0.515852 -0.428027 -0.130608
v -0.692348 -0.454119 -0.062293
v -0.763966 -0.453070 -0.234279
v -0.587471 -0.426977 -0.302593
v -0.785875 0.428027 -0.130608
v -0.609380 0.454119 -0.062293
v -0.537761 0.453070 -0.234279
v -0.714256 0.426977 -0.302593
v 0.515852 0.428019 -0.130597
v 0.692347 0.454101 -0.062278
v 0.763966 0.453079 -0.234264
v 0.587471 0.426997 -0.302582
v 0.785875 0.131528 -0.424990
v 0.609380 0.062722 -0.450888
v 0.537761 0.235933 -0.449873
v 0.714256 0.304739 -0.423975
v 0.785875 -0.428019 -0.130597
v 0.609380 -0.454101 -0.062278
v 0.537761 -0.453079 -0.234264
v 0.714256 -0.426997 -0.302582
v 0.515852 0.131539 0.424998
v 0.692347 0.062737 0.450906
v 0.763966 0.235948 0.449864
v 0.587471 0.304750 0.423956
v 0.573098 0.400921 -0.327804
v 0.393336 0.395275 -0.392783
v 0.326692 0.440800 -0.224921
v 0.506454 0.446446 -0.159942
v 0.573098 0.330144 0.398078
v 0.393337 0.395587 0.392466
v 0.326692 0.226533 0.437683
v 0.506453 0.161091 0.443295
v 0.303858 -0.385025 -0.315811
v 0.476064 -0.400153 -0.396471
v 0.552242 -0.454116 -0.234974
v 0.380037 -0.438988 -0.154314
v 0.303858 0.318060 -0.382303
v 0.476063 0.399294 -0.397327
v 0.552243 0.236644 -0.450901
v 0.380037 0.155410 -0.435877
v -0.303858 0.385022 -0.315814
v -0.476064 0.400147 -0.396473
v -0.552242 0.454117 -0.234978
v -0.380036 0.438992 -0.154319
v -0.573098 0.330144 -0.398078
v -0.393337 0.395587 -0.392466
v -0.326692 0.226533 -0.437683
v -0.506453 0.161091 -0.443295
v -0.573098 -0.400918 -0.327806
v -0.393336 -0.395269 -0.392785
v -0.326692 -0.440802 -0.224926
v -0.506454 -0.446450 -0.159946
v -0.303858 0.318060 0.382303
v -0.476063 0.399294 0.397327
v -0.552243 0.236644 0.450901
v -0.380037 0.155410 0.435877
v -0.515852 0.428019 0.130597
v -0.692348 0.454101 0.062278
v -0.763966 0.453079 0.234264
v -0.587471 0.426997 0.302582
v -0.573098 0.400921 0.327804
v -0.393336 0.395275 0.392783
v -0.326692 0.440800 0.224921
v -0.506454 0.446446 0.159942
v 0.303858 0.385022 0.315814
v 0.476064 0.400147 0.396473
v 0.552242 0.454117 0.234978
v 0.380036 0.438992 0.154319
v 0.785876 0.428027 0.130608
v 0.609381 0.454119 0.062293
v 0.537762 0.453070 0.234279
v 0.714257 0.426977 0.302593
v 0.515852 -0.428027 0.130608
v 0.692347 -0.454119 0.062293
v 0.763966 -0.453070 0.234279
v 0.587471 -0.426977 0.302593
v 0.573098 -0.400918 0.327806
v 0.393336 -0.395269 0.392785
v 0.326692 -0.440802 0.224926
v 0.506454 -0.446450 0.159946
v -0.303858 -0.385025 0.315811
v -0.476063 -0.400153 0.396471
v -0.552242 -0.454116 0.234974
v -0.380037 -0.438988 0.154314
v -0.785876 -0.428019 0.130597
v -0.609381 -0.454101 0.062278
v -0.537762 -0.453079 0.234264
v -0.714257 -0.426997 0.302582
v -0.515852 -0.131539 0.424998
v -0.692348 -0.062737 0.450906
v -0.763966 -0.235948 0.449864
v -0.587471 -0.304750 0.423956
v -0.573098 -0.330142 0.398081
v -0.393336 -0.395585 0.392472
v -0.326692 -0.226529 0.437682
v -0.506454 -0.161086 0.443291
v 0.303858 -0.318062 0.382300
v 0.476064 -0.399296 0.397321
v 0.552242 -0.236648 0.450902
v 0.380037 -0.155414 0.435881
v 0.785876 -0.131528 0.424990
v 0.609381 -0.062722 0.450888
v 0.537762 -0.235933 0.449873
v 0.714257 -0.304739 0.423975
v 0.515852 -0.131539 -0.424998
v 0.692347 -0.062737 -0.450906
v 0.763966 -0.235948 -0.449864
v 0.587471 -0.304750 -0.423956
v 0.573098 -0.330142 -0.398081
v 0.393336 -0.395585 -0.392472
v 0.326692 -0.226529 -0.437682
v 0.506454 -0.161086 -0.443291
v -0.303858 -0.318062 -0.382300
v -0.476064 -0.399296 -0.397321
v -0.552242 -0.236648 -0.450902
v -0.380037 -0.155414 -0.435881
v -0.785876 -0.131528 -0.424990
v -0.609381 -0.062722 -0.450888
v -0.537762 -0.235933 -0.449873
v -0.714257 -0.304739 -0.423975
v -0.785873 -0.051778 0.421869
v -0.609378 -0.122097 0.443388
v -0.537759 0.050831 0.453265
v -0.714254 0.121150 0.431745
v 0.515851 -0.051778 0.421869
v 0.692346 -0.122097 0.443388
v 0.763965 0.050831 0.453265
v 0.587470 0.121150 0.431745
v 0.785873 -0.051778 -0.421868
v 0.609378 -0.122097 -0.443388
v 0.537759 0.050831 -0.453265
v 0.714254 0.121150 -0.431745
v -0.515851 -0.051778 -0.421868
v -0.692346 -0.122097 -0.443388
v -0.763965 0.050831 -0.453265
v -0.587470 0.121150 -0.431745
v 0.785873 0.424875 -0.051412
v 0.609378 0.446548 -0.121233
v 0.537759 0.456495 0.050472
v 0.714254 0.434822 0.120293
v -0.515851 0.424875 -0.051412
v -0.692346 0.446548 -0.121233
v -0.763965 0.456495 0.050472
v -0.587470 0.434822 0.120293
v -0.785873 -0.424875 -0.051412
v -0.609378 -0.446548 -0.121233
v -0.537759 -0.456495 0.050472
v -0.714254 -0.434822 0.120293
v 0.515851 -0.424875 -0.051412
v 0.692346 -0.446548 -0.121233
v 0.763965 -0.456495 0.050472
v 0.587470 -0.434822 0.120293
v -0.304268 0.369463 0.344785
v -0.477501 0.449497 0.335519
v -0.550549 0.312311 0.439600
v -0.377317 0.232277 0.448866
v -0.573454 0.362482 0.380633
v -0.394787 0.333228 0.442081
v -0.325040 0.429966 0.298553
v -0.503707 0.459220 0.237105
v -0.304268 -0.347233 0.366852
v -0.477502 -0.337894 0.446318
v -0.550549 -0.442732 0.310113
v -0.377315 -0.452071 0.230647
v -0.573454 -0.383345 0.359921
v -0.394786 -0.445231 0.330877
v -0.325040 -0.300675 0.426924
v -0.503707 -0.238789 0.455967
v 0.304268 0.369463 -0.344785
v 0.477501 0.449497 -0.335519
v 0.550549 0.312311 -0.439600
v 0.377317 0.232277 -0.448866
v 0.573454 0.362482 -0.380633
v 0.394787 0.333228 -0.442081
v 0.325040 0.429966 -0.298553
v 0.503707 0.459220 -0.237105
v 0.304269 -0.347233 -0.366852
v 0.477502 -0.337894 -0.446318
v 0.550549 -0.442732 -0.310113
v 0.377315 -0.452071 -0.230647
v 0.573454 -0.383345 -0.359921
v 0.394786 -0.445231 -0.330877
v 0.325040 -0.300675 -0.426924
v 0.503707 -0.238789 -0.455967
v -0.304268 0.347237 -0.366850
v -0.477501 0.337901 -0.446317
v -0.550548 0.442732 -0.310108
v -0.377315 0.452068 -0.230641
v -0.305727 0.281943 -0.399722
v -0.480945 0.243113 -0.465067
v -0.549111 0.398239 -0.385662
v -0.373893 0.437069 -0.320317
v -0.304268 -0.369466 -0.344776
v -0.477502 -0.449498 -0.335503
v -0.550549 -0.312323 -0.439599
v -0.377315 -0.232291 -0.448872
v -0.305728 -0.402569 -0.279938
v -0.480947 -0.468375 -0.241378
v -0.549111 -0.388421 -0.395415
v -0.373892 -0.322616 -0.433976
v 0.304268 0.347237 0.366850
v 0.477501 0.337901 0.446317
v 0.550548 0.442732 0.310108
v 0.377315 0.452068 0.230641
v 0.305727 0.281943 0.399722
v 0.480945 0.243113 0.465067
v 0.549111 0.398239 0.385662
v 0.373893 0.437069 0.320317
v 0.304269 -0.369466 0.344776
v 0.477502 -0.449498 0.335503
v 0.550549 -0.312323 0.439599
v 0.377315 -0.232291 0.448872
v 0.305728 -0.402569 0.279938
v 0.480947 -0.468375 0.241378
v 0.549111 -0.388421 0.395415
v 0.373892 -0.322616 0.433976
v -0.844973 -0.000000 0.205749
v -0.844973 0.205749 0.205749
v -0.844973 0.205749 -0.000000
v -0.844973 0.000000 -0.000000
v -0.844973 -0.205749 0.205749
v -0.844973 -0.205749 -0.000000
v 0.844973 0.000000 -0.000000
v 0.844973 -0.000000 0.205749
v 0.844973 -0.205749 0.205749
v 0.844973 -0.205749 -0.000000
v 0.844973 0.205749 -0.000000
v 0.844973 0.205749 0.205749
v 0.844973 -0.000000 -0.205749
v 0.844973 0.205749 -0.205749
v 0.844973 -0.205749 -0.205749
v -0.844973 -0.000000 -0.205749
v -0.844973 -0.205749 -0.205749
v -0.844973 0.205749 -0.205749
v -0.844973 0.304417 -0.304417
v -0.833369 0.301718 -0.351771
v -0.833473 0.202734 -0.363616
v -0.844973 0.199718 -0.315733
v -0.833369 0.351771 -0.301718
v -0.844973 0.315733 -0.199718
v -0.833473 0.363616 -0.202734
v -0.833454 0.301967 0.351718
v -0.844973 0.304417 0.304417
v -0.844973 0.199718 0.315733
v -0.833473 0.202734 0.363616
v 0.833369 0.351771 0.301718
v 0.844973 0.304417 0.304417
v 0.844973 0.315733 0.199718
v 0.833473 0.363616 0.202734
v 0.833454 0.301967 -0.351718
v 0.844973 0.304417 -0.304417
v 0.844973 0.199718 -0.315733
v 0.833473 0.202734 -0.363616
v -0.833454 -0.301967 -0.351718
v -0.844973 -0.304417 -0.304417
v -0.844973 -0.199718 -0.315733
v -0.833473 -0.202734 -0.363616
v 0.833454 -0.301967 0.351718
v 0.844973 -0.304417 0.304417
v 0.844973 -0.199718 0.315733
v 0.833473 -0.202734 0.363616
v -0.833473 0.363615 -0.000000
v -0.844973 0.315733 -0.000000
v -0.844973 0.315733 0.199718
v -0.833473 0.363616 0.202734
v 0.833473 0.363615 -0.000000
v 0.844973 0.315733 -0.000000
v 0.844973 0.315733 -0.199718
v 0.833473 0.363616 -0.202734
v 0.844973 -0.315733 -0.000000
v 0.833473 -0.363615 -0.000000
v 0.833473 -0.363615 -0.202734
v 0.844973 -0.315733 -0.199718
v -0.844973 -0.315733 -0.000000
v -0.833473 -0.363615 -0.000000
v -0.833473 -0.363615 0.202734
v -0.844973 -0.315733 0.199718
v 0.844973 0.199718 0.315733
v -0.844973 -0.315733 -0.199718
v -0.844973 -0.199718 0.315733
v -0.844973 -0.304417 0.304417
v 0.844973 -0.315733 0.199718
v 0.844973 -0.199718 -0.315733
v 0.844973 -0.304417 -0.304417
v -0.844973 -0.000000 -0.315733
v -0.844973 -0.000000 0.315733
v 0.844973 -0.000000 0.315733
v 0.844973 -0.000000 -0.315733
v -0.833473 -0.000000 0.363616
v 0.833369 0.301718 0.351771
v 0.833473 0.202734 0.363616
v 0.833473 -0.000000 -0.363616
v -0.833369 -0.351771 -0.301718
v -0.833473 -0.363616 -0.202734
v 0.833369 -0.351771 0.301718
v 0.833473 -0.363616 0.202734
v -0.833453 0.351718 0.301967
v 0.833453 0.351718 -0.301967
v 0.833453 -0.351718 -0.301967
v -0.833453 -0.351718 0.301967
v -0.833473 -0.000000 -0.363616
v -0.833473 -0.202734 0.363616
v -0.833369 -0.301718 0.351771
v 0.833473 -0.000000 0.363616
v 0.833473 -0.202734 -0.363616
v 0.833369 -0.301718 -0.351771
v -0.787134 0.301384 -0.390740
v -0.811660 0.301186 -0.375459
v -0.806215 0.341645 -0.364353
v -0.780435 0.344015 -0.378584
v -0.787681 0.205212 -0.402964
v -0.812065 0.204238 -0.387498
v -0.787681 -0.000000 -0.402964
v -0.812065 -0.000000 -0.387498
v -0.811660 0.375459 -0.301186
v -0.787134 0.390740 -0.301384
v -0.780435 0.378584 -0.344015
v -0.806215 0.364353 -0.341645
v -0.812065 0.387498 -0.204238
v -0.787681 0.402964 -0.205212
v -0.812065 0.387498 -0.000000
v -0.787681 0.402964 -0.000000
v -0.811920 0.301573 0.375348
v -0.787431 0.301870 0.390686
v -0.780877 0.344274 0.378631
v -0.806614 0.341830 0.364337
v -0.812066 0.204238 0.387498
v -0.787681 0.205212 0.402964
v -0.812065 -0.000000 0.387498
v -0.787681 -0.000000 0.402964
v 0.811660 0.375459 0.301186
v 0.787134 0.390740 0.301384
v 0.780435 0.378584 0.344015
v 0.806215 0.364353 0.341645
v 0.812065 0.387498 0.204238
v 0.787681 0.402964 0.205212
v 0.812065 0.387498 -0.000000
v 0.787681 0.402964 -0.000000
v 0.811920 0.301573 -0.375348
v 0.787431 0.301870 -0.390686
v 0.780877 0.344274 -0.378631
v 0.806614 0.341830 -0.364337
v 0.812066 0.204238 -0.387498
v 0.787681 0.205212 -0.402964
v 0.812065 -0.000000 -0.387498
v 0.787681 -0.000000 -0.402964
v -0.811919 -0.301573 -0.375348
v -0.787431 -0.301870 -0.390687
v -0.780715 -0.344287 -0.378553
v -0.806457 -0.341858 -0.364270
v -0.812066 -0.204238 -0.387498
v -0.787681 -0.205212 -0.402964
v 0.811919 -0.301573 0.375348
v 0.787431 -0.301870 0.390687
v 0.780715 -0.344287 0.378553
v 0.806457 -0.341858 0.364270
v 0.812066 -0.204238 0.387498
v 0.787681 -0.205212 0.402964
v 0.812065 -0.000000 0.387498
v 0.787681 -0.000000 0.402964
v -0.812065 0.387499 0.204238
v -0.787682 0.402964 0.205212
v -0.811919 0.375348 0.301573
v -0.787431 0.390686 0.301870
v 0.812065 0.387499 -0.204238
v 0.787682 0.402964 -0.205212
v 0.811919 0.375348 -0.301573
v 0.787431 0.390686 -0.301870
v 0.787681 -0.402964 -0.000000
v 0.812065 -0.387498 -0.000000
v 0.812065 -0.387498 0.204238
v 0.787681 -0.402964 0.205212
v 0.787682 -0.402964 -0.205212
v 0.812065 -0.387499 -0.204238
v 0.787431 -0.390687 -0.301870
v 0.811919 -0.375348 -0.301573
v -0.787681 -0.402964 -0.000000
v -0.812065 -0.387498 -0.000000
v -0.812065 -0.387498 -0.204238
v -0.787681 -0.402964 -0.205212
v -0.787682 -0.402964 0.205212
v -0.812065 -0.387499 0.204238
v -0.787431 -0.390687 0.301870
v -0.811919 -0.375348 0.301573
v -0.812064 -0.204238 0.387500
v -0.787683 -0.205212 0.402964
v 0.787134 0.301384 0.390740
v 0.811660 0.301186 0.375459
v 0.806215 0.341645 0.364353
v 0.780435 0.344015 0.378584
v 0.787681 0.205212 0.402964
v 0.812065 0.204238 0.387498
v 0.812064 -0.204238 -0.387500
v 0.787683 -0.205212 -0.402964
v -0.787134 -0.390740 -0.301384
v -0.811660 -0.375458 -0.301186
v -0.806372 -0.364420 -0.341618
v -0.780597 -0.378663 -0.344002
v 0.787134 -0.390740 0.301384
v 0.811660 -0.375458 0.301186
v 0.806372 -0.364420 0.341618
v 0.780597 -0.378663 0.344002
v -0.806614 0.364337 0.341830
v -0.780877 0.378631 0.344274
v 0.806614 0.364337 -0.341830
v 0.780877 0.378631 -0.344274
v 0.780715 -0.378552 -0.344287
v 0.806457 -0.364270 -0.341858
v -0.780715 -0.378552 0.344287
v -0.806457 -0.364270 0.341858
v -0.811660 -0.301186 0.375458
v -0.787134 -0.301384 0.390740
v -0.806372 -0.341618 0.364420
v -0.780597 -0.344002 0.378664
v 0.811660 -0.301186 -0.375458
v 0.787134 -0.301384 -0.390740
v 0.806372 -0.341618 -0.364420
v 0.780597 -0.344002 -0.378664
v -0.780435 0.344015 -0.378584
v -0.806215 0.341645 -0.364353
v -0.780877 0.378631 0.344274
v -0.780877 0.344274 0.378631
v 0.780435 0.344015 0.378584
v 0.806215 0.341645 0.364353
v 0.780877 0.378631 -0.344274
v 0.780877 0.344274 -0.378631
v -0.806457 -0.341858 -0.364270
v -0.780715 -0.344287 -0.378553
v -0.806457 -0.364270 0.341858
v -0.780715 -0.378552 0.344287
v 0.806457 -0.341858 0.364270
v 0.780715 -0.344287 0.378553
v 0.806457 -0.364270 -0.341858
v 0.780715 -0.378552 -0.344287
v -0.811660 0.301186 -0.375459
v -0.812065 0.204238 -0.387498
v -0.758022 0.302286 -0.399290
v -0.759133 0.205749 -0.411498
v -0.758022 0.399290 -0.302286
v -0.759133 0.411498 -0.205749
v -0.811660 0.375459 -0.301186
v -0.812065 0.387498 -0.204238
v -0.758578 0.302836 0.399221
v -0.759133 0.205749 0.411498
v -0.811920 0.301573 0.375348
v -0.812066 0.204238 0.387498
v 0.758022 0.399290 0.302286
v 0.759133 0.411498 0.205749
v 0.811660 0.375459 0.301186
v 0.812065 0.387498 0.204238
v 0.758578 0.302836 -0.399221
v 0.759133 0.205749 -0.411498
v 0.811920 0.301573 -0.375348
v 0.812066 0.204238 -0.387498
v -0.758578 -0.302836 -0.399221
v -0.759133 -0.205749 -0.411498
v -0.811919 -0.301573 -0.375348
v -0.812066 -0.204238 -0.387498
v 0.758578 -0.302836 0.399221
v 0.759133 -0.205749 0.411498
v 0.811919 -0.301573 0.375348
v 0.812066 -0.204238 0.387498
v -0.759133 0.411498 -0.000000
v -0.759133 0.411498 0.205749
v -0.812065 0.387498 -0.000000
v -0.812065 0.387499 0.204238
v 0.759133 0.411498 -0.000000
v 0.759133 0.411498 -0.205749
v 0.812065 0.387498 -0.000000
v 0.812065 0.387499 -0.204238
v 0.812065 -0.387498 -0.000000
v 0.812065 -0.387499 -0.204238
v 0.759133 -0.411498 -0.000000
v 0.759133 -0.411498 -0.205749
v -0.812065 -0.387498 -0.000000
v -0.812065 -0.387499 0.204238
v -0.759133 -0.411498 -0.000000
v -0.759133 -0.411498 0.205749
v -0.759133 -0.000000 0.411498
v -0.812065 -0.000000 0.387498
v 0.811660 0.301186 0.375459
v 0.812065 0.204238 0.387498
v 0.758022 0.302286 0.399290
v 0.759133 0.205749 0.411498
v 0.759133 -0.000000 -0.411498
v 0.812065 -0.000000 -0.387498
v -0.811660 -0.375458 -0.301186
v -0.812065 -0.387498 -0.204238
v -0.758022 -0.399290 -0.302286
v -0.759133 -0.411498 -0.205749
v 0.811660 -0.375458 0.301186
v 0.812065 -0.387498 0.204238
v 0.758022 -0.399290 0.302286
v 0.759133 -0.411498 0.205749
v -0.811919 0.375348 0.301573
v -0.758578 0.399221 0.302836
v 0.811919 0.375348 -0.301573
v 0.758578 0.399221 -0.302836
v 0.758578 -0.399221 -0.302836
v 0.811919 -0.375348 -0.301573
v -0.758578 -0.399221 0.302836
v -0.811919 -0.375348 0.301573
v -0.812065 -0.000000 -0.387498
v -0.759133 -0.000000 -0.411498
v -0.759133 -0.205749 0.411498
v -0.812064 -0.204238 0.387500
v -0.811660 -0.301186 0.375458
v -0.758022 -0.302286 0.399290
v 0.812065 -0.000000 0.387498
v 0.759133 -0.000000 0.411498
v 0.759133 -0.205749 -0.411498
v 0.812064 -0.204238 -0.387500
v 0.811660 -0.301186 -0.375458
v 0.758022 -0.302286 -0.399290
v -0.757635 0.382747 -0.348222
v -0.757635 0.348222 -0.382747
v -0.757635 0.348222 -0.382747
v -0.758387 0.382784 0.348480
v -0.758387 0.348480 0.382784
v -0.780877 0.344274 0.378631
v -0.758387 0.348480 0.382784
v 0.757635 0.382747 0.348222
v 0.757635 0.348222 0.382747
v 0.757635 0.348222 0.382747
v 0.758387 0.382784 -0.348480
v 0.758387 0.348480 -0.382784
v 0.780877 0.344274 -0.378631
v 0.758387 0.348480 -0.382784
v -0.758110 -0.348494 -0.382712
v -0.758110 -0.348494 -0.382712
v -0.757913 -0.382820 -0.348208
v -0.758110 -0.382712 0.348494
v -0.757913 -0.348208 0.382820
v -0.780597 -0.344002 0.378664
v -0.757913 -0.348208 0.382820
v 0.758110 -0.348494 0.382712
v 0.758110 -0.348494 0.382712
v 0.757913 -0.382820 0.348208
v 0.758110 -0.382712 -0.348494
v 0.757913 -0.348208 -0.382820
v 0.780597 -0.344002 -0.378664
v 0.757913 -0.348208 -0.382820
v -0.276696 0.411595 -0.000000
v -0.151490 0.417303 -0.000000
v -0.151483 0.417303 -0.208652
v -0.276674 0.411597 -0.205798
v -0.276674 0.411597 0.205798
v -0.151483 0.417303 0.208652
v -0.276644 0.399250 0.303461
v -0.151452 0.404782 0.307666
v 0.276696 0.411595 -0.000000
v 0.151490 0.417303 -0.000000
v 0.151483 0.417303 0.208652
v 0.276674 0.411597 0.205798
v 0.276674 0.411597 -0.205798
v 0.151483 0.417303 -0.208652
v 0.276643 0.399250 -0.303461
v 0.151452 0.404782 -0.307666
v 0.276696 -0.411595 -0.000000
v 0.151490 -0.417303 -0.000000
v 0.151483 -0.417303 -0.208652
v 0.276674 -0.411597 -0.205798
v 0.276674 -0.411597 0.205798
v 0.151483 -0.417303 0.208652
v 0.276643 -0.399250 0.303461
v 0.151452 -0.404782 0.307666
v -0.276696 -0.411595 -0.000000
v -0.151490 -0.417303 -0.000000
v -0.151483 -0.417303 0.208652
v -0.276674 -0.411597 0.205798
v -0.276674 -0.411597 -0.205798
v -0.151483 -0.417303 -0.208652
v -0.276644 -0.399250 -0.303461
v -0.151452 -0.404782 -0.307666
v -0.276696 -0.000000 0.411595
v -0.151490 -0.000000 0.417303
v -0.151483 0.208652 0.417303
v -0.276674 0.205798 0.411597
v -0.276674 -0.205798 0.411597
v -0.151483 -0.208652 0.417303
v -0.276644 -0.303461 0.399250
v -0.151452 -0.307666 0.404782
v 0.276696 -0.000000 0.411595
v 0.151490 -0.000000 0.417303
v 0.151483 -0.208652 0.417303
v 0.276674 -0.205798 0.411597
v 0.276674 0.205798 0.411597
v 0.151483 0.208652 0.417303
v 0.276643 0.303461 0.399250
v 0.151452 0.307666 0.404782
v 0.276696 -0.000000 -0.411595
v 0.151490 -0.000000 -0.417303
v 0.151483 0.208652 -0.417303
v 0.276674 0.205798 -0.411597
v 0.276674 -0.205798 -0.411597
v 0.151483 -0.208652 -0.417303
v 0.276643 -0.303461 -0.399250
v 0.151452 -0.307666 -0.404782
v -0.276696 -0.000000 -0.411595
v -0.151490 -0.000000 -0.417303
v -0.151483 -0.208652 -0.417303
v -0.276674 -0.205798 -0.411597
v -0.276674 0.205798 -0.411597
v -0.151483 0.208652 -0.417303
v -0.276644 0.303461 -0.399250
v -0.151452 0.307666 -0.404782
v -0.151452 0.307666 0.404782
v -0.276644 0.303461 0.399250
v 0.151452 0.307666 -0.404782
v 0.276643 0.303461 -0.399250
v -0.151452 -0.307666 -0.404782
v -0.276644 -0.303461 -0.399250
v 0.151452 -0.307666 0.404782
v 0.276643 -0.303461 0.399250
v 0.151452 0.404782 0.307666
v 0.276643 0.399250 0.303461
v -0.151452 -0.404782 0.307666
v -0.276644 -0.399250 0.303461
v -0.151452 0.404782 -0.307666
v -0.276644 0.399250 -0.303461
v 0.151452 -0.404782 -0.307666
v 0.276643 -0.399250 -0.303461
v 0.151438 0.388220 0.353656
v 0.276599 0.382918 0.348826
v 0.151453 0.353656 0.388221
v 0.276584 0.348827 0.382920
v 0.276584 0.348827 0.382920
v 0.151453 0.353656 0.388221
v -0.151438 0.353656 0.388221
v -0.276599 0.348826 0.382918
v -0.276599 0.348826 0.382918
v -0.151438 0.353656 0.388221
v -0.151453 0.388220 0.353656
v -0.276584 0.382920 0.348827
v 0.151438 0.353656 -0.388221
v 0.276599 0.348826 -0.382918
v 0.276599 0.348826 -0.382918
v 0.151438 0.353656 -0.388221
v 0.151453 0.388220 -0.353656
v 0.276584 0.382920 -0.348827
v -0.151438 0.388220 -0.353656
v -0.276599 0.382918 -0.348826
v -0.151453 0.353656 -0.388221
v -0.276584 0.348827 -0.382920
v -0.276584 0.348827 -0.382920
v -0.151453 0.353656 -0.388221
v 0.151438 -0.388220 -0.353656
v 0.276599 -0.382918 -0.348826
v 0.151453 -0.353656 -0.388221
v 0.276584 -0.348827 -0.382920
v 0.276584 -0.348827 -0.382920
v 0.151453 -0.353656 -0.388221
v -0.151438 -0.353656 -0.388221
v -0.276599 -0.348826 -0.382918
v -0.276599 -0.348826 -0.382918
v -0.151438 -0.353656 -0.388221
v -0.151453 -0.388220 -0.353656
v -0.276584 -0.382920 -0.348827
v 0.151438 -0.353656 0.388221
v 0.276599 -0.348826 0.382918
v 0.276599 -0.348826 0.382918
v 0.151438 -0.353656 0.388221
v 0.151453 -0.388220 0.353656
v 0.276584 -0.382920 0.348827
v -0.151438 -0.388220 0.353656
v -0.276599 -0.382918 0.348826
v -0.151453 -0.353656 0.388221
v -0.276584 -0.348827 0.382920
v -0.276584 -0.348827 0.382920
v -0.151453 -0.353656 0.388221
v -0.422487 0.199137 0.398274
v -0.422487 -0.000000 0.398274
v 0.000000 0.208652 0.417303
v 0.000000 -0.000000 0.417303
v 0.422487 0.199137 0.398274
v 0.422487 -0.000000 0.398274
v 0.422487 0.199137 -0.398274
v 0.422487 -0.000000 -0.398274
v 0.000000 0.208652 -0.417303
v -0.000000 -0.000000 -0.417303
v -0.422487 0.199137 -0.398274
v -0.422487 -0.000000 -0.398274
v 0.000000 -0.208652 0.417303
v -0.422487 -0.199137 0.398274
v -0.422487 -0.199137 -0.398274
v -0.000000 -0.208652 -0.417303
v 0.422487 -0.199137 -0.398274
v 0.422487 -0.199137 0.398274
v 0.422486 0.398274 0.199137
v 0.422486 0.398274 0.000000
v 0.000000 0.417303 0.208652
v -0.000000 0.417303 -0.000000
v -0.422486 0.398274 0.199137
v -0.422486 0.398274 0.000000
v -0.422486 -0.398274 0.199137
v -0.422486 -0.398274 0.000000
v 0.000000 -0.417303 0.208652
v 0.000000 -0.417303 -0.000000
v 0.422486 -0.398274 0.199137
v 0.422486 -0.398274 0.000000
v -0.422486 0.398274 -0.199137
v -0.000000 0.417303 -0.208652
v 0.422486 0.398274 -0.199137
v 0.422486 -0.398274 -0.199137
v 0.000000 -0.417303 -0.208652
v -0.422486 -0.398274 -0.199137
v 0.000000 0.307666 0.404782
v 0.000000 0.353656 0.388221
v 0.000000 0.353656 0.388221
v 0.000000 0.388220 0.353656
v 0.000000 0.404782 0.307666
v 0.000000 0.404782 -0.307666
v 0.000000 0.388220 -0.353656
v 0.000000 0.353656 -0.388221
v 0.000000 0.353656 -0.388221
v 0.000000 0.307666 -0.404782
v 0.000000 -0.307666 -0.404782
v 0.000000 -0.353656 -0.388221
v 0.000000 -0.353656 -0.388221
v 0.000000 -0.388220 -0.353656
v 0.000000 -0.404782 -0.307666
v 0.000000 -0.404782 0.307666
v 0.000000 -0.388220 0.353656
v 0.000000 -0.353656 0.388221
v 0.000000 -0.353656 0.388221
v 0.000000 -0.307666 0.404782
v 0.422486 0.386324 -0.293636
v 0.422486 0.293636 -0.386324
v 0.422486 -0.386324 -0.293636
v 0.422486 0.293636 0.386324
v -0.422486 0.386324 -0.293636
v -0.422486 0.293636 0.386324
v -0.422486 -0.386324 -0.293636
v -0.422486 0.293636 -0.386324
v -0.422486 0.386324 0.293636
v 0.422486 0.386324 0.293636
v 0.422486 -0.386324 0.293636
v -0.422486 -0.386324 0.293636
v -0.422486 -0.293636 0.386324
v 0.422486 -0.293636 0.386324
v 0.422486 -0.293636 -0.386324
v -0.422486 -0.293636 -0.386324
v -0.422486 0.370517 0.337529
v -0.422486 0.337529 0.370517
v -0.422486 0.337529 0.370517
v -0.422486 0.370517 -0.337529
v -0.422486 0.337529 -0.370517
v -0.422486 0.337529 -0.370517
v -0.422486 -0.337529 -0.370517
v -0.422486 -0.370517 -0.337529
v -0.422486 -0.337529 -0.370517
v -0.422486 -0.337529 0.370517
v -0.422486 -0.337529 0.370517
v -0.422486 -0.370517 0.337529
v 0.422486 0.370517 -0.337529
v 0.422486 0.337529 -0.370517
v 0.422486 0.337529 -0.370517
v 0.422486 0.370517 0.337529
v 0.422486 0.337529 0.370517
v 0.422486 0.337529 0.370517
v 0.422486 -0.337529 0.370517
v 0.422486 -0.370517 0.337529
v 0.422486 -0.337529 0.370517
v 0.422486 -0.337529 -0.370517
v 0.422486 -0.337529 -0.370517
v 0.422486 -0.370517 -0.337529
v -0.571931 0.407629 -0.000000
v -0.695650 0.411498 -0.000000
v -0.695653 0.411498 0.205749
v -0.571941 0.407630 0.203815
v -0.571941 0.407630 -0.203815
v -0.695653 0.411498 -0.205749
v -0.571955 0.395400 -0.300535
v -0.695668 0.399221 -0.302838
v 0.571931 0.407629 -0.000000
v 0.695650 0.411498 -0.000000
v 0.695653 0.411498 -0.205749
v 0.571941 0.407630 -0.203815
v 0.571938 0.407630 0.203815
v 0.695657 0.411498 0.205749
v 0.571955 0.395400 0.300535
v 0.695668 0.399221 0.302838
v 0.571931 -0.407629 -0.000000
v 0.695650 -0.411498 -0.000000
v 0.695653 -0.411498 0.205749
v 0.571941 -0.407630 0.203815
v 0.571941 -0.407630 -0.203815
v 0.695653 -0.411498 -0.205749
v 0.571955 -0.395400 -0.300535
v 0.695668 -0.399186 -0.303113
v -0.571931 -0.407629 -0.000000
v -0.695650 -0.411498 -0.000000
v -0.695653 -0.411498 -0.205749
v -0.571941 -0.407630 -0.203815
v -0.571938 -0.407630 0.203815
v -0.695657 -0.411498 0.205749
v -0.571955 -0.395400 0.300535
v -0.695668 -0.399186 0.303113
v -0.571931 -0.000000 0.407629
v -0.695650 -0.000000 0.411498
v -0.695653 -0.205749 0.411498
v -0.571941 -0.203815 0.407630
v -0.571941 0.203815 0.407630
v -0.695653 0.205749 0.411498
v -0.571955 0.300535 0.395400
v -0.695668 0.303113 0.399186
v 0.571931 -0.000000 0.407629
v 0.695650 -0.000000 0.411498
v 0.695653 0.205749 0.411498
v 0.571941 0.203815 0.407630
v 0.571938 -0.203815 0.407630
v 0.695657 -0.205749 0.411498
v 0.571955 -0.300535 0.395400
v 0.695668 -0.303113 0.399186
v 0.571931 -0.000000 -0.407629
v 0.695650 -0.000000 -0.411498
v 0.695653 -0.205749 -0.411498
v 0.571941 -0.203815 -0.407630
v 0.571941 0.203815 -0.407630
v 0.695653 0.205749 -0.411498
v 0.571955 0.300535 -0.395400
v 0.695668 0.303113 -0.399186
v -0.571931 -0.000000 -0.407629
v -0.695650 -0.000000 -0.411498
v -0.695653 0.205749 -0.411498
v -0.571941 0.203815 -0.407630
v -0.571938 -0.203815 -0.407630
v -0.695657 -0.205749 -0.411498
v -0.571955 -0.300535 -0.395400
v -0.695668 -0.303113 -0.399186
v 0.695668 0.302838 0.399221
v 0.571955 0.300535 0.395400
v -0.695668 0.302838 -0.399221
v -0.571955 0.300535 -0.395400
v -0.695668 -0.302838 0.399221
v -0.571955 -0.300535 0.395400
v 0.695668 -0.302838 -0.399221
v 0.571955 -0.300535 -0.395400
v -0.695668 0.399186 0.303113
v -0.571955 0.395400 0.300535
v 0.695668 -0.399221 0.302838
v 0.571955 -0.395400 0.300535
v 0.695668 0.399186 -0.303113
v 0.571955 0.395400 -0.300535
v -0.695668 -0.399221 -0.302838
v -0.571955 -0.395400 -0.300535
v -0.695676 0.348479 -0.382784
v -0.571974 0.345460 -0.379223
v -0.571974 0.345460 -0.379223
v -0.695676 0.348479 -0.382784
v -0.695671 0.382784 -0.348479
v -0.571979 0.379224 -0.345460
v -0.695675 0.382802 0.348609
v -0.571975 0.379223 0.345460
v -0.695669 0.348609 0.382802
v -0.571981 0.345460 0.379224
v -0.571981 0.345460 0.379224
v -0.695669 0.348609 0.382802
v 0.695676 0.348479 0.382784
v 0.571974 0.345460 0.379223
v 0.571974 0.345460 0.379223
v 0.695676 0.348479 0.382784
v 0.695671 0.382784 0.348479
v 0.571979 0.379224 0.345460
v 0.695675 0.382802 -0.348609
v 0.571975 0.379223 -0.345460
v 0.695669 0.348609 -0.382802
v 0.571981 0.345460 -0.379224
v 0.571981 0.345460 -0.379224
v 0.695669 0.348609 -0.382802
v -0.695676 -0.382820 -0.348473
v -0.571975 -0.379223 -0.345460
v -0.695670 -0.348616 -0.382766
v -0.571981 -0.345460 -0.379224
v -0.571981 -0.345460 -0.379224
v -0.695670 -0.348616 -0.382766
v -0.695676 -0.348473 0.382820
v -0.571975 -0.345460 0.379223
v -0.571975 -0.345460 0.379223
v -0.695676 -0.348473 0.382820
v -0.695670 -0.382766 0.348616
v -0.571981 -0.379224 0.345461
v 0.695676 -0.382820 0.348473
v 0.571975 -0.379223 0.345460
v 0.695670 -0.348616 0.382766
v 0.571981 -0.345460 0.379224
v 0.571981 -0.345460 0.379224
v 0.695670 -0.348616 0.382766
v 0.695676 -0.348473 -0.382820
v 0.571975 -0.345460 -0.379223
v 0.571975 -0.345460 -0.379223
v 0.695676 -0.348473 -0.382820
v 0.695670 -0.382766 -0.348616
v 0.571981 -0.379224 -0.345461
v -0.400000 0.365871 0.381807
v -0.391263 0.363205 0.379555
v -0.391263 0.375658 0.365389
v -0.400000 0.378255 0.367721
v -0.387644 0.356769 0.374117
v -0.387644 0.369390 0.359759
v -0.391263 0.350332 0.368679
v -0.391263 0.363121 0.354128
v -0.400000 0.347666 0.366426
v -0.400000 0.360525 0.351796
v -0.408737 0.350332 0.368679
v -0.408737 0.363121 0.354128
v -0.412356 0.356769 0.374117
v -0.412356 0.369390 0.359759
v -0.408737 0.363205 0.379555
v -0.408737 0.375658 0.365389
v -0.400000 0.365871 0.381807
v -0.400000 0.378255 0.367721
v -0.391263 0.388460 0.350934
v -0.400000 0.391109 0.353207
v -0.387644 0.382065 0.345447
v -0.391263 0.375670 0.339961
v -0.400000 0.373021 0.337688
v -0.408737 0.375670 0.339961
v -0.412356 0.382065 0.345447
v -0.408737 0.388460 0.350934
v -0.400000 0.391109 0.353207
v -0.391263 0.399799 0.336643
v -0.400000 0.402645 0.338662
v -0.387644 0.392927 0.331767
v -0.391263 0.386055 0.326892
v -0.400000 0.383208 0.324872
v -0.408737 0.386055 0.326892
v -0.412356 0.392927 0.331767
v -0.408737 0.399799 0.336643
v -0.400000 0.402645 0.338662
v -0.391263 0.409392 0.320536
v -0.400000 0.412514 0.322096
v -0.387644 0.401856 0.316769
v -0.391263 0.394319 0.313002
v -0.400000 0.391197 0.311441
v -0.408737 0.394319 0.313002
v -0.412356 0.401856 0.316769
v -0.408737 0.409392 0.320536
v -0.400000 0.412514 0.322096
v -0.391263 0.416881 0.304333
v -0.400000 0.420070 0.305752
v -0.387644 0.409183 0.300907
v -0.391263 0.401485 0.297481
v -0.400000 0.398297 0.296062
v -0.408737 0.401485 0.297481
v -0.412356 0.409183 0.300907
v -0.408737 0.416881 0.304333
v -0.400000 0.420070 0.305752
v -0.391263 0.423735 0.287552
v -0.400000 0.427024 0.288718
v -0.387644 0.415793 0.284736
v -0.391263 0.407852 0.281921
v -0.400000 0.404562 0.280755
v -0.408737 0.407852 0.281921
v -0.412356 0.415793 0.284736
v -0.408737 0.423735 0.287552
v -0.400000 0.427024 0.288718
v -0.391263 0.428529 0.271748
v -0.400000 0.431902 0.272643
v -0.387644 0.420385 0.269587
v -0.391263 0.412240 0.267425
v -0.400000 0.408867 0.266530
v -0.408737 0.412240 0.267425
v -0.412356 0.420385 0.269587
v -0.408737 0.428529 0.271748
v -0.400000 0.431902 0.272643
v -0.391263 0.432433 0.256292
v -0.400000 0.435817 0.257145
v -0.387644 0.424262 0.254234
v -0.391263 0.416092 0.252176
v -0.400000 0.412707 0.251323
v -0.408737 0.416092 0.252176
v -0.412356 0.424262 0.254234
v -0.408737 0.432433 0.256292
v -0.400000 0.435817 0.257145
v -0.391263 0.436422 0.241183
v -0.400000 0.439785 0.242115
v -0.387644 0.428302 0.238932
v -0.391263 0.420183 0.236681
v -0.400000 0.416819 0.235748
v -0.408737 0.420183 0.236681
v -0.412356 0.428302 0.238932
v -0.408737 0.436422 0.241183
v -0.400000 0.439785 0.242115
v -0.391263 0.440799 0.226217
v -0.400000 0.444134 0.227247
v -0.387644 0.432748 0.223731
v -0.391263 0.424698 0.221244
v -0.400000 0.421363 0.220215
v -0.408737 0.424698 0.221244
v -0.412356 0.432748 0.223731
v -0.408737 0.440799 0.226217
v -0.400000 0.444134 0.227247
v -0.391263 0.445522 0.211016
v -0.400000 0.448866 0.212013
v -0.387644 0.437447 0.208607
v -0.391263 0.429373 0.206198
v -0.400000 0.426029 0.205200
v -0.408737 0.429373 0.206198
v -0.412356 0.437447 0.208607
v -0.408737 0.445522 0.211016
v -0.400000 0.448866 0.212013
v -0.391263 0.449669 0.195006
v -0.400000 0.453085 0.195720
v -0.387644 0.441421 0.193282
v -0.391263 0.433174 0.191559
v -0.400000 0.429757 0.190845
v -0.408737 0.433174 0.191559
v -0.412356 0.441421 0.193282
v -0.408737 0.449669 0.195006
v -0.400000 0.453085 0.195720
v -0.391263 0.452194 0.178867
v -0.400000 0.455663 0.179249
v -0.387644 0.443818 0.177944
v -0.391263 0.435443 0.177021
v -0.400000 0.431974 0.176638
v -0.408737 0.435443 0.177021
v -0.412356 0.443818 0.177944
v -0.408737 0.452194 0.178867
v -0.400000 0.455663 0.179249
v -0.391263 0.453390 0.162823
v -0.400000 0.456877 0.162974
v -0.387644 0.444972 0.162460
v -0.391263 0.436554 0.162097
v -0.400000 0.433067 0.161946
v -0.408737 0.436554 0.162097
v -0.412356 0.444972 0.162460
v -0.408737 0.453390 0.162823
v -0.400000 0.456877 0.162974
v -0.391263 0.453700 0.146922
v -0.400000 0.457190 0.146919
v -0.387644 0.445274 0.146929
v -0.391263 0.436848 0.146936
v -0.400000 0.433358 0.146938
v -0.408737 0.436848 0.146936
v -0.412356 0.445274 0.146929
v -0.408737 0.453700 0.146922
v -0.400000 0.457190 0.146919
v -0.391263 0.453474 0.131185
v -0.400000 0.456963 0.131096
v -0.387644 0.445050 0.131400
v -0.391263 0.436627 0.131616
v -0.400000 0.433138 0.131705
v -0.408737 0.436627 0.131616
v -0.412356 0.445050 0.131400
v -0.408737 0.453474 0.131185
v -0.400000 0.456963 0.131096
v -0.391263 0.452945 0.115542
v -0.400000 0.456432 0.115401
v -0.387644 0.444526 0.115882
v -0.391263 0.436107 0.116222
v -0.400000 0.432620 0.116363
v -0.408737 0.436107 0.116222
v -0.412356 0.444526 0.115882
v -0.408737 0.452945 0.115542
v -0.400000 0.456432 0.115401
v -0.391263 0.452273 0.099993
v -0.400000 0.455760 0.099840
v -0.387644 0.443855 0.100363
v -0.391263 0.435438 0.100733
v -0.400000 0.431951 0.100886
v -0.408737 0.435438 0.100733
v -0.412356 0.443855 0.100363
v -0.408737 0.452273 0.099993
v -0.400000 0.455760 0.099840
v -0.391263 0.451646 0.084550
v -0.400000 0.455134 0.084425
v -0.387644 0.443225 0.084853
v -0.391263 0.434805 0.085155
v -0.400000 0.431317 0.085280
v -0.408737 0.434805 0.085155
v -0.412356 0.443225 0.084853
v -0.408737 0.451646 0.084550
v -0.400000 0.455134 0.084425
v -0.391263 0.451176 0.069120
v -0.400000 0.454665 0.069033
v -0.387644 0.442752 0.069331
v -0.391263 0.434329 0.069541
v -0.400000 0.430840 0.069628
v -0.408737 0.434329 0.069541
v -0.412356 0.442752 0.069331
v -0.408737 0.451176 0.069120
v -0.400000 0.454665 0.069033
v -0.391263 0.450877 0.053684
v -0.400000 0.454367 0.053637
v -0.387644 0.442452 0.053799
v -0.391263 0.434027 0.053913
v -0.400000 0.430537 0.053960
v -0.408737 0.434027 0.053913
v -0.412356 0.442452 0.053799
v -0.408737 0.450877 0.053684
v -0.400000 0.454367 0.053637
v -0.391263 0.450760 0.038253
v -0.400000 0.454250 0.038248
v -0.387644 0.442334 0.038266
v -0.391263 0.433908 0.038279
v -0.400000 0.430418 0.038285
v -0.408737 0.433908 0.038279
v -0.412356 0.442334 0.038266
v -0.408737 0.450760 0.038253
v -0.400000 0.454250 0.038248
v -0.391263 0.450784 0.022171
v -0.400000 0.454274 0.022175
v -0.387644 0.442358 0.022160
v -0.391263 0.433932 0.022150
v -0.400000 0.430442 0.022145
v -0.408737 0.433932 0.022150
v -0.412356 0.442358 0.022160
v -0.408737 0.450784 0.022171
v -0.400000 0.454274 0.022175
v -0.391263 0.450693 0.005922
v -0.400000 0.454183 0.005867
v -0.387644 0.442268 0.006054
v -0.391263 0.433844 0.006187
v -0.400000 0.430354 0.006241
v -0.408737 0.433844 0.006187
v -0.412356 0.442268 0.006054
v -0.408737 0.450693 0.005922
v -0.400000 0.454183 0.005867
v -0.391263 0.450155 -0.010494
v -0.400000 0.453640 -0.010680
v -0.387644 0.441741 -0.010044
v -0.391263 0.433327 -0.009594
v -0.400000 0.429842 -0.009408
v -0.408737 0.433327 -0.009594
v -0.412356 0.441741 -0.010044
v -0.408737 0.450155 -0.010494
v -0.400000 0.453640 -0.010680
v -0.391263 0.448797 -0.027047
v -0.400000 0.452265 -0.027442
v -0.387644 0.440426 -0.026092
v -0.391263 0.432054 -0.025137
v -0.400000 0.428586 -0.024741
v -0.408737 0.432054 -0.025137
v -0.412356 0.440426 -0.026092
v -0.408737 0.448797 -0.027047
v -0.400000 0.452265 -0.027442
v -0.391263 0.446489 -0.043394
v -0.400000 0.449934 -0.043956
v -0.387644 0.438173 -0.042039
v -0.391263 0.429857 -0.040683
v -0.400000 0.426412 -0.040122
v -0.408737 0.429857 -0.040683
v -0.412356 0.438173 -0.042039
v -0.408737 0.446489 -0.043394
v -0.400000 0.449934 -0.043956
v -0.391263 0.443725 -0.059376
v -0.400000 0.447162 -0.059984
v -0.387644 0.435428 -0.057909
v -0.391263 0.427130 -0.056441
v -0.400000 0.423694 -0.055833
v -0.408737 0.427130 -0.056441
v -0.412356 0.435428 -0.057909
v -0.408737 0.443725 -0.059376
v -0.400000 0.447162 -0.059984
v -0.391263 0.441080 -0.075075
v -0.400000 0.444529 -0.075606
v -0.387644 0.432752 -0.073793
v -0.391263 0.424424 -0.072511
v -0.400000 0.420975 -0.071980
v -0.408737 0.424424 -0.072511
v -0.412356 0.432752 -0.073793
v -0.408737 0.441080 -0.075075
v -0.400000 0.444529 -0.075606
v -0.391263 0.439038 -0.090672
v -0.400000 0.442508 -0.091050
v -0.387644 0.430662 -0.089759
v -0.391263 0.422285 -0.088846
v -0.400000 0.418816 -0.088467
v -0.408737 0.422285 -0.088846
v -0.412356 0.430662 -0.089759
v -0.408737 0.439038 -0.090672
v -0.400000 0.442508 -0.091050
v -0.391263 0.437590 -0.106443
v -0.400000 0.441070 -0.106711
v -0.387644 0.429189 -0.105797
v -0.391263 0.420788 -0.105150
v -0.400000 0.417308 -0.104882
v -0.408737 0.420788 -0.105150
v -0.412356 0.429189 -0.105797
v -0.408737 0.437590 -0.106443
v -0.400000 0.441070 -0.106711
v -0.391263 0.436532 -0.122358
v -0.400000 0.440016 -0.122561
v -0.387644 0.428120 -0.121868
v -0.391263 0.419709 -0.121377
v -0.400000 0.416224 -0.121174
v -0.408737 0.419709 -0.121377
v -0.412356 0.428120 -0.121868
v -0.408737 0.436532 -0.122358
v -0.400000 0.440016 -0.122561
v -0.391263 0.435659 -0.138394
v -0.400000 0.439145 -0.138578
v -0.387644 0.427245 -0.137949
v -0.391263 0.418831 -0.137505
v -0.400000 0.415346 -0.137321
v -0.408737 0.418831 -0.137505
v -0.412356 0.427245 -0.137949
v -0.408737 0.435659 -0.138394
v -0.400000 0.439145 -0.138578
v -0.391263 0.434798 -0.154980
v -0.400000 0.438284 -0.155152
v -0.387644 0.426382 -0.154564
v -0.391263 0.417967 -0.154149
v -0.400000 0.414481 -0.153977
v -0.408737 0.417967 -0.154149
v -0.412356 0.426382 -0.154564
v -0.408737 0.434798 -0.154980
v -0.400000 0.438284 -0.155152
v -0.391263 0.434078 -0.171493
v -0.400000 0.437566 -0.171620
v -0.387644 0.425658 -0.171187
v -0.391263 0.417237 -0.170881
v -0.400000 0.413750 -0.170755
v -0.408737 0.417237 -0.170881
v -0.412356 0.425658 -0.171187
v -0.408737 0.434078 -0.171493
v -0.400000 0.437566 -0.171620
v -0.391263 0.433641 -0.187958
v -0.400000 0.437131 -0.188013
v -0.387644 0.425216 -0.187825
v -0.391263 0.416791 -0.187693
v -0.400000 0.413302 -0.187638
v -0.408737 0.416791 -0.187693
v -0.412356 0.425216 -0.187825
v -0.408737 0.433641 -0.187958
v -0.400000 0.437131 -0.188013
v -0.391263 0.433444 -0.204588
v -0.400000 0.436933 -0.204638
v -0.387644 0.425019 -0.204465
v -0.391263 0.416593 -0.204343
v -0.400000 0.413104 -0.204292
v -0.408737 0.416593 -0.204343
v -0.412356 0.425019 -0.204465
v -0.408737 0.433444 -0.204588
v -0.400000 0.436933 -0.204638
v -0.391263 0.432943 -0.221523
v -0.400000 0.436429 -0.221699
v -0.387644 0.424528 -0.221098
v -0.391263 0.416113 -0.220672
v -0.400000 0.412627 -0.220496
v -0.408737 0.416113 -0.220672
v -0.412356 0.424528 -0.221098
v -0.408737 0.432943 -0.221523
v -0.400000 0.436429 -0.221699
v -0.391263 0.431489 -0.238724
v -0.400000 0.434952 -0.239159
v -0.387644 0.423129 -0.237675
v -0.391263 0.414768 -0.236626
v -0.400000 0.411305 -0.236192
v -0.408737 0.414768 -0.236626
v -0.412356 0.423129 -0.237675
v -0.408737 0.431489 -0.238724
v -0.400000 0.434952 -0.239159
v -0.391263 0.428337 -0.256028
v -0.400000 0.431729 -0.256853
v -0.387644 0.420150 -0.254037
v -0.391263 0.411963 -0.252046
v -0.400000 0.408571 -0.251221
v -0.408737 0.411963 -0.252046
v -0.412356 0.420150 -0.254037
v -0.408737 0.428337 -0.256028
v -0.400000 0.431729 -0.256853
v -0.391263 0.423918 -0.272330
v -0.400000 0.427283 -0.273255
v -0.387644 0.415793 -0.270096
v -0.391263 0.407669 -0.267862
v -0.400000 0.404304 -0.266937
v -0.408737 0.407669 -0.267862
v -0.412356 0.415793 -0.270096
v -0.408737 0.423918 -0.272330
v -0.400000 0.427283 -0.273255
v -0.391263 0.419483 -0.289016
v -0.400000 0.422853 -0.289924
v -0.387644 0.411348 -0.286822
v -0.391263 0.403212 -0.284629
v -0.400000 0.399842 -0.283721
v -0.408737 0.403212 -0.284629
v -0.412356 0.411348 -0.286822
v -0.408737 0.419483 -0.289016
v -0.400000 0.422853 -0.289924
v -0.391263 0.414358 -0.306109
v -0.400000 0.417663 -0.307231
v -0.387644 0.406380 -0.303398
v -0.391263 0.398402 -0.300687
v -0.400000 0.395098 -0.299564
v -0.408737 0.398402 -0.300687
v -0.412356 0.406380 -0.303398
v -0.408737 0.414358 -0.306109
v -0.400000 0.417663 -0.307231
v -0.391263 0.408954 -0.322193
v -0.400000 0.412301 -0.323185
v -0.387644 0.400876 -0.319799
v -0.391263 0.392797 -0.317404
v -0.400000 0.389451 -0.316413
v -0.408737 0.392797 -0.317404
v -0.412356 0.400876 -0.319799
v -0.408737 0.408954 -0.322193
v -0.400000 0.412301 -0.323185
v -0.391263 0.404679 -0.338730
v -0.400000 0.408051 -0.339630
v -0.387644 0.396538 -0.336558
v -0.391263 0.388397 -0.334386
v -0.400000 0.385024 -0.333486
v -0.408737 0.388397 -0.334386
v -0.412356 0.396538 -0.336558
v -0.408737 0.404679 -0.338730
v -0.400000 0.408051 -0.339630
v -0.391263 0.397884 -0.356783
v -0.400000 0.400945 -0.358462
v -0.387644 0.390497 -0.352731
v -0.391263 0.383110 -0.348678
v -0.400000 0.380049 -0.347000
v -0.408737 0.383110 -0.348678
v -0.412356 0.390497 -0.352731
v -0.408737 0.397884 -0.356783
v -0.400000 0.400945 -0.358462
v -0.391263 0.386878 -0.372865
v -0.400000 0.389686 -0.374937
v -0.387644 0.380098 -0.367862
v -0.391263 0.373318 -0.362859
v -0.400000 0.370510 -0.360786
v -0.408737 0.373318 -0.362859
v -0.412356 0.380098 -0.367862
v -0.408737 0.386878 -0.372865
v -0.400000 0.389686 -0.374937
v -0.391263 0.374029 -0.387962
v -0.400000 0.376432 -0.390493
v -0.387644 0.368227 -0.381852
v -0.391263 0.362425 -0.375742
v -0.400000 0.360021 -0.373211
v -0.408737 0.362425 -0.375742
v -0.412356 0.368227 -0.381852
v -0.408737 0.374029 -0.387962
v -0.400000 0.376432 -0.390493
v -0.391263 0.357311 -0.399863
v -0.400000 0.358976 -0.402931
v -0.387644 0.353292 -0.392458
v -0.391263 0.349273 -0.385052
v -0.400000 0.347608 -0.381985
v -0.408737 0.349273 -0.385052
v -0.412356 0.353292 -0.392458
v -0.408737 0.357311 -0.399863
v -0.400000 0.358976 -0.402931
v -0.391263 0.339520 -0.407828
v -0.400000 0.340758 -0.411092
v -0.387644 0.336532 -0.399950
v -0.391263 0.333543 -0.392072
v -0.400000 0.332305 -0.388809
v -0.408737 0.333543 -0.392072
v -0.412356 0.336532 -0.399950
v -0.408737 0.339520 -0.407828
v -0.400000 0.340758 -0.411092
v -0.391263 0.323338 -0.413346
v -0.400000 0.324357 -0.416684
v -0.387644 0.320877 -0.405287
v -0.391263 0.318416 -0.397228
v -0.400000 0.317397 -0.393890
v -0.408737 0.318416 -0.397228
v -0.412356 0.320877 -0.405287
v -0.408737 0.323338 -0.413346
v -0.400000 0.324357 -0.416684
v -0.391263 0.306955 -0.417852
v -0.400000 0.307793 -0.421239
v -0.387644 0.304930 -0.409672
v -0.391263 0.302905 -0.401493
v -0.400000 0.302066 -0.398106
v -0.408737 0.302905 -0.401493
v -0.412356 0.304930 -0.409672
v -0.408737 0.306955 -0.417852
v -0.400000 0.307793 -0.421239
v -0.391263 0.290499 -0.421564
v -0.400000 0.291205 -0.424982
v -0.387644 0.288795 -0.413312
v -0.391263 0.287090 -0.405061
v -0.400000 0.286384 -0.401643
v -0.408737 0.287090 -0.405061
v -0.412356 0.288795 -0.413312
v -0.408737 0.290499 -0.421564
v -0.400000 0.291205 -0.424982
v -0.391263 0.274075 -0.424743
v -0.400000 0.274704 -0.428176
v -0.387644 0.272554 -0.416455
v -0.391263 0.271034 -0.408168
v -0.400000 0.270405 -0.404735
v -0.408737 0.271034 -0.408168
v -0.412356 0.272554 -0.416455
v -0.408737 0.274075 -0.424743
v -0.400000 0.274704 -0.428176
v -0.391263 0.257700 -0.427659
v -0.400000 0.258293 -0.431098
v -0.387644 0.256269 -0.419355
v -0.391263 0.254838 -0.411052
v -0.400000 0.254245 -0.407612
v -0.408737 0.254838 -0.411052
v -0.412356 0.256269 -0.419355
v -0.408737 0.257700 -0.427659
v -0.400000 0.258293 -0.431098
v -0.391263 0.241184 -0.430334
v -0.400000 0.241699 -0.433786
v -0.387644 0.239940 -0.422000
v -0.391263 0.238697 -0.413667
v -0.400000 0.238182 -0.410215
v -0.408737 0.238697 -0.413667
v -0.412356 0.239940 -0.422000
v -0.408737 0.241184 -0.430334
v -0.400000 0.241699 -0.433786
v -0.391263 0.224478 -0.432533
v -0.400000 0.224866 -0.436001
v -0.387644 0.223541 -0.424159
v -0.391263 0.222605 -0.415785
v -0.400000 0.222217 -0.412317
v -0.408737 0.222605 -0.415785
v -0.412356 0.223541 -0.424159
v -0.408737 0.224478 -0.432533
v -0.400000 0.224866 -0.436001
v -0.391263 0.208546 -0.434008
v -0.400000 0.208806 -0.437489
v -0.387644 0.207917 -0.425606
v -0.391263 0.207289 -0.417203
v -0.400000 0.207028 -0.413723
v -0.408737 0.207289 -0.417203
v -0.412356 0.207917 -0.425606
v -0.408737 0.208546 -0.434008
v -0.400000 0.208806 -0.437489
v -0.391263 0.192636 -0.434959
v -0.400000 0.192796 -0.438446
v -0.387644 0.192248 -0.426542
v -0.391263 0.191861 -0.418125
v -0.400000 0.191701 -0.414639
v -0.408737 0.191861 -0.418125
v -0.412356 0.192248 -0.426542
v -0.408737 0.192636 -0.434959
v -0.400000 0.192796 -0.438446
v -0.391263 0.176767 -0.435511
v -0.400000 0.176853 -0.439000
v -0.387644 0.176558 -0.427088
v -0.391263 0.176350 -0.418664
v -0.400000 0.176263 -0.415175
v -0.408737 0.176350 -0.418664
v -0.412356 0.176558 -0.427088
v -0.408737 0.176767 -0.435511
v -0.400000 0.176853 -0.439000
v -0.391263 0.160949 -0.435781
v -0.400000 0.160986 -0.439271
v -0.387644 0.160860 -0.427356
v -0.391263 0.160772 -0.418930
v -0.400000 0.160735 -0.415440
v -0.408737 0.160772 -0.418930
v -0.412356 0.160860 -0.427356
v -0.408737 0.160949 -0.435781
v -0.400000 0.160986 -0.439271
v -0.391263 0.145187 -0.435879
v -0.400000 0.145197 -0.439370
v -0.387644 0.145162 -0.427453
v -0.391263 0.145137 -0.419028
v -0.400000 0.145126 -0.415537
v -0.408737 0.145137 -0.419028
v -0.412356 0.145162 -0.427453
v -0.408737 0.145187 -0.435879
v -0.400000 0.145197 -0.439370
v -0.391263 0.129480 -0.435909
v -0.400000 0.129486 -0.439399
v -0.387644 0.129464 -0.427483
v -0.391263 0.129448 -0.419057
v -0.400000 0.129441 -0.415567
v -0.408737 0.129448 -0.419057
v -0.412356 0.129464 -0.427483
v -0.408737 0.129480 -0.435909
v -0.400000 0.129486 -0.439399
v -0.391263 0.113827 -0.435972
v -0.400000 0.113853 -0.439462
v -0.387644 0.113766 -0.427547
v -0.391263 0.113705 -0.419121
v -0.400000 0.113680 -0.415631
v -0.408737 0.113705 -0.419121
v -0.412356 0.113766 -0.427547
v -0.408737 0.113827 -0.435972
v -0.400000 0.113853 -0.439462
v -0.391263 0.098212 -0.436161
v -0.400000 0.098271 -0.439651
v -0.387644 0.098070 -0.427737
v -0.391263 0.097928 -0.419312
v -0.400000 0.097869 -0.415822
v -0.408737 0.097928 -0.419312
v -0.412356 0.098070 -0.427737
v -0.408737 0.098212 -0.436161
v -0.400000 0.098271 -0.439651
v -0.391263 0.082578 -0.436485
v -0.400000 0.082662 -0.439974
v -0.387644 0.082375 -0.428062
v -0.391263 0.082172 -0.419638
v -0.400000 0.082088 -0.416149
v -0.408737 0.082172 -0.419638
v -0.412356 0.082375 -0.428062
v -0.408737 0.082578 -0.436485
v -0.400000 0.082662 -0.439974
v -0.391263 0.066922 -0.436901
v -0.400000 0.067022 -0.440389
v -0.387644 0.066683 -0.428478
v -0.391263 0.066443 -0.420055
v -0.400000 0.066344 -0.416567
v -0.408737 0.066443 -0.420055
v -0.412356 0.066683 -0.428478
v -0.408737 0.066922 -0.436901
v -0.400000 0.067022 -0.440389
v -0.391263 0.051243 -0.437361
v -0.400000 0.051347 -0.440850
v -0.387644 0.050992 -0.428939
v -0.391263 0.050741 -0.420517
v -0.400000 0.050637 -0.417028
v -0.408737 0.050741 -0.420517
v -0.412356 0.050992 -0.428939
v -0.408737 0.051243 -0.437361
v -0.400000 0.051347 -0.440850
v -0.391263 0.035538 -0.437821
v -0.400000 0.035637 -0.441310
v -0.387644 0.035301 -0.429398
v -0.391263 0.035063 -0.420976
v -0.400000 0.034965 -0.417487
v -0.408737 0.035063 -0.420976
v -0.412356 0.035301 -0.429398
v -0.408737 0.035538 -0.437821
v -0.400000 0.035637 -0.441310
v -0.391263 0.019807 -0.438232
v -0.400000 0.019889 -0.441721
v -0.387644 0.019609 -0.429808
v -0.391263 0.019410 -0.421385
v -0.400000 0.019328 -0.417896
v -0.408737 0.019410 -0.421385
v -0.412356 0.019609 -0.429808
v -0.408737 0.019807 -0.438232
v -0.400000 0.019889 -0.441721
v -0.391263 0.004048 -0.438547
v -0.400000 0.004104 -0.442036
v -0.387644 0.003914 -0.430122
v -0.391263 0.003780 -0.421697
v -0.400000 0.003725 -0.418207
v -0.408737 0.003780 -0.421697
v -0.412356 0.003914 -0.430122
v -0.408737 0.004048 -0.438547
v -0.400000 0.004104 -0.442036
v -0.391263 -0.011738 -0.438717
v -0.400000 -0.011720 -0.442207
v -0.387644 -0.011782 -0.430291
v -0.391263 -0.011826 -0.421865
v -0.400000 -0.011844 -0.418375
v -0.408737 -0.011826 -0.421865
v -0.412356 -0.011782 -0.430291
v -0.408737 -0.011738 -0.438717
v -0.400000 -0.011720 -0.442207
v -0.391263 -0.027535 -0.438702
v -0.400000 -0.027558 -0.442192
v -0.387644 -0.027479 -0.430276
v -0.391263 -0.027424 -0.421851
v -0.400000 -0.027401 -0.418361
v -0.408737 -0.027424 -0.421851
v -0.412356 -0.027479 -0.430276
v -0.408737 -0.027535 -0.438702
v -0.400000 -0.027558 -0.442192
v -0.391263 -0.043299 -0.438529
v -0.400000 -0.043351 -0.442019
v -0.387644 -0.043176 -0.430104
v -0.391263 -0.043052 -0.421679
v -0.400000 -0.043001 -0.418189
v -0.408737 -0.043052 -0.421679
v -0.412356 -0.043176 -0.430104
v -0.408737 -0.043299 -0.438529
v -0.400000 -0.043351 -0.442019
v -0.391263 -0.059028 -0.438262
v -0.400000 -0.059094 -0.441751
v -0.387644 -0.058871 -0.429837
v -0.391263 -0.058714 -0.421413
v -0.400000 -0.058649 -0.417923
v -0.408737 -0.058714 -0.421413
v -0.412356 -0.058871 -0.429837
v -0.408737 -0.059028 -0.438262
v -0.400000 -0.059094 -0.441751
v -0.391263 -0.074724 -0.437963
v -0.400000 -0.074789 -0.441453
v -0.387644 -0.074566 -0.429539
v -0.391263 -0.074409 -0.421114
v -0.400000 -0.074343 -0.417625
v -0.408737 -0.074409 -0.421114
v -0.412356 -0.074566 -0.429539
v -0.408737 -0.074724 -0.437963
v -0.400000 -0.074789 -0.441453
v -0.391263 -0.090386 -0.437696
v -0.400000 -0.090437 -0.441186
v -0.387644 -0.090262 -0.429271
v -0.391263 -0.090137 -0.420846
v -0.400000 -0.090086 -0.417357
v -0.408737 -0.090137 -0.420846
v -0.412356 -0.090262 -0.429271
v -0.408737 -0.090386 -0.437696
v -0.400000 -0.090437 -0.441186
v -0.391263 -0.106016 -0.437523
v -0.400000 -0.106040 -0.441013
v -0.387644 -0.105958 -0.429097
v -0.391263 -0.105901 -0.420671
v -0.400000 -0.105877 -0.417181
v -0.408737 -0.105901 -0.420671
v -0.412356 -0.105958 -0.429097
v -0.408737 -0.106016 -0.437523
v -0.400000 -0.106040 -0.441013
v -0.391263 -0.121615 -0.437502
v -0.400000 -0.121598 -0.440992
v -0.387644 -0.121656 -0.429076
v -0.391263 -0.121697 -0.420650
v -0.400000 -0.121715 -0.417160
v -0.408737 -0.121697 -0.420650
v -0.412356 -0.121656 -0.429076
v -0.408737 -0.121615 -0.437502
v -0.400000 -0.121598 -0.440992
v -0.391263 -0.137180 -0.437695
v -0.400000 -0.137109 -0.441184
v -0.387644 -0.137353 -0.429270
v -0.391263 -0.137525 -0.420846
v -0.400000 -0.137597 -0.417357
v -0.408737 -0.137525 -0.420846
v -0.412356 -0.137353 -0.429270
v -0.408737 -0.137180 -0.437695
v -0.400000 -0.137109 -0.441184
v -0.391263 -0.152897 -0.438130
v -0.400000 -0.152781 -0.441618
v -0.387644 -0.153178 -0.429709
v -0.391263 -0.153458 -0.421287
v -0.400000 -0.153575 -0.417799
v -0.408737 -0.153458 -0.421287
v -0.412356 -0.153178 -0.429709
v -0.408737 -0.152897 -0.438130
v -0.400000 -0.152781 -0.441618
v -0.391263 -0.168690 -0.438696
v -0.400000 -0.168561 -0.442183
v -0.387644 -0.168999 -0.430275
v -0.391263 -0.169309 -0.421855
v -0.400000 -0.169437 -0.418367
v -0.408737 -0.169309 -0.421855
v -0.412356 -0.168999 -0.430275
v -0.408737 -0.168690 -0.438696
v -0.400000 -0.168561 -0.442183
v -0.391263 -0.184562 -0.439244
v -0.400000 -0.184455 -0.442733
v -0.387644 -0.184822 -0.430822
v -0.391263 -0.185081 -0.422400
v -0.400000 -0.185188 -0.418912
v -0.408737 -0.185081 -0.422400
v -0.412356 -0.184822 -0.430822
v -0.408737 -0.184562 -0.439244
v -0.400000 -0.184455 -0.442733
v -0.391263 -0.200520 -0.439625
v -0.400000 -0.200467 -0.443115
v -0.387644 -0.200650 -0.431200
v -0.391263 -0.200779 -0.422775
v -0.400000 -0.200832 -0.419285
v -0.408737 -0.200779 -0.422775
v -0.412356 -0.200650 -0.431200
v -0.408737 -0.200520 -0.439625
v -0.400000 -0.200467 -0.443115
v -0.391263 -0.216566 -0.439681
v -0.400000 -0.216600 -0.443171
v -0.387644 -0.216482 -0.431256
v -0.391263 -0.216398 -0.422830
v -0.400000 -0.216364 -0.419340
v -0.408737 -0.216398 -0.422830
v -0.412356 -0.216482 -0.431256
v -0.408737 -0.216566 -0.439681
v -0.400000 -0.216600 -0.443171
v -0.391263 -0.232690 -0.439249
v -0.400000 -0.232849 -0.442735
v -0.387644 -0.232308 -0.430831
v -0.391263 -0.231925 -0.422414
v -0.400000 -0.231767 -0.418927
v -0.408737 -0.231925 -0.422414
v -0.412356 -0.232308 -0.430831
v -0.408737 -0.232690 -0.439249
v -0.400000 -0.232849 -0.442735
v -0.391263 -0.248870 -0.438154
v -0.400000 -0.249189 -0.441629
v -0.387644 -0.248100 -0.429763
v -0.391263 -0.247331 -0.421372
v -0.400000 -0.247012 -0.417897
v -0.408737 -0.247331 -0.421372
v -0.412356 -0.248100 -0.429763
v -0.408737 -0.248870 -0.438154
v -0.400000 -0.249189 -0.441629
v -0.391263 -0.265057 -0.436219
v -0.400000 -0.265573 -0.439671
v -0.387644 -0.263812 -0.427885
v -0.391263 -0.262567 -0.419552
v -0.400000 -0.262052 -0.416100
v -0.408737 -0.262567 -0.419552
v -0.412356 -0.263812 -0.427885
v -0.408737 -0.265057 -0.436219
v -0.400000 -0.265573 -0.439671
v -0.391263 -0.281248 -0.433201
v -0.400000 -0.282023 -0.436604
v -0.387644 -0.279375 -0.424986
v -0.391263 -0.277502 -0.416771
v -0.400000 -0.276727 -0.413368
v -0.408737 -0.277502 -0.416771
v -0.412356 -0.279375 -0.424986
v -0.408737 -0.281248 -0.433201
v -0.400000 -0.282023 -0.436604
v -0.391263 -0.297287 -0.428732
v -0.400000 -0.298394 -0.432042
v -0.387644 -0.294614 -0.420741
v -0.391263 -0.291941 -0.412751
v -0.400000 -0.290834 -0.409441
v -0.408737 -0.291941 -0.412751
v -0.412356 -0.294614 -0.420741
v -0.408737 -0.297287 -0.428732
v -0.400000 -0.298394 -0.432042
v -0.391263 -0.312983 -0.422369
v -0.400000 -0.314513 -0.425506
v -0.387644 -0.309287 -0.414797
v -0.391263 -0.305592 -0.407224
v -0.400000 -0.304062 -0.404088
v -0.408737 -0.305592 -0.407224
v -0.412356 -0.309287 -0.414797
v -0.408737 -0.312983 -0.422369
v -0.400000 -0.314513 -0.425506
v -0.391263 -0.327825 -0.413503
v -0.400000 -0.329882 -0.416323
v -0.387644 -0.322859 -0.406696
v -0.391263 -0.317893 -0.399889
v -0.400000 -0.315836 -0.397069
v -0.408737 -0.317893 -0.399889
v -0.412356 -0.322859 -0.406696
v -0.408737 -0.327825 -0.413503
v -0.400000 -0.329882 -0.416323
v -0.391263 -0.340659 -0.402638
v -0.400000 -0.343041 -0.405189
v -0.387644 -0.334909 -0.396480
v -0.391263 -0.329158 -0.390321
v -0.400000 -0.326776 -0.387770
v -0.408737 -0.329158 -0.390321
v -0.412356 -0.334909 -0.396480
v -0.408737 -0.340659 -0.402638
v -0.400000 -0.343041 -0.405189
v -0.391263 -0.352205 -0.391293
v -0.400000 -0.354700 -0.393734
v -0.387644 -0.346181 -0.385401
v -0.391263 -0.340158 -0.379509
v -0.400000 -0.337663 -0.377069
v -0.408737 -0.340158 -0.379509
v -0.412356 -0.346181 -0.385401
v -0.408737 -0.352205 -0.391293
v -0.400000 -0.354700 -0.393734
v -0.391263 -0.363241 -0.379806
v -0.400000 -0.365770 -0.382211
v -0.387644 -0.357135 -0.373999
v -0.391263 -0.351029 -0.368193
v -0.400000 -0.348500 -0.365788
v -0.408737 -0.351029 -0.368193
v -0.412356 -0.357135 -0.373999
v -0.408737 -0.363241 -0.379806
v -0.400000 -0.365770 -0.382211
v -0.391263 -0.374154 -0.368166
v -0.400000 -0.376725 -0.370527
v -0.387644 -0.367947 -0.362467
v -0.391263 -0.361741 -0.356769
v -0.400000 -0.359170 -0.354408
v -0.408737 -0.361741 -0.356769
v -0.412356 -0.367947 -0.362467
v -0.408737 -0.374154 -0.368166
v -0.400000 -0.376725 -0.370527
v -0.391263 -0.384875 -0.356018
v -0.400000 -0.387553 -0.358256
v -0.387644 -0.378410 -0.350614
v -0.391263 -0.371945 -0.345210
v -0.400000 -0.369268 -0.342972
v -0.408737 -0.371945 -0.345210
v -0.412356 -0.378410 -0.350614
v -0.408737 -0.384875 -0.356018
v -0.400000 -0.387553 -0.358256
v -0.391263 -0.395639 -0.341986
v -0.400000 -0.398495 -0.343991
v -0.387644 -0.388742 -0.337145
v -0.391263 -0.381845 -0.332305
v -0.400000 -0.378989 -0.330299
v -0.408737 -0.381845 -0.332305
v -0.412356 -0.388742 -0.337145
v -0.408737 -0.395639 -0.341986
v -0.400000 -0.398495 -0.343991
v -0.391263 -0.405170 -0.327467
v -0.400000 -0.408118 -0.329336
v -0.387644 -0.398054 -0.322955
v -0.391263 -0.390938 -0.318444
v -0.400000 -0.387990 -0.316575
v -0.408737 -0.390938 -0.318444
v -0.412356 -0.398054 -0.322955
v -0.408737 -0.405170 -0.327467
v -0.400000 -0.408118 -0.329336
v -0.391263 -0.414430 -0.313878
v -0.400000 -0.417256 -0.315926
v -0.387644 -0.407608 -0.308932
v -0.391263 -0.400786 -0.303987
v -0.400000 -0.397960 -0.301939
v -0.408737 -0.400786 -0.303987
v -0.412356 -0.407608 -0.308932
v -0.408737 -0.414430 -0.313878
v -0.400000 -0.417256 -0.315926
v -0.391263 -0.423962 -0.297780
v -0.400000 -0.427153 -0.299193
v -0.387644 -0.416257 -0.294368
v -0.391263 -0.408553 -0.290957
v -0.400000 -0.405362 -0.289544
v -0.408737 -0.408553 -0.290957
v -0.412356 -0.416257 -0.294368
v -0.408737 -0.423962 -0.297780
v -0.400000 -0.427153 -0.299193
v -0.391263 -0.430262 -0.281447
v -0.400000 -0.433536 -0.282656
v -0.387644 -0.422358 -0.278528
v -0.391263 -0.414453 -0.275609
v -0.400000 -0.411179 -0.274400
v -0.408737 -0.414453 -0.275609
v -0.412356 -0.422358 -0.278528
v -0.408737 -0.430262 -0.281447
v -0.400000 -0.433536 -0.282656
v -0.391263 -0.436253 -0.265158
v -0.400000 -0.439552 -0.266299
v -0.387644 -0.428290 -0.262403
v -0.391263 -0.420327 -0.259648
v -0.400000 -0.417029 -0.258507
v -0.408737 -0.420327 -0.259648
v -0.412356 -0.428290 -0.262403
v -0.408737 -0.436253 -0.265158
v -0.400000 -0.439552 -0.266299
v -0.391263 -0.441226 -0.247574
v -0.400000 -0.444646 -0.248274
v -0.387644 -0.432972 -0.245885
v -0.391263 -0.424717 -0.244195
v -0.400000 -0.421298 -0.243495
v -0.408737 -0.424717 -0.244195
v -0.412356 -0.432972 -0.245885
v -0.408737 -0.441226 -0.247574
v -0.400000 -0.444646 -0.248274
v -0.391263 -0.443652 -0.229515
v -0.400000 -0.447131 -0.229784
v -0.387644 -0.435251 -0.228866
v -0.391263 -0.426850 -0.228217
v -0.400000 -0.423370 -0.227948
v -0.408737 -0.426850 -0.228217
v -0.412356 -0.435251 -0.228866
v -0.408737 -0.443652 -0.229515
v -0.400000 -0.447131 -0.229784
v -0.391263 -0.444450 -0.211890
v -0.400000 -0.447939 -0.211967
v -0.387644 -0.436026 -0.211703
v -0.391263 -0.427602 -0.211517
v -0.400000 -0.424112 -0.211440
v -0.408737 -0.427602 -0.211517
v -0.412356 -0.436026 -0.211703
v -0.408737 -0.444450 -0.211890
v -0.400000 -0.447939 -0.211967
v -0.391263 -0.444557 -0.194459
v -0.400000 -0.448047 -0.194433
v -0.387644 -0.436131 -0.194522
v -0.391263 -0.427706 -0.194586
v -0.400000 -0.424216 -0.194612
v -0.408737 -0.427706 -0.194586
v -0.412356 -0.436131 -0.194522
v -0.408737 -0.444557 -0.194459
v -0.400000 -0.448047 -0.194433
v -0.391263 -0.444273 -0.177149
v -0.400000 -0.447762 -0.177069
v -0.387644 -0.435849 -0.177343
v -0.391263 -0.427425 -0.177537
v -0.400000 -0.423936 -0.177617
v -0.408737 -0.427425 -0.177537
v -0.412356 -0.435849 -0.177343
v -0.408737 -0.444273 -0.177149
v -0.400000 -0.447762 -0.177069
v -0.391263 -0.443830 -0.161128
v -0.400000 -0.447318 -0.161013
v -0.387644 -0.435409 -0.161407
v -0.391263 -0.426987 -0.161686
v -0.400000 -0.423499 -0.161801
v -0.408737 -0.426987 -0.161686
v -0.412356 -0.435409 -0.161407
v -0.408737 -0.443830 -0.161128
v -0.400000 -0.447318 -0.161013
v -0.391263 -0.443185 -0.145071
v -0.400000 -0.446671 -0.144904
v -0.387644 -0.434769 -0.145474
v -0.391263 -0.426353 -0.145878
v -0.400000 -0.422867 -0.146045
v -0.408737 -0.426353 -0.145878
v -0.412356 -0.434769 -0.145474
v -0.408737 -0.443185 -0.145071
v -0.400000 -0.446671 -0.144904
v -0.391263 -0.442315 -0.129060
v -0.400000 -0.445799 -0.128854
v -0.387644 -0.433904 -0.129558
v -0.391263 -0.425493 -0.130055
v -0.400000 -0.422009 -0.130262
v -0.408737 -0.425493 -0.130055
v -0.412356 -0.433904 -0.129558
v -0.408737 -0.442315 -0.129060
v -0.400000 -0.445799 -0.128854
v -0.391263 -0.441348 -0.113134
v -0.400000 -0.444831 -0.112922
v -0.387644 -0.432937 -0.113645
v -0.391263 -0.424527 -0.114155
v -0.400000 -0.421043 -0.114367
v -0.408737 -0.424527 -0.114155
v -0.412356 -0.432937 -0.113645
v -0.408737 -0.441348 -0.113134
v -0.400000 -0.444831 -0.112922
v -0.391263 -0.440433 -0.097276
v -0.400000 -0.443918 -0.097089
v -0.387644 -0.432019 -0.097729
v -0.391263 -0.423605 -0.098182
v -0.400000 -0.420120 -0.098369
v -0.408737 -0.423605 -0.098182
v -0.412356 -0.432019 -0.097729
v -0.408737 -0.440433 -0.097276
v -0.400000 -0.443918 -0.097089
v -0.391263 -0.439653 -0.081441
v -0.400000 -0.443140 -0.081286
v -0.387644 -0.431236 -0.081814
v -0.391263 -0.422818 -0.082187
v -0.400000 -0.419331 -0.082342
v -0.408737 -0.422818 -0.082187
v -0.412356 -0.431236 -0.081814
v -0.408737 -0.439653 -0.081441
v -0.400000 -0.443140 -0.081286
v -0.391263 -0.439036 -0.065595
v -0.400000 -0.442525 -0.065479
v -0.387644 -0.430615 -0.065875
v -0.391263 -0.422194 -0.066155
v -0.400000 -0.418706 -0.066270
v -0.408737 -0.422194 -0.066155
v -0.412356 -0.430615 -0.065875
v -0.408737 -0.439036 -0.065595
v -0.400000 -0.442525 -0.065479
v -0.391263 -0.438610 -0.049766
v -0.400000 -0.442099 -0.049695
v -0.387644 -0.430186 -0.049938
v -0.391263 -0.421762 -0.050110
v -0.400000 -0.418272 -0.050181
v -0.408737 -0.421762 -0.050110
v -0.412356 -0.430186 -0.049938
v -0.408737 -0.438610 -0.049766
v -0.400000 -0.442099 -0.049695
v -0.391263 -0.438399 -0.033947
v -0.400000 -0.441889 -0.033926
v -0.387644 -0.429973 -0.033997
v -0.391263 -0.421548 -0.034047
v -0.400000 -0.418057 -0.034068
v -0.408737 -0.421548 -0.034047
v -0.412356 -0.429973 -0.033997
v -0.408737 -0.438399 -0.033947
v -0.400000 -0.441889 -0.033926
v -0.391263 -0.438409 -0.018419
v -0.400000 -0.441899 -0.018441
v -0.387644 -0.429983 -0.018365
v -0.391263 -0.421558 -0.018311
v -0.400000 -0.418068 -0.018289
v -0.408737 -0.421558 -0.018311
v -0.412356 -0.429983 -0.018365
v -0.408737 -0.438409 -0.018419
v -0.400000 -0.441899 -0.018441
v -0.391263 -0.438572 -0.002830
v -0.400000 -0.442062 -0.002878
v -0.387644 -0.430147 -0.002715
v -0.391263 -0.421722 -0.002599
v -0.400000 -0.418232 -0.002551
v -0.408737 -0.421722 -0.002599
v -0.412356 -0.430147 -0.002715
v -0.408737 -0.438572 -0.002830
v -0.400000 -0.442062 -0.002878
v -0.391263 -0.438810 0.012781
v -0.400000 -0.442300 0.012725
v -0.387644 -0.430386 0.012915
v -0.391263 -0.421961 0.013050
v -0.400000 -0.418471 0.013106
v -0.408737 -0.421961 0.013050
v -0.412356 -0.430386 0.012915
v -0.408737 -0.438810 0.012781
v -0.400000 -0.442300 0.012725
v -0.391263 -0.439045 0.028441
v -0.400000 -0.442535 0.028395
v -0.387644 -0.430620 0.028552
v -0.391263 -0.422195 0.028663
v -0.400000 -0.418705 0.028710
v -0.408737 -0.422195 0.028663
v -0.412356 -0.430620 0.028552
v -0.408737 -0.439045 0.028441
v -0.400000 -0.442535 0.028395
v -0.391263 -0.439198 0.044144
v -0.400000 -0.442688 0.044125
v -0.387644 -0.430773 0.044190
v -0.391263 -0.422347 0.044235
v -0.400000 -0.418857 0.044254
v -0.408737 -0.422347 0.044235
v -0.412356 -0.430773 0.044190
v -0.408737 -0.439198 0.044144
v -0.400000 -0.442688 0.044125
v -0.391263 -0.439195 0.059876
v -0.400000 -0.442685 0.059896
v -0.387644 -0.430769 0.059828
v -0.391263 -0.422344 0.059780
v -0.400000 -0.418854 0.059760
v -0.408737 -0.422344 0.059780
v -0.412356 -0.430769 0.059828
v -0.408737 -0.439195 0.059876
v -0.400000 -0.442685 0.059896
v -0.391263 -0.439030 0.075591
v -0.400000 -0.442520 0.075643
v -0.387644 -0.430605 0.075465
v -0.391263 -0.422180 0.075339
v -0.400000 -0.418690 0.075287
v -0.408737 -0.422180 0.075339
v -0.412356 -0.430605 0.075465
v -0.408737 -0.439030 0.075591
v -0.400000 -0.442520 0.075643
v -0.391263 -0.438737 0.091286
v -0.400000 -0.442227 0.091362
v -0.387644 -0.430313 0.091100
v -0.391263 -0.421889 0.090915
v -0.400000 -0.418400 0.090838
v -0.408737 -0.421889 0.090915
v -0.412356 -0.430313 0.091100
v -0.408737 -0.438737 0.091286
v -0.400000 -0.442227 0.091362
v -0.391263 -0.438352 0.106960
v -0.400000 -0.441841 0.107053
v -0.387644 -0.429930 0.106735
v -0.391263 -0.421507 0.106509
v -0.400000 -0.418018 0.106416
v -0.408737 -0.421507 0.106509
v -0.412356 -0.429930 0.106735
v -0.408737 -0.438352 0.106960
v -0.400000 -0.441841 0.107053
v -0.391263 -0.437911 0.122615
v -0.400000 -0.441400 0.122717
v -0.387644 -0.429489 0.122367
v -0.391263 -0.421067 0.122120
v -0.400000 -0.417578 0.122017
v -0.408737 -0.421067 0.122120
v -0.412356 -0.429489 0.122367
v -0.408737 -0.437911 0.122615
v -0.400000 -0.441400 0.122717
v -0.391263 -0.437418 0.138286
v -0.400000 -0.440906 0.138406
v -0.387644 -0.428997 0.137997
v -0.391263 -0.420576 0.137708
v -0.400000 -0.417088 0.137588
v -0.408737 -0.420576 0.137708
v -0.412356 -0.428997 0.137997
v -0.408737 -0.437418 0.138286
v -0.400000 -0.440906 0.138406
v -0.391263 -0.436809 0.153996
v -0.400000 -0.440296 0.154149
v -0.387644 -0.428391 0.153626
v -0.391263 -0.419973 0.153255
v -0.400000 -0.416487 0.153102
v -0.408737 -0.419973 0.153255
v -0.412356 -0.428391 0.153626
v -0.408737 -0.436809 0.153996
v -0.400000 -0.440296 0.154149
v -0.391263 -0.436008 0.169743
v -0.400000 -0.439492 0.169948
v -0.387644 -0.427596 0.169250
v -0.391263 -0.419185 0.168756
v -0.400000 -0.415701 0.168552
v -0.408737 -0.419185 0.168756
v -0.412356 -0.427596 0.169250
v -0.408737 -0.436008 0.169743
v -0.400000 -0.439492 0.169948
v -0.391263 -0.434928 0.185511
v -0.400000 -0.438407 0.185787
v -0.387644 -0.426528 0.184845
v -0.391263 -0.418129 0.184178
v -0.400000 -0.414650 0.183902
v -0.408737 -0.418129 0.184178
v -0.412356 -0.426528 0.184845
v -0.408737 -0.434928 0.185511
v -0.400000 -0.438407 0.185787
v -0.391263 -0.433463 0.201316
v -0.400000 -0.436933 0.201689
v -0.387644 -0.425085 0.200415
v -0.391263 -0.416707 0.199515
v -0.400000 -0.413237 0.199142
v -0.408737 -0.416707 0.199515
v -0.412356 -0.425085 0.200415
v -0.408737 -0.433463 0.201316
v -0.400000 -0.436933 0.201689
v -0.391263 -0.431514 0.217155
v -0.400000 -0.434972 0.217630
v -0.387644 -0.423167 0.216007
v -0.391263 -0.414819 0.214858
v -0.400000 -0.411362 0.214383
v -0.408737 -0.414819 0.214858
v -0.412356 -0.423167 0.216007
v -0.408737 -0.431514 0.217155
v -0.400000 -0.434972 0.217630
v -0.391263 -0.429170 0.232869
v -0.400000 -0.432616 0.233417
v -0.387644 -0.420849 0.231544
v -0.391263 -0.412527 0.230219
v -0.400000 -0.409081 0.229671
v -0.408737 -0.412527 0.230219
v -0.412356 -0.420849 0.231544
v -0.408737 -0.429170 0.232869
v -0.400000 -0.432616 0.233417
v -0.391263 -0.426594 0.248449
v -0.400000 -0.430035 0.249032
v -0.387644 -0.418286 0.247042
v -0.391263 -0.409979 0.245635
v -0.400000 -0.406538 0.245052
v -0.408737 -0.409979 0.245635
v -0.412356 -0.418286 0.247042
v -0.408737 -0.426594 0.248449
v -0.400000 -0.430035 0.249032
v -0.391263 -0.423969 0.263924
v -0.400000 -0.427411 0.264502
v -0.387644 -0.415660 0.262527
v -0.391263 -0.407351 0.261131
v -0.400000 -0.403909 0.260552
v -0.408737 -0.407351 0.261131
v -0.412356 -0.415660 0.262527
v -0.408737 -0.423969 0.263924
v -0.400000 -0.427411 0.264502
v -0.391263 -0.421143 0.279692
v -0.400000 -0.424561 0.280395
v -0.387644 -0.412889 0.277994
v -0.391263 -0.404636 0.276296
v -0.400000 -0.401218 0.275593
v -0.408737 -0.404636 0.276296
v -0.412356 -0.412889 0.277994
v -0.408737 -0.421143 0.279692
v -0.400000 -0.424561 0.280395
v -0.391263 -0.416834 0.295908
v -0.400000 -0.420135 0.297043
v -0.387644 -0.408866 0.293168
v -0.391263 -0.400898 0.290429
v -0.400000 -0.397598 0.289294
v -0.408737 -0.400898 0.290429
v -0.412356 -0.408866 0.293168
v -0.408737 -0.416834 0.295908
v -0.400000 -0.420135 0.297043
v -0.391263 -0.408959 0.313598
v -0.400000 -0.412030 0.315257
v -0.387644 -0.401545 0.309594
v -0.391263 -0.394131 0.305590
v -0.400000 -0.391060 0.303932
v -0.408737 -0.394131 0.305590
v -0.412356 -0.401545 0.309594
v -0.408737 -0.408959 0.313598
v -0.400000 -0.412030 0.315257
v -0.391263 -0.399175 0.329643
v -0.400000 -0.402076 0.331583
v -0.387644 -0.392172 0.324957
v -0.391263 -0.385169 0.320272
v -0.400000 -0.382268 0.318331
v -0.408737 -0.385169 0.320272
v -0.412356 -0.392172 0.324957
v -0.408737 -0.399175 0.329643
v -0.400000 -0.402076 0.331583
v -0.391263 -0.388268 0.344755
v -0.400000 -0.391014 0.346910
v -0.387644 -0.381639 0.339554
v -0.391263 -0.375010 0.334353
v -0.400000 -0.372264 0.332199
v -0.408737 -0.375010 0.334353
v -0.412356 -0.381639 0.339554
v -0.408737 -0.388268 0.344755
v -0.400000 -0.391014 0.346910
v -0.391263 -0.376035 0.358942
v -0.400000 -0.378581 0.361329
v -0.387644 -0.369887 0.353180
v -0.391263 -0.363739 0.347418
v -0.400000 -0.361192 0.345031
v -0.408737 -0.363739 0.347418
v -0.412356 -0.369887 0.353180
v -0.408737 -0.376035 0.358942
v -0.400000 -0.378581 0.361329
v -0.391263 -0.363313 0.372015
v -0.400000 -0.365792 0.374471
v -0.387644 -0.357327 0.366084
v -0.391263 -0.351342 0.360154
v -0.400000 -0.348862 0.357698
v -0.408737 -0.351342 0.360154
v -0.412356 -0.357327 0.366084
v -0.408737 -0.363313 0.372015
v -0.400000 -0.365792 0.374471
v -0.391263 -0.351134 0.384081
v -0.400000 -0.353548 0.386601
v -0.387644 -0.345305 0.377996
v -0.391263 -0.339477 0.371912
v -0.400000 -0.337063 0.369391
v -0.408737 -0.339477 0.371912
v -0.412356 -0.345305 0.377996
v -0.408737 -0.351134 0.384081
v -0.400000 -0.353548 0.386601
v -0.391263 -0.337986 0.395816
v -0.400000 -0.340181 0.398529
v -0.387644 -0.332684 0.389267
v -0.391263 -0.327383 0.382718
v -0.400000 -0.325187 0.380005
v -0.408737 -0.327383 0.382718
v -0.412356 -0.332684 0.389267
v -0.408737 -0.337986 0.395816
v -0.400000 -0.340181 0.398529
v -0.391263 -0.322976 0.406179
v -0.400000 -0.324716 0.409204
v -0.387644 -0.318774 0.398875
v -0.391263 -0.314573 0.391571
v -0.400000 -0.312832 0.388546
v -0.408737 -0.314573 0.391571
v -0.412356 -0.318774 0.398875
v -0.408737 -0.322976 0.406179
v -0.400000 -0.324716 0.409204
v -0.391263 -0.306281 0.413892
v -0.400000 -0.307462 0.417176
v -0.387644 -0.303431 0.405962
v -0.391263 -0.300580 0.398033
v -0.400000 -0.299400 0.394749
v -0.408737 -0.300580 0.398033
v -0.412356 -0.303431 0.405962
v -0.408737 -0.306281 0.413892
v -0.400000 -0.307462 0.417176
v -0.391263 -0.289096 0.418809
v -0.400000 -0.289897 0.422206
v -0.387644 -0.287162 0.410608
v -0.391263 -0.285228 0.402407
v -0.400000 -0.284427 0.399010
v -0.408737 -0.285228 0.402407
v -0.412356 -0.287162 0.410608
v -0.408737 -0.289096 0.418809
v -0.400000 -0.289897 0.422206
v -0.391263 -0.272690 0.422709
v -0.400000 -0.273512 0.426101
v -0.387644 -0.270706 0.414520
v -0.391263 -0.268722 0.406331
v -0.400000 -0.267900 0.402939
v -0.408737 -0.268722 0.406331
v -0.412356 -0.270706 0.414520
v -0.408737 -0.272690 0.422709
v -0.400000 -0.273512 0.426101
v -0.391263 -0.255662 0.426412
v -0.400000 -0.256281 0.429847
v -0.387644 -0.254169 0.418120
v -0.391263 -0.252675 0.409827
v -0.400000 -0.252056 0.406393
v -0.408737 -0.252675 0.409827
v -0.412356 -0.254169 0.418120
v -0.408737 -0.255662 0.426412
v -0.400000 -0.256281 0.429847
v -0.391263 -0.239235 0.428750
v -0.400000 -0.239618 0.432219
v -0.387644 -0.238309 0.420375
v -0.391263 -0.237384 0.412000
v -0.400000 -0.237000 0.408531
v -0.408737 -0.237384 0.412000
v -0.412356 -0.238309 0.420375
v -0.408737 -0.239235 0.428750
v -0.400000 -0.239618 0.432219
v -0.391263 -0.222920 0.430183
v -0.400000 -0.223159 0.433665
v -0.387644 -0.222345 0.421776
v -0.391263 -0.221770 0.413370
v -0.400000 -0.221532 0.409888
v -0.408737 -0.221770 0.413370
v -0.412356 -0.222345 0.421776
v -0.408737 -0.222920 0.430183
v -0.400000 -0.223159 0.433665
v -0.391263 -0.206705 0.431064
v -0.400000 -0.206853 0.434551
v -0.387644 -0.206347 0.422646
v -0.391263 -0.205990 0.414228
v -0.400000 -0.205842 0.410741
v -0.408737 -0.205990 0.414228
v -0.412356 -0.206347 0.422646
v -0.408737 -0.206705 0.431064
v -0.400000 -0.206853 0.434551
v -0.391263 -0.190560 0.431616
v -0.400000 -0.190656 0.435105
v -0.387644 -0.190329 0.423193
v -0.391263 -0.190098 0.414770
v -0.400000 -0.190002 0.411281
v -0.408737 -0.190098 0.414770
v -0.412356 -0.190329 0.423193
v -0.408737 -0.190560 0.431616
v -0.400000 -0.190656 0.435105
v -0.391263 -0.174486 0.431994
v -0.400000 -0.174559 0.435483
v -0.387644 -0.174310 0.423570
v -0.391263 -0.174134 0.415146
v -0.400000 -0.174061 0.411656
v -0.408737 -0.174134 0.415146
v -0.412356 -0.174310 0.423570
v -0.408737 -0.174486 0.431994
v -0.400000 -0.174559 0.435483
v -0.391263 -0.158468 0.432326
v -0.400000 -0.158544 0.435816
v -0.387644 -0.158285 0.423902
v -0.391263 -0.158101 0.415478
v -0.400000 -0.158025 0.411989
v -0.408737 -0.158101 0.415478
v -0.412356 -0.158285 0.423902
v -0.408737 -0.158468 0.432326
v -0.400000 -0.158544 0.435816
v -0.391263 -0.142519 0.432730
v -0.400000 -0.142623 0.436218
v -0.387644 -0.142267 0.424307
v -0.391263 -0.142016 0.415885
v -0.400000 -0.141911 0.412397
v -0.408737 -0.142016 0.415885
v -0.412356 -0.142267 0.424307
v -0.408737 -0.142519 0.432730
v -0.400000 -0.142623 0.436218
v -0.391263 -0.126578 0.433282
v -0.400000 -0.126715 0.436769
v -0.387644 -0.126249 0.424862
v -0.391263 -0.125919 0.416443
v -0.400000 -0.125783 0.412955
v -0.408737 -0.125919 0.416443
v -0.412356 -0.126249 0.424862
v -0.408737 -0.126578 0.433282
v -0.400000 -0.126715 0.436769
v -0.391263 -0.110627 0.433968
v -0.400000 -0.110789 0.437454
v -0.387644 -0.110235 0.425551
v -0.391263 -0.109843 0.417134
v -0.400000 -0.109681 0.413648
v -0.408737 -0.109843 0.417134
v -0.412356 -0.110235 0.425551
v -0.408737 -0.110627 0.433968
v -0.400000 -0.110789 0.437454
v -0.391263 -0.094674 0.434756
v -0.400000 -0.094855 0.438241
v -0.387644 -0.094237 0.426341
v -0.391263 -0.093800 0.417927
v -0.400000 -0.093620 0.414441
v -0.408737 -0.093800 0.417927
v -0.412356 -0.094237 0.426341
v -0.408737 -0.094674 0.434756
v -0.400000 -0.094855 0.438241
v -0.391263 -0.078690 0.435613
v -0.400000 -0.078882 0.439098
v -0.387644 -0.078227 0.427200
v -0.391263 -0.077764 0.418787
v -0.400000 -0.077572 0.415302
v -0.408737 -0.077764 0.418787
v -0.412356 -0.078227 0.427200
v -0.408737 -0.078690 0.435613
v -0.400000 -0.078882 0.439098
v -0.391263 -0.062700 0.436503
v -0.400000 -0.062894 0.439987
v -0.387644 -0.062230 0.428090
v -0.391263 -0.061760 0.419677
v -0.400000 -0.061566 0.416192
v -0.408737 -0.061760 0.419677
v -0.412356 -0.062230 0.428090
v -0.408737 -0.062700 0.436503
v -0.400000 -0.062894 0.439987
v -0.391263 -0.046689 0.437387
v -0.400000 -0.046878 0.440872
v -0.387644 -0.046233 0.428973
v -0.391263 -0.045777 0.420560
v -0.400000 -0.045588 0.417075
v -0.408737 -0.045777 0.420560
v -0.412356 -0.046233 0.428973
v -0.408737 -0.046689 0.437387
v -0.400000 -0.046878 0.440872
v -0.391263 -0.030663 0.438228
v -0.400000 -0.030838 0.441713
v -0.387644 -0.030240 0.429812
v -0.391263 -0.029816 0.421397
v -0.400000 -0.029641 0.417911
v -0.408737 -0.029816 0.421397
v -0.412356 -0.030240 0.429812
v -0.408737 -0.030663 0.438228
v -0.400000 -0.030838 0.441713
v -0.391263 -0.014606 0.438994
v -0.400000 -0.014763 0.442481
v -0.387644 -0.014227 0.430577
v -0.391263 -0.013847 0.422159
v -0.400000 -0.013690 0.418673
v -0.408737 -0.013847 0.422159
v -0.412356 -0.014227 0.430577
v -0.408737 -0.014606 0.438994
v -0.400000 -0.014763 0.442481
v -0.391263 0.001451 0.439674
v -0.400000 0.001313 0.443161
v -0.387644 0.001784 0.431255
v -0.391263 0.002117 0.422835
v -0.400000 0.002254 0.419348
v -0.408737 0.002117 0.422835
v -0.412356 0.001784 0.431255
v -0.408737 0.001451 0.439674
v -0.400000 0.001313 0.443161
v -0.391263 0.017515 0.440262
v -0.400000 0.017398 0.443750
v -0.387644 0.017798 0.431841
v -0.391263 0.018081 0.423419
v -0.400000 0.018198 0.419931
v -0.408737 0.018081 0.423419
v -0.412356 0.017798 0.431841
v -0.408737 0.017515 0.440262
v -0.400000 0.017398 0.443750
v -0.391263 0.033586 0.440752
v -0.400000 0.033490 0.444240
v -0.387644 0.033815 0.432329
v -0.391263 0.034045 0.423906
v -0.400000 0.034140 0.420417
v -0.408737 0.034045 0.423906
v -0.412356 0.033815 0.432329
v -0.408737 0.033586 0.440752
v -0.400000 0.033490 0.444240
v -0.391263 0.049662 0.441137
v -0.400000 0.049591 0.444626
v -0.387644 0.049836 0.432712
v -0.391263 0.050009 0.424288
v -0.400000 0.050081 0.420799
v -0.408737 0.050009 0.424288
v -0.412356 0.049836 0.432712
v -0.408737 0.049662 0.441137
v -0.400000 0.049591 0.444626
v -0.391263 0.065745 0.441411
v -0.400000 0.065698 0.444901
v -0.387644 0.065858 0.432986
v -0.391263 0.065971 0.424560
v -0.400000 0.066018 0.421071
v -0.408737 0.065971 0.424560
v -0.412356 0.065858 0.432986
v -0.408737 0.065745 0.441411
v -0.400000 0.065698 0.444901
v -0.391263 0.081832 0.441567
v -0.400000 0.081811 0.445057
v -0.387644 0.081882 0.433141
v -0.391263 0.081932 0.424716
v -0.400000 0.081953 0.421225
v -0.408737 0.081932 0.424716
v -0.412356 0.081882 0.433141
v -0.408737 0.081832 0.441567
v -0.400000 0.081811 0.445057
v -0.391263 0.098071 0.441594
v -0.400000 0.098082 0.445084
v -0.387644 0.098045 0.433168
v -0.391263 0.098019 0.424742
v -0.400000 0.098008 0.421252
v -0.408737 0.098019 0.424742
v -0.412356 0.098045 0.433168
v -0.408737 0.098071 0.441594
v -0.400000 0.098082 0.445084
v -0.391263 0.114330 0.441454
v -0.400000 0.114381 0.444944
v -0.387644 0.114208 0.433029
v -0.391263 0.114086 0.424604
v -0.400000 0.114035 0.421114
v -0.408737 0.114086 0.424604
v -0.412356 0.114208 0.433029
v -0.408737 0.114330 0.441454
v -0.400000 0.114381 0.444944
v -0.391263 0.130608 0.441108
v -0.400000 0.130707 0.444596
v -0.387644 0.130368 0.432685
v -0.391263 0.130129 0.424263
v -0.400000 0.130029 0.420774
v -0.408737 0.130129 0.424263
v -0.412356 0.130368 0.432685
v -0.408737 0.130608 0.441108
v -0.400000 0.130707 0.444596
v -0.391263 0.146901 0.440512
v -0.400000 0.147058 0.443999
v -0.387644 0.146522 0.432095
v -0.391263 0.146142 0.423678
v -0.400000 0.145985 0.420191
v -0.408737 0.146142 0.423678
v -0.412356 0.146522 0.432095
v -0.408737 0.146901 0.440512
v -0.400000 0.147058 0.443999
v -0.391263 0.163204 0.439623
v -0.400000 0.163429 0.443106
v -0.387644 0.162662 0.431214
v -0.391263 0.162119 0.422806
v -0.400000 0.161895 0.419323
v -0.408737 0.162119 0.422806
v -0.412356 0.162662 0.431214
v -0.408737 0.163204 0.439623
v -0.400000 0.163429 0.443106
v -0.391263 0.179509 0.438392
v -0.400000 0.179811 0.441869
v -0.387644 0.178778 0.429998
v -0.391263 0.178048 0.421604
v -0.400000 0.177746 0.418127
v -0.408737 0.178048 0.421604
v -0.412356 0.178778 0.429998
v -0.408737 0.179509 0.438392
v -0.400000 0.179811 0.441869
v -0.391263 0.195802 0.436769
v -0.400000 0.196193 0.440238
v -0.387644 0.194858 0.428397
v -0.391263 0.193914 0.420024
v -0.400000 0.193523 0.416556
v -0.408737 0.193914 0.420024
v -0.412356 0.194858 0.428397
v -0.408737 0.195802 0.436769
v -0.400000 0.196193 0.440238
v -0.391263 0.212010 0.434752
v -0.400000 0.212472 0.438211
v -0.387644 0.210894 0.426400
v -0.391263 0.209778 0.418048
v -0.400000 0.209315 0.414589
v -0.408737 0.209778 0.418048
v -0.412356 0.210894 0.426400
v -0.408737 0.212010 0.434752
v -0.400000 0.212472 0.438211
v -0.391263 0.228064 0.432547
v -0.400000 0.228542 0.436005
v -0.387644 0.226909 0.424201
v -0.391263 0.225754 0.415855
v -0.400000 0.225276 0.412397
v -0.408737 0.225754 0.415855
v -0.412356 0.226909 0.424201
v -0.408737 0.228064 0.432547
v -0.400000 0.228542 0.436005
v -0.391263 0.244274 0.430174
v -0.400000 0.244842 0.433617
v -0.387644 0.242901 0.421860
v -0.391263 0.241529 0.413547
v -0.400000 0.240961 0.410103
v -0.408737 0.241529 0.413547
v -0.412356 0.242901 0.421860
v -0.408737 0.244274 0.430174
v -0.400000 0.244842 0.433617
v -0.391263 0.260850 0.426751
v -0.400000 0.261730 0.430129
v -0.387644 0.258726 0.418597
v -0.391263 0.256602 0.410444
v -0.400000 0.255722 0.407066
v -0.408737 0.256602 0.410444
v -0.412356 0.258726 0.418597
v -0.408737 0.260850 0.426751
v -0.400000 0.261730 0.430129
v -0.391263 0.276366 0.421777
v -0.400000 0.277584 0.425047
v -0.387644 0.273425 0.413880
v -0.391263 0.270485 0.405984
v -0.400000 0.269267 0.402713
v -0.408737 0.270485 0.405984
v -0.412356 0.273425 0.413880
v -0.408737 0.276366 0.421777
v -0.400000 0.277584 0.425047
v -0.391263 0.291004 0.415933
v -0.400000 0.292347 0.419155
v -0.387644 0.287764 0.408155
v -0.391263 0.284524 0.400377
v -0.400000 0.283181 0.397155
v -0.408737 0.284524 0.400377
v -0.412356 0.287764 0.408155
v -0.408737 0.291004 0.415933
v -0.400000 0.292347 0.419155
v -0.391263 0.305309 0.409891
v -0.400000 0.306680 0.413101
v -0.387644 0.302001 0.402142
v -0.391263 0.298693 0.394392
v -0.400000 0.297323 0.391183
v -0.408737 0.298693 0.394392
v -0.412356 0.302001 0.402142
v -0.408737 0.305309 0.409891
v -0.400000 0.306680 0.413101
v -0.391263 0.319586 0.403692
v -0.400000 0.321000 0.406882
v -0.387644 0.316170 0.395989
v -0.391263 0.312754 0.388287
v -0.400000 0.311339 0.385096
v -0.408737 0.312754 0.388287
v -0.412356 0.316170 0.395989
v -0.408737 0.319586 0.403692
v -0.400000 0.321000 0.406882
v -0.391263 0.333832 0.397175
v -0.400000 0.335329 0.400328
v -0.387644 0.330218 0.389564
v -0.391263 0.326604 0.381952
v -0.400000 0.325107 0.378799
v -0.408737 0.326604 0.381952
v -0.412356 0.330218 0.389564
v -0.408737 0.333832 0.397175
v -0.400000 0.335329 0.400328
v -0.391263 0.348050 0.390002
v -0.400000 0.349723 0.393065
v -0.387644 0.344010 0.382608
v -0.391263 0.339970 0.375214
v -0.400000 0.338296 0.372151
v -0.408737 0.339970 0.375214
v -0.412356 0.344010 0.382608
v -0.408737 0.348050 0.390002
v -0.400000 0.349723 0.393065
v -0.391263 0.363105 0.379410
v -0.400000 0.365755 0.381681
v -0.387644 0.356707 0.373927
v -0.391263 0.350309 0.368444
v -0.400000 0.347659 0.366173
v -0.408737 0.350309 0.368444
v -0.412356 0.356707 0.373927
v -0.408737 0.363105 0.379410
v -0.400000 0.365755 0.381681
v 0.400000 -0.365871 -0.381807
v 0.408737 -0.363205 -0.379555
v 0.408737 -0.375658 -0.365389
v 0.400000 -0.378255 -0.367721
v 0.412356 -0.356769 -0.374117
v 0.412356 -0.369390 -0.359759
v 0.408737 -0.350332 -0.368679
v 0.408737 -0.363121 -0.354128
v 0.400000 -0.347666 -0.366426
v 0.400000 -0.360525 -0.351796
v 0.391263 -0.350332 -0.368679
v 0.391263 -0.363121 -0.354128
v 0.387644 -0.356769 -0.374117
v 0.387644 -0.369390 -0.359759
v 0.391263 -0.363205 -0.379555
v 0.391263 -0.375658 -0.365389
v 0.400000 -0.365871 -0.381807
v 0.400000 -0.378255 -0.367721
v 0.408737 -0.388460 -0.350934
v 0.400000 -0.391109 -0.353207
v 0.412356 -0.382065 -0.345447
v 0.408737 -0.375670 -0.339961
v 0.400000 -0.373021 -0.337688
v 0.391263 -0.375670 -0.339961
v 0.387644 -0.382065 -0.345447
v 0.391263 -0.388460 -0.350934
v 0.400000 -0.391109 -0.353207
v 0.408737 -0.399799 -0.336643
v 0.400000 -0.402645 -0.338662
v 0.412356 -0.392927 -0.331767
v 0.408737 -0.386055 -0.326892
v 0.400000 -0.383208 -0.324872
v 0.391263 -0.386055 -0.326892
v 0.387644 -0.392927 -0.331767
v 0.391263 -0.399799 -0.336643
v 0.400000 -0.402645 -0.338662
v 0.408737 -0.409392 -0.320536
v 0.400000 -0.412514 -0.322096
v 0.412356 -0.401856 -0.316769
v 0.408737 -0.394319 -0.313002
v 0.400000 -0.391197 -0.311441
v 0.391263 -0.394319 -0.313002
v 0.387644 -0.401856 -0.316769
v 0.391263 -0.409392 -0.320536
v 0.400000 -0.412514 -0.322096
v 0.408737 -0.416881 -0.304333
v 0.400000 -0.420070 -0.305752
v 0.412356 -0.409183 -0.300907
v 0.408737 -0.401485 -0.297481
v 0.400000 -0.398297 -0.296062
v 0.391263 -0.401485 -0.297481
v 0.387644 -0.409183 -0.300907
v 0.391263 -0.416881 -0.304333
v 0.400000 -0.420070 -0.305752
v 0.408737 -0.423735 -0.287552
v 0.400000 -0.427024 -0.288718
v 0.412356 -0.415793 -0.284736
v 0.408737 -0.407852 -0.281921
v 0.400000 -0.404562 -0.280755
v 0.391263 -0.407852 -0.281921
v 0.387644 -0.415793 -0.284736
v 0.391263 -0.423735 -0.287552
v 0.400000 -0.427024 -0.288718
v 0.408737 -0.428529 -0.271748
v 0.400000 -0.431902 -0.272643
v 0.412356 -0.420385 -0.269587
v 0.408737 -0.412240 -0.267425
v 0.400000 -0.408867 -0.266530
v 0.391263 -0.412240 -0.267425
v 0.387644 -0.420385 -0.269587
v 0.391263 -0.428529 -0.271748
v 0.400000 -0.431902 -0.272643
v 0.408737 -0.432433 -0.256292
v 0.400000 -0.435817 -0.257145
v 0.412356 -0.424262 -0.254234
v 0.408737 -0.416092 -0.252176
v 0.400000 -0.412707 -0.251323
v 0.391263 -0.416092 -0.252176
v 0.387644 -0.424262 -0.254234
v 0.391263 -0.432433 -0.256292
v 0.400000 -0.435817 -0.257145
v 0.408737 -0.436422 -0.241183
v 0.400000 -0.439785 -0.242115
v 0.412356 -0.428302 -0.238932
v 0.408737 -0.420183 -0.236681
v 0.400000 -0.416819 -0.235748
v 0.391263 -0.420183 -0.236681
v 0.387644 -0.428302 -0.238932
v 0.391263 -0.436422 -0.241183
v 0.400000 -0.439785 -0.242115
v 0.408737 -0.440799 -0.226217
v 0.400000 -0.444134 -0.227247
v 0.412356 -0.432748 -0.223731
v 0.408737 -0.424698 -0.221245
v 0.400000 -0.421363 -0.220215
v 0.391263 -0.424698 -0.221245
v 0.387644 -0.432748 -0.223731
v 0.391263 -0.440799 -0.226217
v 0.400000 -0.444134 -0.227247
v 0.408737 -0.445522 -0.211016
v 0.400000 -0.448866 -0.212013
v 0.412356 -0.437447 -0.208607
v 0.408737 -0.429373 -0.206198
v 0.400000 -0.426029 -0.205200
v 0.391263 -0.429373 -0.206198
v 0.387644 -0.437447 -0.208607
v 0.391263 -0.445522 -0.211016
v 0.400000 -0.448866 -0.212013
v 0.408737 -0.449669 -0.195006
v 0.400000 -0.453085 -0.195720
v 0.412356 -0.441421 -0.193282
v 0.408737 -0.433174 -0.191559
v 0.400000 -0.429757 -0.190845
v 0.391263 -0.433174 -0.191559
v 0.387644 -0.441421 -0.193282
v 0.391263 -0.449669 -0.195006
v 0.400000 -0.453085 -0.195720
v 0.408737 -0.452194 -0.178867
v 0.400000 -0.455663 -0.179249
v 0.412356 -0.443818 -0.177944
v 0.408737 -0.435443 -0.177021
v 0.400000 -0.431974 -0.176638
v 0.391263 -0.435443 -0.177021
v 0.387644 -0.443818 -0.177944
v 0.391263 -0.452194 -0.178867
v 0.400000 -0.455663 -0.179249
v 0.408737 -0.453390 -0.162823
v 0.400000 -0.456877 -0.162974
v 0.412356 -0.444972 -0.162460
v 0.408737 -0.436554 -0.162097
v 0.400000 -0.433067 -0.161946
v 0.391263 -0.436554 -0.162097
v 0.387644 -0.444972 -0.162460
v 0.391263 -0.453390 -0.162823
v 0.400000 -0.456877 -0.162974
v 0.408737 -0.453700 -0.146922
v 0.400000 -0.457190 -0.146919
v 0.412356 -0.445274 -0.146929
v 0.408737 -0.436848 -0.146936
v 0.400000 -0.433358 -0.146938
v 0.391263 -0.436848 -0.146936
v 0.387644 -0.445274 -0.146929
v 0.391263 -0.453700 -0.146922
v 0.400000 -0.457190 -0.146919
v 0.408737 -0.453474 -0.131185
v 0.400000 -0.456963 -0.131096
v 0.412356 -0.445050 -0.131400
v 0.408737 -0.436627 -0.131616
v 0.400000 -0.433138 -0.131705
v 0.391263 -0.436627 -0.131616
v 0.387644 -0.445050 -0.131400
v 0.391263 -0.453474 -0.131185
v 0.400000 -0.456963 -0.131096
v 0.408737 -0.452945 -0.115542
v 0.400000 -0.456432 -0.115401
v 0.412356 -0.444526 -0.115882
v 0.408737 -0.436107 -0.116222
v 0.400000 -0.432620 -0.116363
v 0.391263 -0.436107 -0.116222
v 0.387644 -0.444526 -0.115882
v 0.391263 -0.452945 -0.115542
v 0.400000 -0.456432 -0.115401
v 0.408737 -0.452273 -0.099993
v 0.400000 -0.455760 -0.099840
v 0.412356 -0.443855 -0.100363
v 0.408737 -0.435438 -0.100733
v 0.400000 -0.431951 -0.100886
v 0.391263 -0.435438 -0.100733
v 0.387644 -0.443855 -0.100363
v 0.391263 -0.452273 -0.099993
v 0.400000 -0.455760 -0.099840
v 0.408737 -0.451646 -0.084550
v 0.400000 -0.455134 -0.084425
v 0.412356 -0.443225 -0.084853
v 0.408737 -0.434805 -0.085155
v 0.400000 -0.431317 -0.085280
v 0.391263 -0.434805 -0.085155
v 0.387644 -0.443225 -0.084853
v 0.391263 -0.451646 -0.084550
v 0.400000 -0.455134 -0.084425
v 0.408737 -0.451176 -0.069120
v 0.400000 -0.454665 -0.069033
v 0.412356 -0.442752 -0.069331
v 0.408737 -0.434329 -0.069541
v 0.400000 -0.430840 -0.069628
v 0.391263 -0.434329 -0.069541
v 0.387644 -0.442752 -0.069331
v 0.391263 -0.451176 -0.069120
v 0.400000 -0.454665 -0.069033
v 0.408737 -0.450877 -0.053684
v 0.400000 -0.454367 -0.053637
v 0.412356 -0.442452 -0.053799
v 0.408737 -0.434027 -0.053913
v 0.400000 -0.430537 -0.053960
v 0.391263 -0.434027 -0.053913
v 0.387644 -0.442452 -0.053799
v 0.391263 -0.450877 -0.053684
v 0.400000 -0.454367 -0.053637
v 0.408737 -0.450760 -0.038253
v 0.400000 -0.454250 -0.038248
v 0.412356 -0.442334 -0.038266
v 0.408737 -0.433908 -0.038279
v 0.400000 -0.430418 -0.038285
v 0.391263 -0.433908 -0.038279
v 0.387644 -0.442334 -0.038266
v 0.391263 -0.450760 -0.038253
v 0.400000 -0.454250 -0.038248
v 0.408737 -0.450784 -0.022171
v 0.400000 -0.454274 -0.022175
v 0.412356 -0.442358 -0.022160
v 0.408737 -0.433932 -0.022150
v 0.400000 -0.430442 -0.022145
v 0.391263 -0.433932 -0.022150
v 0.387644 -0.442358 -0.022160
v 0.391263 -0.450784 -0.022171
v 0.400000 -0.454274 -0.022175
v 0.408737 -0.450693 -0.005922
v 0.400000 -0.454183 -0.005867
v 0.412356 -0.442268 -0.006054
v 0.408737 -0.433844 -0.006187
v 0.400000 -0.430354 -0.006241
v 0.391263 -0.433844 -0.006187
v 0.387644 -0.442268 -0.006054
v 0.391263 -0.450693 -0.005922
v 0.400000 -0.454183 -0.005867
v 0.408737 -0.450155 0.010494
v 0.400000 -0.453640 0.010680
v 0.412356 -0.441741 0.010044
v 0.408737 -0.433327 0.009594
v 0.400000 -0.429842 0.009408
v 0.391263 -0.433327 0.009594
v 0.387644 -0.441741 0.010044
v 0.391263 -0.450155 0.010494
v 0.400000 -0.453640 0.010680
v 0.408737 -0.448797 0.027047
v 0.400000 -0.452265 0.027442
v 0.412356 -0.440426 0.026092
v 0.408737 -0.432054 0.025137
v 0.400000 -0.428586 0.024741
v 0.391263 -0.432054 0.025137
v 0.387644 -0.440426 0.026092
v 0.391263 -0.448797 0.027047
v 0.400000 -0.452265 0.027442
v 0.408737 -0.446489 0.043394
v 0.400000 -0.449934 0.043956
v 0.412356 -0.438173 0.042039
v 0.408737 -0.429857 0.040683
v 0.400000 -0.426412 0.040122
v 0.391263 -0.429857 0.040683
v 0.387644 -0.438173 0.042039
v 0.391263 -0.446489 0.043394
v 0.400000 -0.449934 0.043956
v 0.408737 -0.443725 0.059376
v 0.400000 -0.447162 0.059984
v 0.412356 -0.435428 0.057909
v 0.408737 -0.427130 0.056441
v 0.400000 -0.423694 0.055833
v 0.391263 -0.427130 0.056441
v 0.387644 -0.435428 0.057909
v 0.391263 -0.443725 0.059376
v 0.400000 -0.447162 0.059984
v 0.408737 -0.441080 0.075075
v 0.400000 -0.444529 0.075606
v 0.412356 -0.432752 0.073793
v 0.408737 -0.424424 0.072511
v 0.400000 -0.420975 0.071980
v 0.391263 -0.424424 0.072511
v 0.387644 -0.432752 0.073793
v 0.391263 -0.441080 0.075075
v 0.400000 -0.444529 0.075606
v 0.408737 -0.439038 0.090672
v 0.400000 -0.442508 0.091050
v 0.412356 -0.430662 0.089759
v 0.408737 -0.422285 0.088846
v 0.400000 -0.418816 0.088467
v 0.391263 -0.422285 0.088846
v 0.387644 -0.430662 0.089759
v 0.391263 -0.439038 0.090672
v 0.400000 -0.442508 0.091050
v 0.408737 -0.437590 0.106443
v 0.400000 -0.441070 0.106711
v 0.412356 -0.429189 0.105797
v 0.408737 -0.420788 0.105150
v 0.400000 -0.417308 0.104882
v 0.391263 -0.420788 0.105150
v 0.387644 -0.429189 0.105797
v 0.391263 -0.437590 0.106443
v 0.400000 -0.441070 0.106711
v 0.408737 -0.436532 0.122358
v 0.400000 -0.440016 0.122561
v 0.412356 -0.428120 0.121868
v 0.408737 -0.419709 0.121377
v 0.400000 -0.416224 0.121174
v 0.391263 -0.419709 0.121377
v 0.387644 -0.428120 0.121868
v 0.391263 -0.436532 0.122358
v 0.400000 -0.440016 0.122561
v 0.408737 -0.435659 0.138394
v 0.400000 -0.439145 0.138578
v 0.412356 -0.427245 0.137949
v 0.408737 -0.418831 0.137505
v 0.400000 -0.415346 0.137321
v 0.391263 -0.418831 0.137505
v 0.387644 -0.427245 0.137949
v 0.391263 -0.435659 0.138394
v 0.400000 -0.439145 0.138578
v 0.408737 -0.434798 0.154980
v 0.400000 -0.438284 0.155152
v 0.412356 -0.426382 0.154564
v 0.408737 -0.417967 0.154149
v 0.400000 -0.414481 0.153977
v 0.391263 -0.417967 0.154149
v 0.387644 -0.426382 0.154564
v 0.391263 -0.434798 0.154980
v 0.400000 -0.438284 0.155152
v 0.408737 -0.434078 0.171493
v 0.400000 -0.437566 0.171620
v 0.412356 -0.425658 0.171187
v 0.408737 -0.417237 0.170881
v 0.400000 -0.413750 0.170755
v 0.391263 -0.417237 0.170881
v 0.387644 -0.425658 0.171187
v 0.391263 -0.434078 0.171493
v 0.400000 -0.437566 0.171620
v 0.408737 -0.433641 0.187958
v 0.400000 -0.437131 0.188013
v 0.412356 -0.425216 0.187825
v 0.408737 -0.416791 0.187693
v 0.400000 -0.413302 0.187638
v 0.391263 -0.416791 0.187693
v 0.387644 -0.425216 0.187825
v 0.391263 -0.433641 0.187958
v 0.400000 -0.437131 0.188013
v 0.408737 -0.433444 0.204588
v 0.400000 -0.436933 0.204638
v 0.412356 -0.425019 0.204465
v 0.408737 -0.416593 0.204343
v 0.400000 -0.413104 0.204292
v 0.391263 -0.416593 0.204343
v 0.387644 -0.425019 0.204465
v 0.391263 -0.433444 0.204588
v 0.400000 -0.436933 0.204638
v 0.408737 -0.432943 0.221523
v 0.400000 -0.436429 0.221699
v 0.412356 -0.424528 0.221098
v 0.408737 -0.416113 0.220672
v 0.400000 -0.412627 0.220496
v 0.391263 -0.416113 0.220672
v 0.387644 -0.424528 0.221098
v 0.391263 -0.432943 0.221523
v 0.400000 -0.436429 0.221699
v 0.408737 -0.431489 0.238724
v 0.400000 -0.434952 0.239159
v 0.412356 -0.423129 0.237675
v 0.408737 -0.414768 0.236626
v 0.400000 -0.411305 0.236192
v 0.391263 -0.414768 0.236626
v 0.387644 -0.423129 0.237675
v 0.391263 -0.431489 0.238724
v 0.400000 -0.434952 0.239159
v 0.408737 -0.428337 0.256028
v 0.400000 -0.431729 0.256853
v 0.412356 -0.420150 0.254037
v 0.408737 -0.411962 0.252046
v 0.400000 -0.408571 0.251221
v 0.391263 -0.411962 0.252046
v 0.387644 -0.420150 0.254037
v 0.391263 -0.428337 0.256028
v 0.400000 -0.431729 0.256853
v 0.408737 -0.423918 0.272330
v 0.400000 -0.427283 0.273255
v 0.412356 -0.415793 0.270096
v 0.408737 -0.407669 0.267862
v 0.400000 -0.404304 0.266937
v 0.391263 -0.407669 0.267862
v 0.387644 -0.415793 0.270096
v 0.391263 -0.423918 0.272330
v 0.400000 -0.427283 0.273255
v 0.408737 -0.419483 0.289016
v 0.400000 -0.422853 0.289924
v 0.412356 -0.411348 0.286822
v 0.408737 -0.403212 0.284629
v 0.400000 -0.399842 0.283721
v 0.391263 -0.403212 0.284629
v 0.387644 -0.411348 0.286822
v 0.391263 -0.419483 0.289016
v 0.400000 -0.422853 0.289924
v 0.408737 -0.414358 0.306109
v 0.400000 -0.417663 0.307231
v 0.412356 -0.406380 0.303398
v 0.408737 -0.398402 0.300687
v 0.400000 -0.395098 0.299564
v 0.391263 -0.398402 0.300687
v 0.387644 -0.406380 0.303398
v 0.391263 -0.414358 0.306109
v 0.400000 -0.417663 0.307231
v 0.408737 -0.408954 0.322193
v 0.400000 -0.412301 0.323185
v 0.412356 -0.400876 0.319799
v 0.408737 -0.392797 0.317404
v 0.400000 -0.389451 0.316413
v 0.391263 -0.392797 0.317404
v 0.387644 -0.400876 0.319799
v 0.391263 -0.408954 0.322193
v 0.400000 -0.412301 0.323185
v 0.408737 -0.404679 0.338730
v 0.400000 -0.408051 0.339630
v 0.412356 -0.396538 0.336558
v 0.408737 -0.388397 0.334386
v 0.400000 -0.385024 0.333486
v 0.391263 -0.388397 0.334386
v 0.387644 -0.396538 0.336558
v 0.391263 -0.404679 0.338730
v 0.400000 -0.408051 0.339630
v 0.408737 -0.397884 0.356783
v 0.400000 -0.400945 0.358462
v 0.412356 -0.390497 0.352731
v 0.408737 -0.383110 0.348678
v 0.400000 -0.380049 0.347000
v 0.391263 -0.383110 0.348678
v 0.387644 -0.390497 0.352731
v 0.391263 -0.397884 0.356783
v 0.400000 -0.400945 0.358462
v 0.408737 -0.386878 0.372865
v 0.400000 -0.389686 0.374937
v 0.412356 -0.380098 0.367862
v 0.408737 -0.373318 0.362859
v 0.400000 -0.370510 0.360786
v 0.391263 -0.373318 0.362859
v 0.387644 -0.380098 0.367862
v 0.391263 -0.386878 0.372865
v 0.400000 -0.389686 0.374937
v 0.408737 -0.374029 0.387962
v 0.400000 -0.376432 0.390493
v 0.412356 -0.368227 0.381852
v 0.408737 -0.362425 0.375742
v 0.400000 -0.360021 0.373211
v 0.391263 -0.362425 0.375742
v 0.387644 -0.368227 0.381852
v 0.391263 -0.374029 0.387962
v 0.400000 -0.376432 0.390493
v 0.408737 -0.357311 0.399863
v 0.400000 -0.358976 0.402931
v 0.412356 -0.353292 0.392458
v 0.408737 -0.349273 0.385052
v 0.400000 -0.347608 0.381985
v 0.391263 -0.349273 0.385052
v 0.387644 -0.353292 0.392458
v 0.391263 -0.357311 0.399863
v 0.400000 -0.358976 0.402931
v 0.408737 -0.339520 0.407828
v 0.400000 -0.340758 0.411092
v 0.412356 -0.336532 0.399950
v 0.408737 -0.333543 0.392072
v 0.400000 -0.332305 0.388809
v 0.391263 -0.333543 0.392072
v 0.387644 -0.336532 0.399950
v 0.391263 -0.339520 0.407828
v 0.400000 -0.340758 0.411092
v 0.408737 -0.323338 0.413346
v 0.400000 -0.324357 0.416684
v 0.412356 -0.320877 0.405287
v 0.408737 -0.318416 0.397228
v 0.400000 -0.317397 0.393890
v 0.391263 -0.318416 0.397228
v 0.387644 -0.320877 0.405287
v 0.391263 -0.323338 0.413346
v 0.400000 -0.324357 0.416684
v 0.408737 -0.306955 0.417852
v 0.400000 -0.307793 0.421239
v 0.412356 -0.304930 0.409672
v 0.408737 -0.302905 0.401493
v 0.400000 -0.302066 0.398106
v 0.391263 -0.302905 0.401493
v 0.387644 -0.304930 0.409672
v 0.391263 -0.306955 0.417852
v 0.400000 -0.307793 0.421239
v 0.408737 -0.290499 0.421564
v 0.400000 -0.291205 0.424982
v 0.412356 -0.288795 0.413312
v 0.408737 -0.287090 0.405061
v 0.400000 -0.286384 0.401643
v 0.391263 -0.287090 0.405061
v 0.387644 -0.288795 0.413312
v 0.391263 -0.290499 0.421564
v 0.400000 -0.291205 0.424982
v 0.408737 -0.274075 0.424743
v 0.400000 -0.274704 0.428176
v 0.412356 -0.272554 0.416455
v 0.408737 -0.271034 0.408168
v 0.400000 -0.270405 0.404735
v 0.391263 -0.271034 0.408168
v 0.387644 -0.272554 0.416455
v 0.391263 -0.274075 0.424743
v 0.400000 -0.274704 0.428176
v 0.408737 -0.257700 0.427659
v 0.400000 -0.258293 0.431098
v 0.412356 -0.256269 0.419355
v 0.408737 -0.254838 0.411052
v 0.400000 -0.254245 0.407612
v 0.391263 -0.254838 0.411052
v 0.387644 -0.256269 0.419355
v 0.391263 -0.257700 0.427659
v 0.400000 -0.258293 0.431098
v 0.408737 -0.241184 0.430334
v 0.400000 -0.241699 0.433786
v 0.412356 -0.239940 0.422000
v 0.408737 -0.238697 0.413667
v 0.400000 -0.238182 0.410215
v 0.391263 -0.238697 0.413667
v 0.387644 -0.239940 0.422000
v 0.391263 -0.241184 0.430334
v 0.400000 -0.241699 0.433786
v 0.408737 -0.224478 0.432533
v 0.400000 -0.224866 0.436001
v 0.412356 -0.223541 0.424159
v 0.408737 -0.222605 0.415785
v 0.400000 -0.222217 0.412317
v 0.391263 -0.222605 0.415785
v 0.387644 -0.223541 0.424159
v 0.391263 -0.224478 0.432533
v 0.400000 -0.224866 0.436001
v 0.408737 -0.208546 0.434008
v 0.400000 -0.208806 0.437489
v 0.412356 -0.207917 0.425606
v 0.408737 -0.207289 0.417203
v 0.400000 -0.207028 0.413723
v 0.391263 -0.207289 0.417203
v 0.387644 -0.207917 0.425606
v 0.391263 -0.208546 0.434008
v 0.400000 -0.208806 0.437489
v 0.408737 -0.192636 0.434959
v 0.400000 -0.192796 0.438446
v 0.412356 -0.192248 0.426542
v 0.408737 -0.191861 0.418125
v 0.400000 -0.191701 0.414639
v 0.391263 -0.191861 0.418125
v 0.387644 -0.192248 0.426542
v 0.391263 -0.192636 0.434959
v 0.400000 -0.192796 0.438446
v 0.408737 -0.176767 0.435511
v 0.400000 -0.176853 0.439000
v 0.412356 -0.176558 0.427088
v 0.408737 -0.176350 0.418664
v 0.400000 -0.176263 0.415175
v 0.391263 -0.176350 0.418664
v 0.387644 -0.176558 0.427088
v 0.391263 -0.176767 0.435511
v 0.400000 -0.176853 0.439000
v 0.408737 -0.160949 0.435781
v 0.400000 -0.160986 0.439271
v 0.412356 -0.160860 0.427356
v 0.408737 -0.160772 0.418930
v 0.400000 -0.160735 0.415440
v 0.391263 -0.160772 0.418930
v 0.387644 -0.160860 0.427356
v 0.391263 -0.160949 0.435781
v 0.400000 -0.160986 0.439271
v 0.408737 -0.145187 0.435879
v 0.400000 -0.145197 0.439369
v 0.412356 -0.145162 0.427453
v 0.408737 -0.145137 0.419028
v 0.400000 -0.145126 0.415537
v 0.391263 -0.145137 0.419028
v 0.387644 -0.145162 0.427453
v 0.391263 -0.145187 0.435879
v 0.400000 -0.145197 0.439369
v 0.408737 -0.129480 0.435909
v 0.400000 -0.129486 0.439399
v 0.412356 -0.129464 0.427483
v 0.408737 -0.129448 0.419057
v 0.400000 -0.129441 0.415567
v 0.391263 -0.129448 0.419057
v 0.387644 -0.129464 0.427483
v 0.391263 -0.129480 0.435909
v 0.400000 -0.129486 0.439399
v 0.408737 -0.113827 0.435972
v 0.400000 -0.113853 0.439462
v 0.412356 -0.113766 0.427547
v 0.408737 -0.113705 0.419121
v 0.400000 -0.113680 0.415631
v 0.391263 -0.113705 0.419121
v 0.387644 -0.113766 0.427547
v 0.391263 -0.113827 0.435972
v 0.400000 -0.113853 0.439462
v 0.408737 -0.098212 0.436161
v 0.400000 -0.098271 0.439651
v 0.412356 -0.098070 0.427737
v 0.408737 -0.097928 0.419312
v 0.400000 -0.097869 0.415822
v 0.391263 -0.097928 0.419312
v 0.387644 -0.098070 0.427737
v 0.391263 -0.098212 0.436161
v 0.400000 -0.098271 0.439651
v 0.408737 -0.082578 0.436485
v 0.400000 -0.082662 0.439974
v 0.412356 -0.082375 0.428062
v 0.408737 -0.082172 0.419638
v 0.400000 -0.082088 0.416149
v 0.391263 -0.082172 0.419638
v 0.387644 -0.082375 0.428062
v 0.391263 -0.082578 0.436485
v 0.400000 -0.082662 0.439974
v 0.408737 -0.066922 0.436901
v 0.400000 -0.067022 0.440389
v 0.412356 -0.066683 0.428478
v 0.408737 -0.066443 0.420055
v 0.400000 -0.066344 0.416567
v 0.391263 -0.066443 0.420055
v 0.387644 -0.066683 0.428478
v 0.391263 -0.066922 0.436901
v 0.400000 -0.067022 0.440389
v 0.408737 -0.051243 0.437361
v 0.400000 -0.051347 0.440850
v 0.412356 -0.050992 0.428939
v 0.408737 -0.050741 0.420517
v 0.400000 -0.050637 0.417028
v 0.391263 -0.050741 0.420517
v 0.387644 -0.050992 0.428939
v 0.391263 -0.051243 0.437361
v 0.400000 -0.051347 0.440850
v 0.408737 -0.035538 0.437821
v 0.400000 -0.035637 0.441310
v 0.412356 -0.035301 0.429398
v 0.408737 -0.035063 0.420976
v 0.400000 -0.034965 0.417487
v 0.391263 -0.035063 0.420976
v 0.387644 -0.035301 0.429398
v 0.391263 -0.035538 0.437821
v 0.400000 -0.035637 0.441310
v 0.408737 -0.019807 0.438232
v 0.400000 -0.019889 0.441721
v 0.412356 -0.019609 0.429808
v 0.408737 -0.019410 0.421385
v 0.400000 -0.019328 0.417896
v 0.391263 -0.019410 0.421385
v 0.387644 -0.019609 0.429808
v 0.391263 -0.019807 0.438232
v 0.400000 -0.019889 0.441721
v 0.408737 -0.004048 0.438547
v 0.400000 -0.004104 0.442036
v 0.412356 -0.003914 0.430122
v 0.408737 -0.003780 0.421697
v 0.400000 -0.003725 0.418207
v 0.391263 -0.003780 0.421697
v 0.387644 -0.003914 0.430122
v 0.391263 -0.004048 0.438547
v 0.400000 -0.004104 0.442036
v 0.408737 0.011738 0.438717
v 0.400000 0.011720 0.442207
v 0.412356 0.011782 0.430291
v 0.408737 0.011826 0.421865
v 0.400000 0.011844 0.418375
v 0.391263 0.011826 0.421865
v 0.387644 0.011782 0.430291
v 0.391263 0.011738 0.438717
v 0.400000 0.011720 0.442207
v 0.408737 0.027535 0.438702
v 0.400000 0.027558 0.442192
v 0.412356 0.027479 0.430276
v 0.408737 0.027424 0.421851
v 0.400000 0.027401 0.418361
v 0.391263 0.027424 0.421851
v 0.387644 0.027479 0.430276
v 0.391263 0.027535 0.438702
v 0.400000 0.027558 0.442192
v 0.408737 0.043299 0.438529
v 0.400000 0.043351 0.442019
v 0.412356 0.043176 0.430104
v 0.408737 0.043052 0.421679
v 0.400000 0.043001 0.418189
v 0.391263 0.043052 0.421679
v 0.387644 0.043176 0.430104
v 0.391263 0.043299 0.438529
v 0.400000 0.043351 0.442019
v 0.408737 0.059029 0.438262
v 0.400000 0.059094 0.441751
v 0.412356 0.058871 0.429837
v 0.408737 0.058714 0.421413
v 0.400000 0.058649 0.417923
v 0.391263 0.058714 0.421413
v 0.387644 0.058871 0.429837
v 0.391263 0.059029 0.438262
v 0.400000 0.059094 0.441751
v 0.408737 0.074724 0.437963
v 0.400000 0.074789 0.441453
v 0.412356 0.074566 0.429539
v 0.408737 0.074409 0.421114
v 0.400000 0.074343 0.417625
v 0.391263 0.074409 0.421114
v 0.387644 0.074566 0.429539
v 0.391263 0.074724 0.437963
v 0.400000 0.074789 0.441453
v 0.408737 0.090386 0.437696
v 0.400000 0.090437 0.441186
v 0.412356 0.090262 0.429271
v 0.408737 0.090137 0.420846
v 0.400000 0.090086 0.417357
v 0.391263 0.090137 0.420846
v 0.387644 0.090262 0.429271
v 0.391263 0.090386 0.437696
v 0.400000 0.090437 0.441186
v 0.408737 0.106016 0.437523
v 0.400000 0.106040 0.441013
v 0.412356 0.105958 0.429097
v 0.408737 0.105901 0.420671
v 0.400000 0.105877 0.417181
v 0.391263 0.105901 0.420671
v 0.387644 0.105958 0.429097
v 0.391263 0.106016 0.437523
v 0.400000 0.106040 0.441013
v 0.408737 0.121615 0.437502
v 0.400000 0.121598 0.440992
v 0.412356 0.121656 0.429076
v 0.408737 0.121697 0.420650
v 0.400000 0.121715 0.417160
v 0.391263 0.121697 0.420650
v 0.387644 0.121656 0.429076
v 0.391263 0.121615 0.437502
v 0.400000 0.121598 0.440992
v 0.408737 0.137180 0.437695
v 0.400000 0.137109 0.441184
v 0.412356 0.137353 0.429270
v 0.408737 0.137525 0.420846
v 0.400000 0.137597 0.417357
v 0.391263 0.137525 0.420846
v 0.387644 0.137353 0.429270
v 0.391263 0.137180 0.437695
v 0.400000 0.137109 0.441184
v 0.408737 0.152897 0.438130
v 0.400000 0.152781 0.441618
v 0.412356 0.153178 0.429709
v 0.408737 0.153458 0.421287
v 0.400000 0.153575 0.417799
v 0.391263 0.153458 0.421287
v 0.387644 0.153178 0.429709
v 0.391263 0.152897 0.438130
v 0.400000 0.152781 0.441618
v 0.408737 0.168690 0.438696
v 0.400000 0.168561 0.442183
v 0.412356 0.168999 0.430275
v 0.408737 0.169308 0.421855
v 0.400000 0.169437 0.418367
v 0.391263 0.169308 0.421855
v 0.387644 0.168999 0.430275
v 0.391263 0.168690 0.438696
v 0.400000 0.168561 0.442183
v 0.408737 0.184562 0.439244
v 0.400000 0.184455 0.442733
v 0.412356 0.184822 0.430822
v 0.408737 0.185081 0.422400
v 0.400000 0.185188 0.418912
v 0.391263 0.185081 0.422400
v 0.387644 0.184822 0.430822
v 0.391263 0.184562 0.439244
v 0.400000 0.184455 0.442733
v 0.408737 0.200520 0.439625
v 0.400000 0.200467 0.443115
v 0.412356 0.200650 0.431200
v 0.408737 0.200779 0.422775
v 0.400000 0.200832 0.419285
v 0.391263 0.200779 0.422775
v 0.387644 0.200650 0.431200
v 0.391263 0.200520 0.439625
v 0.400000 0.200467 0.443115
v 0.408737 0.216566 0.439681
v 0.400000 0.216601 0.443171
v 0.412356 0.216482 0.431256
v 0.408737 0.216398 0.422830
v 0.400000 0.216364 0.419340
v 0.391263 0.216398 0.422830
v 0.387644 0.216482 0.431256
v 0.391263 0.216566 0.439681
v 0.400000 0.216601 0.443171
v 0.408737 0.232690 0.439249
v 0.400000 0.232849 0.442735
v 0.412356 0.232308 0.430831
v 0.408737 0.231925 0.422414
v 0.400000 0.231767 0.418927
v 0.391263 0.231925 0.422414
v 0.387644 0.232308 0.430831
v 0.391263 0.232690 0.439249
v 0.400000 0.232849 0.442735
v 0.408737 0.248870 0.438154
v 0.400000 0.249189 0.441629
v 0.412356 0.248100 0.429763
v 0.408737 0.247331 0.421372
v 0.400000 0.247012 0.417897
v 0.391263 0.247331 0.421372
v 0.387644 0.248100 0.429763
v 0.391263 0.248870 0.438154
v 0.400000 0.249189 0.441629
v 0.408737 0.265057 0.436219
v 0.400000 0.265573 0.439671
v 0.412356 0.263812 0.427885
v 0.408737 0.262567 0.419552
v 0.400000 0.262052 0.416100
v 0.391263 0.262567 0.419552
v 0.387644 0.263812 0.427885
v 0.391263 0.265057 0.436219
v 0.400000 0.265573 0.439671
v 0.408737 0.281248 0.433201
v 0.400000 0.282023 0.436604
v 0.412356 0.279375 0.424986
v 0.408737 0.277502 0.416771
v 0.400000 0.276727 0.413368
v 0.391263 0.277502 0.416771
v 0.387644 0.279375 0.424986
v 0.391263 0.281248 0.433201
v 0.400000 0.282023 0.436604
v 0.408737 0.297287 0.428732
v 0.400000 0.298394 0.432042
v 0.412356 0.294614 0.420741
v 0.408737 0.291941 0.412751
v 0.400000 0.290834 0.409441
v 0.391263 0.291941 0.412751
v 0.387644 0.294614 0.420741
v 0.391263 0.297287 0.428732
v 0.400000 0.298394 0.432042
v 0.408737 0.312983 0.422369
v 0.400000 0.314513 0.425506
v 0.412356 0.309287 0.414797
v 0.408737 0.305592 0.407224
v 0.400000 0.304062 0.404088
v 0.391263 0.305592 0.407224
v 0.387644 0.309287 0.414797
v 0.391263 0.312983 0.422369
v 0.400000 0.314513 0.425506
v 0.408737 0.327825 0.413503
v 0.400000 0.329882 0.416323
v 0.412356 0.322859 0.406696
v 0.408737 0.317893 0.399889
v 0.400000 0.315836 0.397069
v 0.391263 0.317893 0.399889
v 0.387644 0.322859 0.406696
v 0.391263 0.327825 0.413503
v 0.400000 0.329882 0.416323
v 0.408737 0.340659 0.402638
v 0.400000 0.343041 0.405189
v 0.412356 0.334909 0.396480
v 0.408737 0.329158 0.390321
v 0.400000 0.326776 0.387770
v 0.391263 0.329158 0.390321
v 0.387644 0.334909 0.396480
v 0.391263 0.340659 0.402638
v 0.400000 0.343041 0.405189
v 0.408737 0.352205 0.391293
v 0.400000 0.354700 0.393734
v 0.412356 0.346181 0.385401
v 0.408737 0.340158 0.379509
v 0.400000 0.337663 0.377069
v 0.391263 0.340158 0.379509
v 0.387644 0.346181 0.385401
v 0.391263 0.352205 0.391293
v 0.400000 0.354700 0.393734
v 0.408737 0.363241 0.379806
v 0.400000 0.365770 0.382211
v 0.412356 0.357135 0.373999
v 0.408737 0.351029 0.368193
v 0.400000 0.348500 0.365788
v 0.391263 0.351029 0.368193
v 0.387644 0.357135 0.373999
v 0.391263 0.363241 0.379806
v 0.400000 0.365770 0.382211
v 0.408737 0.374154 0.368166
v 0.400000 0.376725 0.370527
v 0.412356 0.367947 0.362467
v 0.408737 0.361741 0.356769
v 0.400000 0.359170 0.354408
v 0.391263 0.361741 0.356769
v 0.387644 0.367947 0.362467
v 0.391263 0.374154 0.368166
v 0.400000 0.376725 0.370527
v 0.408737 0.384875 0.356018
v 0.400000 0.387553 0.358256
v 0.412356 0.378410 0.350614
v 0.408737 0.371945 0.345210
v 0.400000 0.369268 0.342972
v 0.391263 0.371945 0.345210
v 0.387644 0.378410 0.350614
v 0.391263 0.384875 0.356018
v 0.400000 0.387553 0.358256
v 0.408737 0.395639 0.341986
v 0.400000 0.398495 0.343991
v 0.412356 0.388742 0.337145
v 0.408737 0.381845 0.332305
v 0.400000 0.378989 0.330299
v 0.391263 0.381845 0.332305
v 0.387644 0.388742 0.337145
v 0.391263 0.395639 0.341986
v 0.400000 0.398495 0.343991
v 0.408737 0.405170 0.327467
v 0.400000 0.408118 0.329336
v 0.412356 0.398054 0.322955
v 0.408737 0.390938 0.318444
v 0.400000 0.387990 0.316575
v 0.391263 0.390938 0.318444
v 0.387644 0.398054 0.322955
v 0.391263 0.405170 0.327467
v 0.400000 0.408118 0.329336
v 0.408737 0.414430 0.313878
v 0.400000 0.417256 0.315926
v 0.412356 0.407608 0.308932
v 0.408737 0.400786 0.303987
v 0.400000 0.397960 0.301939
v 0.391263 0.400786 0.303987
v 0.387644 0.407608 0.308932
v 0.391263 0.414430 0.313878
v 0.400000 0.417256 0.315926
v 0.408737 0.423962 0.297780
v 0.400000 0.427153 0.299193
v 0.412356 0.416257 0.294368
v 0.408737 0.408553 0.290957
v 0.400000 0.405362 0.289544
v 0.391263 0.408553 0.290957
v 0.387644 0.416257 0.294368
v 0.391263 0.423962 0.297780
v 0.400000 0.427153 0.299193
v 0.408737 0.430262 0.281447
v 0.400000 0.433536 0.282656
v 0.412356 0.422358 0.278528
v 0.408737 0.414453 0.275609
v 0.400000 0.411179 0.274400
v 0.391263 0.414453 0.275609
v 0.387644 0.422358 0.278528
v 0.391263 0.430262 0.281447
v 0.400000 0.433536 0.282656
v 0.408737 0.436253 0.265158
v 0.400000 0.439552 0.266299
v 0.412356 0.428290 0.262403
v 0.408737 0.420327 0.259648
v 0.400000 0.417029 0.258507
v 0.391263 0.420327 0.259648
v 0.387644 0.428290 0.262403
v 0.391263 0.436253 0.265158
v 0.400000 0.439552 0.266299
v 0.408737 0.441226 0.247574
v 0.400000 0.444646 0.248274
v 0.412356 0.432972 0.245885
v 0.408737 0.424717 0.244195
v 0.400000 0.421298 0.243495
v 0.391263 0.424717 0.244195
v 0.387644 0.432972 0.245885
v 0.391263 0.441226 0.247574
v 0.400000 0.444646 0.248274
v 0.408737 0.443652 0.229515
v 0.400000 0.447131 0.229784
v 0.412356 0.435251 0.228866
v 0.408737 0.426850 0.228216
v 0.400000 0.423370 0.227948
v 0.391263 0.426850 0.228216
v 0.387644 0.435251 0.228866
v 0.391263 0.443652 0.229515
v 0.400000 0.447131 0.229784
v 0.408737 0.444450 0.211890
v 0.400000 0.447939 0.211967
v 0.412356 0.436026 0.211703
v 0.408737 0.427602 0.211517
v 0.400000 0.424112 0.211440
v 0.391263 0.427602 0.211517
v 0.387644 0.436026 0.211703
v 0.391263 0.444450 0.211890
v 0.400000 0.447939 0.211967
v 0.408737 0.444557 0.194459
v 0.400000 0.448047 0.194433
v 0.412356 0.436131 0.194522
v 0.408737 0.427706 0.194586
v 0.400000 0.424216 0.194612
v 0.391263 0.427706 0.194586
v 0.387644 0.436131 0.194522
v 0.391263 0.444557 0.194459
v 0.400000 0.448047 0.194433
v 0.408737 0.444273 0.177149
v 0.400000 0.447762 0.177069
v 0.412356 0.435849 0.177343
v 0.408737 0.427425 0.177537
v 0.400000 0.423936 0.177617
v 0.391263 0.427425 0.177537
v 0.387644 0.435849 0.177343
v 0.391263 0.444273 0.177149
v 0.400000 0.447762 0.177069
v 0.408737 0.443830 0.161128
v 0.400000 0.447318 0.161013
v 0.412356 0.435409 0.161407
v 0.408737 0.426987 0.161686
v 0.400000 0.423499 0.161801
v 0.391263 0.426987 0.161686
v 0.387644 0.435409 0.161407
v 0.391263 0.443830 0.161128
v 0.400000 0.447318 0.161013
v 0.408737 0.443185 0.145071
v 0.400000 0.446671 0.144904
v 0.412356 0.434769 0.145474
v 0.408737 0.426353 0.145878
v 0.400000 0.422867 0.146045
v 0.391263 0.426353 0.145878
v 0.387644 0.434769 0.145474
v 0.391263 0.443185 0.145071
v 0.400000 0.446671 0.144904
v 0.408737 0.442315 0.129060
v 0.400000 0.445799 0.128854
v 0.412356 0.433904 0.129558
v 0.408737 0.425493 0.130055
v 0.400000 0.422009 0.130262
v 0.391263 0.425493 0.130055
v 0.387644 0.433904 0.129558
v 0.391263 0.442315 0.129060
v 0.400000 0.445799 0.128854
v 0.408737 0.441348 0.113134
v 0.400000 0.444831 0.112922
v 0.412356 0.432937 0.113645
v 0.408737 0.424527 0.114155
v 0.400000 0.421043 0.114367
v 0.391263 0.424527 0.114155
v 0.387644 0.432937 0.113645
v 0.391263 0.441348 0.113134
v 0.400000 0.444831 0.112922
v 0.408737 0.440433 0.097276
v 0.400000 0.443918 0.097089
v 0.412356 0.432019 0.097729
v 0.408737 0.423605 0.098182
v 0.400000 0.420120 0.098369
v 0.391263 0.423605 0.098182
v 0.387644 0.432019 0.097729
v 0.391263 0.440433 0.097276
v 0.400000 0.443918 0.097089
v 0.408737 0.439653 0.081441
v 0.400000 0.443140 0.081286
v 0.412356 0.431236 0.081814
v 0.408737 0.422818 0.082187
v 0.400000 0.419331 0.082342
v 0.391263 0.422818 0.082187
v 0.387644 0.431236 0.081814
v 0.391263 0.439653 0.081441
v 0.400000 0.443140 0.081286
v 0.408737 0.439036 0.065595
v 0.400000 0.442525 0.065479
v 0.412356 0.430615 0.065875
v 0.408737 0.422194 0.066155
v 0.400000 0.418706 0.066270
v 0.391263 0.422194 0.066155
v 0.387644 0.430615 0.065875
v 0.391263 0.439036 0.065595
v 0.400000 0.442525 0.065479
v 0.408737 0.438610 0.049766
v 0.400000 0.442099 0.049695
v 0.412356 0.430186 0.049938
v 0.408737 0.421762 0.050110
v 0.400000 0.418272 0.050181
v 0.391263 0.421762 0.050110
v 0.387644 0.430186 0.049938
v 0.391263 0.438610 0.049766
v 0.400000 0.442099 0.049695
v 0.408737 0.438399 0.033947
v 0.400000 0.441889 0.033926
v 0.412356 0.429973 0.033997
v 0.408737 0.421548 0.034047
v 0.400000 0.418057 0.034068
v 0.391263 0.421548 0.034047
v 0.387644 0.429973 0.033997
v 0.391263 0.438399 0.033947
v 0.400000 0.441889 0.033926
v 0.408737 0.438409 0.018419
v 0.400000 0.441899 0.018441
v 0.412356 0.429983 0.018365
v 0.408737 0.421558 0.018311
v 0.400000 0.418068 0.018289
v 0.391263 0.421558 0.018311
v 0.387644 0.429983 0.018365
v 0.391263 0.438409 0.018419
v 0.400000 0.441899 0.018441
v 0.408737 0.438572 0.002830
v 0.400000 0.442062 0.002878
v 0.412356 0.430147 0.002715
v 0.408737 0.421722 0.002599
v 0.400000 0.418232 0.002551
v 0.391263 0.421722 0.002599
v 0.387644 0.430147 0.002715
v 0.391263 0.438572 0.002830
v 0.400000 0.442062 0.002878
v 0.408737 0.438810 -0.012781
v 0.400000 0.442300 -0.012725
v 0.412356 0.430386 -0.012915
v 0.408737 0.421961 -0.013050
v 0.400000 0.418471 -0.013106
v 0.391263 0.421961 -0.013050
v 0.387644 0.430386 -0.012915
v 0.391263 0.438810 -0.012781
v 0.400000 0.442300 -0.012725
v 0.408737 0.439045 -0.028441
v 0.400000 0.442535 -0.028395
v 0.412356 0.430620 -0.028552
v 0.408737 0.422195 -0.028663
v 0.400000 0.418705 -0.028710
v 0.391263 0.422195 -0.028663
v 0.387644 0.430620 -0.028552
v 0.391263 0.439045 -0.028441
v 0.400000 0.442535 -0.028395
v 0.408737 0.439198 -0.044144
v 0.400000 0.442689 -0.044125
v 0.412356 0.430773 -0.044190
v 0.408737 0.422347 -0.044235
v 0.400000 0.418857 -0.044254
v 0.391263 0.422347 -0.044235
v 0.387644 0.430773 -0.044190
v 0.391263 0.439198 -0.044144
v 0.400000 0.442689 -0.044125
v 0.408737 0.439195 -0.059876
v 0.400000 0.442685 -0.059896
v 0.412356 0.430769 -0.059828
v 0.408737 0.422344 -0.059780
v 0.400000 0.418853 -0.059760
v 0.391263 0.422344 -0.059780
v 0.387644 0.430769 -0.059828
v 0.391263 0.439195 -0.059876
v 0.400000 0.442685 -0.059896
v 0.408737 0.439030 -0.075591
v 0.400000 0.442520 -0.075643
v 0.412356 0.430605 -0.075465
v 0.408737 0.422180 -0.075339
v 0.400000 0.418690 -0.075287
v 0.391263 0.422180 -0.075339
v 0.387644 0.430605 -0.075465
v 0.391263 0.439030 -0.075591
v 0.400000 0.442520 -0.075643
v 0.408737 0.438737 -0.091286
v 0.400000 0.442227 -0.091362
v 0.412356 0.430313 -0.091100
v 0.408737 0.421889 -0.090915
v 0.400000 0.418400 -0.090838
v 0.391263 0.421889 -0.090915
v 0.387644 0.430313 -0.091100
v 0.391263 0.438737 -0.091286
v 0.400000 0.442227 -0.091362
v 0.408737 0.438352 -0.106960
v 0.400000 0.441841 -0.107053
v 0.412356 0.429930 -0.106735
v 0.408737 0.421507 -0.106509
v 0.400000 0.418018 -0.106416
v 0.391263 0.421507 -0.106509
v 0.387644 0.429930 -0.106735
v 0.391263 0.438352 -0.106960
v 0.400000 0.441841 -0.107053
v 0.408737 0.437911 -0.122615
v 0.400000 0.441400 -0.122717
v 0.412356 0.429489 -0.122367
v 0.408737 0.421067 -0.122120
v 0.400000 0.417578 -0.122017
v 0.391263 0.421067 -0.122120
v 0.387644 0.429489 -0.122367
v 0.391263 0.437911 -0.122615
v 0.400000 0.441400 -0.122717
v 0.408737 0.437418 -0.138286
v 0.400000 0.440906 -0.138406
v 0.412356 0.428997 -0.137997
v 0.408737 0.420576 -0.137708
v 0.400000 0.417088 -0.137588
v 0.391263 0.420576 -0.137708
v 0.387644 0.428997 -0.137997
v 0.391263 0.437418 -0.138286
v 0.400000 0.440906 -0.138406
v 0.408737 0.436809 -0.153996
v 0.400000 0.440296 -0.154149
v 0.412356 0.428391 -0.153626
v 0.408737 0.419973 -0.153255
v 0.400000 0.416487 -0.153102
v 0.391263 0.419973 -0.153255
v 0.387644 0.428391 -0.153626
v 0.391263 0.436809 -0.153996
v 0.400000 0.440296 -0.154149
v 0.408737 0.436008 -0.169743
v 0.400000 0.439492 -0.169948
v 0.412356 0.427596 -0.169250
v 0.408737 0.419185 -0.168756
v 0.400000 0.415701 -0.168552
v 0.391263 0.419185 -0.168756
v 0.387644 0.427596 -0.169250
v 0.391263 0.436008 -0.169743
v 0.400000 0.439492 -0.169948
v 0.408737 0.434928 -0.185511
v 0.400000 0.438407 -0.185787
v 0.412356 0.426528 -0.184845
v 0.408737 0.418129 -0.184178
v 0.400000 0.414650 -0.183902
v 0.391263 0.418129 -0.184178
v 0.387644 0.426528 -0.184845
v 0.391263 0.434928 -0.185511
v 0.400000 0.438407 -0.185787
v 0.408737 0.433462 -0.201316
v 0.400000 0.436933 -0.201689
v 0.412356 0.425085 -0.200415
v 0.408737 0.416707 -0.199515
v 0.400000 0.413237 -0.199142
v 0.391263 0.416707 -0.199515
v 0.387644 0.425085 -0.200415
v 0.391263 0.433462 -0.201316
v 0.400000 0.436933 -0.201689
v 0.408737 0.431514 -0.217155
v 0.400000 0.434972 -0.217630
v 0.412356 0.423167 -0.216007
v 0.408737 0.414819 -0.214858
v 0.400000 0.411362 -0.214383
v 0.391263 0.414819 -0.214858
v 0.387644 0.423167 -0.216007
v 0.391263 0.431514 -0.217155
v 0.400000 0.434972 -0.217630
v 0.408737 0.429170 -0.232869
v 0.400000 0.432616 -0.233417
v 0.412356 0.420849 -0.231544
v 0.408737 0.412527 -0.230219
v 0.400000 0.409081 -0.229671
v 0.391263 0.412527 -0.230219
v 0.387644 0.420849 -0.231544
v 0.391263 0.429170 -0.232869
v 0.400000 0.432616 -0.233417
v 0.408737 0.426594 -0.248449
v 0.400000 0.430035 -0.249032
v 0.412356 0.418286 -0.247042
v 0.408737 0.409979 -0.245635
v 0.400000 0.406538 -0.245052
v 0.391263 0.409979 -0.245635
v 0.387644 0.418286 -0.247042
v 0.391263 0.426594 -0.248449
v 0.400000 0.430035 -0.249032
v 0.408737 0.423969 -0.263924
v 0.400000 0.427411 -0.264502
v 0.412356 0.415660 -0.262527
v 0.408737 0.407350 -0.261131
v 0.400000 0.403909 -0.260552
v 0.391263 0.407350 -0.261131
v 0.387644 0.415660 -0.262527
v 0.391263 0.423969 -0.263924
v 0.400000 0.427411 -0.264502
v 0.408737 0.421143 -0.279692
v 0.400000 0.424561 -0.280395
v 0.412356 0.412889 -0.277994
v 0.408737 0.404636 -0.276297
v 0.400000 0.401218 -0.275593
v 0.391263 0.404636 -0.276297
v 0.387644 0.412889 -0.277994
v 0.391263 0.421143 -0.279692
v 0.400000 0.424561 -0.280395
v 0.408737 0.416834 -0.295908
v 0.400000 0.420135 -0.297043
v 0.412356 0.408866 -0.293168
v 0.408737 0.400898 -0.290429
v 0.400000 0.397598 -0.289294
v 0.391263 0.400898 -0.290429
v 0.387644 0.408866 -0.293168
v 0.391263 0.416834 -0.295908
v 0.400000 0.420135 -0.297043
v 0.408737 0.408959 -0.313598
v 0.400000 0.412030 -0.315257
v 0.412356 0.401545 -0.309594
v 0.408737 0.394131 -0.305590
v 0.400000 0.391060 -0.303932
v 0.391263 0.394131 -0.305590
v 0.387644 0.401545 -0.309594
v 0.391263 0.408959 -0.313598
v 0.400000 0.412030 -0.315257
v 0.408737 0.399175 -0.329643
v 0.400000 0.402076 -0.331583
v 0.412356 0.392172 -0.324957
v 0.408737 0.385169 -0.320272
v 0.400000 0.382268 -0.318331
v 0.391263 0.385169 -0.320272
v 0.387644 0.392172 -0.324957
v 0.391263 0.399175 -0.329643
v 0.400000 0.402076 -0.331583
v 0.408737 0.388268 -0.344755
v 0.400000 0.391014 -0.346910
v 0.412356 0.381639 -0.339554
v 0.408737 0.375010 -0.334353
v 0.400000 0.372264 -0.332199
v 0.391263 0.375010 -0.334353
v 0.387644 0.381639 -0.339554
v 0.391263 0.388268 -0.344755
v 0.400000 0.391014 -0.346910
v 0.408737 0.376035 -0.358942
v 0.400000 0.378581 -0.361329
v 0.412356 0.369887 -0.353180
v 0.408737 0.363739 -0.347418
v 0.400000 0.361192 -0.345031
v 0.391263 0.363739 -0.347418
v 0.387644 0.369887 -0.353180
v 0.391263 0.376035 -0.358942
v 0.400000 0.378581 -0.361329
v 0.408737 0.363313 -0.372015
v 0.400000 0.365792 -0.374471
v 0.412356 0.357327 -0.366084
v 0.408737 0.351342 -0.360154
v 0.400000 0.348862 -0.357698
v 0.391263 0.351342 -0.360154
v 0.387644 0.357327 -0.366084
v 0.391263 0.363313 -0.372015
v 0.400000 0.365792 -0.374471
v 0.408737 0.351134 -0.384081
v 0.400000 0.353548 -0.386601
v 0.412356 0.345305 -0.377996
v 0.408737 0.339477 -0.371912
v 0.400000 0.337063 -0.369391
v 0.391263 0.339477 -0.371912
v 0.387644 0.345305 -0.377996
v 0.391263 0.351134 -0.384081
v 0.400000 0.353548 -0.386601
v 0.408737 0.337986 -0.395816
v 0.400000 0.340181 -0.398529
v 0.412356 0.332684 -0.389267
v 0.408737 0.327383 -0.382718
v 0.400000 0.325187 -0.380005
v 0.391263 0.327383 -0.382718
v 0.387644 0.332684 -0.389267
v 0.391263 0.337986 -0.395816
v 0.400000 0.340181 -0.398529
v 0.408737 0.322976 -0.406179
v 0.400000 0.324716 -0.409204
v 0.412356 0.318774 -0.398875
v 0.408737 0.314573 -0.391571
v 0.400000 0.312832 -0.388546
v 0.391263 0.314573 -0.391571
v 0.387644 0.318774 -0.398875
v 0.391263 0.322976 -0.406179
v 0.400000 0.324716 -0.409204
v 0.408737 0.306281 -0.413892
v 0.400000 0.307462 -0.417176
v 0.412356 0.303431 -0.405962
v 0.408737 0.300580 -0.398033
v 0.400000 0.299400 -0.394749
v 0.391263 0.300580 -0.398033
v 0.387644 0.303431 -0.405962
v 0.391263 0.306281 -0.413892
v 0.400000 0.307462 -0.417176
v 0.408737 0.289096 -0.418809
v 0.400000 0.289897 -0.422206
v 0.412356 0.287162 -0.410608
v 0.408737 0.285228 -0.402407
v 0.400000 0.284427 -0.399010
v 0.391263 0.285228 -0.402407
v 0.387644 0.287162 -0.410608
v 0.391263 0.289096 -0.418809
v 0.400000 0.289897 -0.422206
v 0.408737 0.272690 -0.422709
v 0.400000 0.273512 -0.426101
v 0.412356 0.270706 -0.414520
v 0.408737 0.268722 -0.406331
v 0.400000 0.267900 -0.402939
v 0.391263 0.268722 -0.406331
v 0.387644 0.270706 -0.414520
v 0.391263 0.272690 -0.422709
v 0.400000 0.273512 -0.426101
v 0.408737 0.255662 -0.426412
v 0.400000 0.256281 -0.429847
v 0.412356 0.254169 -0.418120
v 0.408737 0.252675 -0.409827
v 0.400000 0.252056 -0.406392
v 0.391263 0.252675 -0.409827
v 0.387644 0.254169 -0.418120
v 0.391263 0.255662 -0.426412
v 0.400000 0.256281 -0.429847
v 0.408737 0.239235 -0.428750
v 0.400000 0.239618 -0.432219
v 0.412356 0.238309 -0.420375
v 0.408737 0.237384 -0.412000
v 0.400000 0.237000 -0.408531
v 0.391263 0.237384 -0.412000
v 0.387644 0.238309 -0.420375
v 0.391263 0.239235 -0.428750
v 0.400000 0.239618 -0.432219
v 0.408737 0.222920 -0.430183
v 0.400000 0.223159 -0.433665
v 0.412356 0.222345 -0.421776
v 0.408737 0.221770 -0.413370
v 0.400000 0.221532 -0.409888
v 0.391263 0.221770 -0.413370
v 0.387644 0.222345 -0.421776
v 0.391263 0.222920 -0.430183
v 0.400000 0.223159 -0.433665
v 0.408737 0.206705 -0.431064
v 0.400000 0.206853 -0.434551
v 0.412356 0.206347 -0.422646
v 0.408737 0.205990 -0.414228
v 0.400000 0.205842 -0.410741
v 0.391263 0.205990 -0.414228
v 0.387644 0.206347 -0.422646
v 0.391263 0.206705 -0.431064
v 0.400000 0.206853 -0.434551
v 0.408737 0.190560 -0.431616
v 0.400000 0.190656 -0.435105
v 0.412356 0.190329 -0.423193
v 0.408737 0.190098 -0.414770
v 0.400000 0.190002 -0.411282
v 0.391263 0.190098 -0.414770
v 0.387644 0.190329 -0.423193
v 0.391263 0.190560 -0.431616
v 0.400000 0.190656 -0.435105
v 0.408737 0.174486 -0.431994
v 0.400000 0.174559 -0.435483
v 0.412356 0.174310 -0.423570
v 0.408737 0.174134 -0.415146
v 0.400000 0.174061 -0.411656
v 0.391263 0.174134 -0.415146
v 0.387644 0.174310 -0.423570
v 0.391263 0.174486 -0.431994
v 0.400000 0.174559 -0.435483
v 0.408737 0.158468 -0.432326
v 0.400000 0.158544 -0.435816
v 0.412356 0.158285 -0.423902
v 0.408737 0.158101 -0.415478
v 0.400000 0.158025 -0.411989
v 0.391263 0.158101 -0.415478
v 0.387644 0.158285 -0.423902
v 0.391263 0.158468 -0.432326
v 0.400000 0.158544 -0.435816
v 0.408737 0.142519 -0.432730
v 0.400000 0.142623 -0.436218
v 0.412356 0.142267 -0.424307
v 0.408737 0.142016 -0.415885
v 0.400000 0.141911 -0.412397
v 0.391263 0.142016 -0.415885
v 0.387644 0.142267 -0.424307
v 0.391263 0.142519 -0.432730
v 0.400000 0.142623 -0.436218
v 0.408737 0.126578 -0.433282
v 0.400000 0.126715 -0.436769
v 0.412356 0.126249 -0.424862
v 0.408737 0.125919 -0.416443
v 0.400000 0.125783 -0.412955
v 0.391263 0.125919 -0.416443
v 0.387644 0.126249 -0.424862
v 0.391263 0.126578 -0.433282
v 0.400000 0.126715 -0.436769
v 0.408737 0.110627 -0.433968
v 0.400000 0.110789 -0.437454
v 0.412356 0.110235 -0.425551
v 0.408737 0.109843 -0.417134
v 0.400000 0.109681 -0.413648
v 0.391263 0.109843 -0.417134
v 0.387644 0.110235 -0.425551
v 0.391263 0.110627 -0.433968
v 0.400000 0.110789 -0.437454
v 0.408737 0.094674 -0.434756
v 0.400000 0.094855 -0.438241
v 0.412356 0.094237 -0.426341
v 0.408737 0.093800 -0.417927
v 0.400000 0.093620 -0.414441
v 0.391263 0.093800 -0.417927
v 0.387644 0.094237 -0.426341
v 0.391263 0.094674 -0.434756
v 0.400000 0.094855 -0.438241
v 0.408737 0.078690 -0.435613
v 0.400000 0.078882 -0.439098
v 0.412356 0.078227 -0.427200
v 0.408737 0.077764 -0.418787
v 0.400000 0.077572 -0.415302
v 0.391263 0.077764 -0.418787
v 0.387644 0.078227 -0.427200
v 0.391263 0.078690 -0.435613
v 0.400000 0.078882 -0.439098
v 0.408737 0.062700 -0.436503
v 0.400000 0.062894 -0.439987
v 0.412356 0.062230 -0.428090
v 0.408737 0.061760 -0.419677
v 0.400000 0.061566 -0.416192
v 0.391263 0.061760 -0.419677
v 0.387644 0.062230 -0.428090
v 0.391263 0.062700 -0.436503
v 0.400000 0.062894 -0.439987
v 0.408737 0.046689 -0.437387
v 0.400000 0.046878 -0.440872
v 0.412356 0.046233 -0.428973
v 0.408737 0.045777 -0.420560
v 0.400000 0.045588 -0.417075
v 0.391263 0.045777 -0.420560
v 0.387644 0.046233 -0.428973
v 0.391263 0.046689 -0.437387
v 0.400000 0.046878 -0.440872
v 0.408737 0.030663 -0.438228
v 0.400000 0.030838 -0.441713
v 0.412356 0.030240 -0.429812
v 0.408737 0.029816 -0.421397
v 0.400000 0.029641 -0.417911
v 0.391263 0.029816 -0.421397
v 0.387644 0.030240 -0.429812
v 0.391263 0.030663 -0.438228
v 0.400000 0.030838 -0.441713
v 0.408737 0.014606 -0.438994
v 0.400000 0.014763 -0.442481
v 0.412356 0.014227 -0.430577
v 0.408737 0.013847 -0.422159
v 0.400000 0.013690 -0.418673
v 0.391263 0.013847 -0.422159
v 0.387644 0.014227 -0.430577
v 0.391263 0.014606 -0.438994
v 0.400000 0.014763 -0.442481
v 0.408737 -0.001451 -0.439674
v 0.400000 -0.001313 -0.443161
v 0.412356 -0.001784 -0.431255
v 0.408737 -0.002117 -0.422835
v 0.400000 -0.002254 -0.419348
v 0.391263 -0.002117 -0.422835
v 0.387644 -0.001784 -0.431255
v 0.391263 -0.001451 -0.439674
v 0.400000 -0.001313 -0.443161
v 0.408737 -0.017515 -0.440262
v 0.400000 -0.017398 -0.443750
v 0.412356 -0.017798 -0.431841
v 0.408737 -0.018081 -0.423419
v 0.400000 -0.018198 -0.419931
v 0.391263 -0.018081 -0.423419
v 0.387644 -0.017798 -0.431841
v 0.391263 -0.017515 -0.440262
v 0.400000 -0.017398 -0.443750
v 0.408737 -0.033586 -0.440752
v 0.400000 -0.033490 -0.444240
v 0.412356 -0.033815 -0.432329
v 0.408737 -0.034045 -0.423906
v 0.400000 -0.034140 -0.420417
v 0.391263 -0.034045 -0.423906
v 0.387644 -0.033815 -0.432329
v 0.391263 -0.033586 -0.440752
v 0.400000 -0.033490 -0.444240
v 0.408737 -0.049662 -0.441137
v 0.400000 -0.049591 -0.444626
v 0.412356 -0.049836 -0.432712
v 0.408737 -0.050009 -0.424288
v 0.400000 -0.050081 -0.420799
v 0.391263 -0.050009 -0.424288
v 0.387644 -0.049836 -0.432712
v 0.391263 -0.049662 -0.441137
v 0.400000 -0.049591 -0.444626
v 0.408737 -0.065745 -0.441411
v 0.400000 -0.065698 -0.444901
v 0.412356 -0.065858 -0.432986
v 0.408737 -0.065971 -0.424560
v 0.400000 -0.066018 -0.421070
v 0.391263 -0.065971 -0.424560
v 0.387644 -0.065858 -0.432986
v 0.391263 -0.065745 -0.441411
v 0.400000 -0.065698 -0.444901
v 0.408737 -0.081832 -0.441567
v 0.400000 -0.081811 -0.445057
v 0.412356 -0.081882 -0.433141
v 0.408737 -0.081932 -0.424716
v 0.400000 -0.081953 -0.421225
v 0.391263 -0.081932 -0.424716
v 0.387644 -0.081882 -0.433141
v 0.391263 -0.081832 -0.441567
v 0.400000 -0.081811 -0.445057
v 0.408737 -0.098071 -0.441594
v 0.400000 -0.098082 -0.445084
v 0.412356 -0.098045 -0.433168
v 0.408737 -0.098019 -0.424742
v 0.400000 -0.098008 -0.421252
v 0.391263 -0.098019 -0.424742
v 0.387644 -0.098045 -0.433168
v 0.391263 -0.098071 -0.441594
v 0.400000 -0.098082 -0.445084
v 0.408737 -0.114330 -0.441454
v 0.400000 -0.114381 -0.444944
v 0.412356 -0.114208 -0.433029
v 0.408737 -0.114086 -0.424604
v 0.400000 -0.114035 -0.421114
v 0.391263 -0.114086 -0.424604
v 0.387644 -0.114208 -0.433029
v 0.391263 -0.114330 -0.441454
v 0.400000 -0.114381 -0.444944
v 0.408737 -0.130608 -0.441108
v 0.400000 -0.130707 -0.444596
v 0.412356 -0.130368 -0.432685
v 0.408737 -0.130129 -0.424263
v 0.400000 -0.130029 -0.420774
v 0.391263 -0.130129 -0.424263
v 0.387644 -0.130368 -0.432685
v 0.391263 -0.130608 -0.441108
v 0.400000 -0.130707 -0.444596
v 0.408737 -0.146901 -0.440512
v 0.400000 -0.147058 -0.443999
v 0.412356 -0.146522 -0.432095
v 0.408737 -0.146142 -0.423678
v 0.400000 -0.145985 -0.420191
v 0.391263 -0.146142 -0.423678
v 0.387644 -0.146522 -0.432095
v 0.391263 -0.146901 -0.440512
v 0.400000 -0.147058 -0.443999
v 0.408737 -0.163204 -0.439623
v 0.400000 -0.163429 -0.443106
v 0.412356 -0.162662 -0.431214
v 0.408737 -0.162119 -0.422806
v 0.400000 -0.161895 -0.419323
v 0.391263 -0.162119 -0.422806
v 0.387644 -0.162662 -0.431214
v 0.391263 -0.163204 -0.439623
v 0.400000 -0.163429 -0.443106
v 0.408737 -0.179509 -0.438392
v 0.400000 -0.179811 -0.441869
v 0.412356 -0.178778 -0.429998
v 0.408737 -0.178048 -0.421604
v 0.400000 -0.177746 -0.418127
v 0.391263 -0.178048 -0.421604
v 0.387644 -0.178778 -0.429998
v 0.391263 -0.179509 -0.438392
v 0.400000 -0.179811 -0.441869
v 0.408737 -0.195802 -0.436769
v 0.400000 -0.196193 -0.440238
v 0.412356 -0.194858 -0.428397
v 0.408737 -0.193914 -0.420024
v 0.400000 -0.193523 -0.416556
v 0.391263 -0.193914 -0.420024
v 0.387644 -0.194858 -0.428397
v 0.391263 -0.195802 -0.436769
v 0.400000 -0.196193 -0.440238
v 0.408737 -0.212010 -0.434752
v 0.400000 -0.212472 -0.438211
v 0.412356 -0.210894 -0.426400
v 0.408737 -0.209778 -0.418048
v 0.400000 -0.209315 -0.414589
v 0.391263 -0.209778 -0.418048
v 0.387644 -0.210894 -0.426400
v 0.391263 -0.212010 -0.434752
v 0.400000 -0.212472 -0.438211
v 0.408737 -0.228064 -0.432547
v 0.400000 -0.228542 -0.436005
v 0.412356 -0.226909 -0.424201
v 0.408737 -0.225754 -0.415855
v 0.400000 -0.225276 -0.412397
v 0.391263 -0.225754 -0.415855
v 0.387644 -0.226909 -0.424201
v 0.391263 -0.228064 -0.432547
v 0.400000 -0.228542 -0.436005
v 0.408737 -0.244274 -0.430174
v 0.400000 -0.244842 -0.433617
v 0.412356 -0.242901 -0.421860
v 0.408737 -0.241529 -0.413547
v 0.400000 -0.240961 -0.410103
v 0.391263 -0.241529 -0.413547
v 0.387644 -0.242901 -0.421860
v 0.391263 -0.244274 -0.430174
v 0.400000 -0.244842 -0.433617
v 0.408737 -0.260850 -0.426751
v 0.400000 -0.261730 -0.430129
v 0.412356 -0.258726 -0.418597
v 0.408737 -0.256602 -0.410444
v 0.400000 -0.255722 -0.407066
v 0.391263 -0.256602 -0.410444
v 0.387644 -0.258726 -0.418597
v 0.391263 -0.260850 -0.426751
v 0.400000 -0.261730 -0.430129
v 0.408737 -0.276366 -0.421777
v 0.400000 -0.277584 -0.425047
v 0.412356 -0.273425 -0.413880
v 0.408737 -0.270485 -0.405984
v 0.400000 -0.269267 -0.402713
v 0.391263 -0.270485 -0.405984
v 0.387644 -0.273425 -0.413880
v 0.391263 -0.276366 -0.421777
v 0.400000 -0.277584 -0.425047
v 0.408737 -0.291004 -0.415933
v 0.400000 -0.292347 -0.419155
v 0.412356 -0.287764 -0.408155
v 0.408737 -0.284524 -0.400377
v 0.400000 -0.283181 -0.397155
v 0.391263 -0.284524 -0.400377
v 0.387644 -0.287764 -0.408155
v 0.391263 -0.291004 -0.415933
v 0.400000 -0.292347 -0.419155
v 0.408737 -0.305309 -0.409891
v 0.400000 -0.306680 -0.413101
v 0.412356 -0.302001 -0.402142
v 0.408737 -0.298693 -0.394392
v 0.400000 -0.297323 -0.391183
v 0.391263 -0.298693 -0.394392
v 0.387644 -0.302001 -0.402142
v 0.391263 -0.305309 -0.409891
v 0.400000 -0.306680 -0.413101
v 0.408737 -0.319586 -0.403692
v 0.400000 -0.321000 -0.406882
v 0.412356 -0.316170 -0.395989
v 0.408737 -0.312754 -0.388287
v 0.400000 -0.311339 -0.385096
v 0.391263 -0.312754 -0.388287
v 0.387644 -0.316170 -0.395989
v 0.391263 -0.319586 -0.403692
v 0.400000 -0.321000 -0.406882
v 0.408737 -0.333832 -0.397175
v 0.400000 -0.335329 -0.400328
v 0.412356 -0.330218 -0.389564
v 0.408737 -0.326604 -0.381952
v 0.400000 -0.325107 -0.378799
v 0.391263 -0.326604 -0.381952
v 0.387644 -0.330218 -0.389564
v 0.391263 -0.333832 -0.397175
v 0.400000 -0.335329 -0.400328
v 0.408737 -0.348050 -0.390002
v 0.400000 -0.349723 -0.393065
v 0.412356 -0.344010 -0.382608
v 0.408737 -0.339970 -0.375214
v 0.400000 -0.338296 -0.372151
v 0.391263 -0.339970 -0.375214
v 0.387644 -0.344010 -0.382608
v 0.391263 -0.348050 -0.390002
v 0.400000 -0.349723 -0.393065
v 0.408737 -0.363105 -0.379410
v 0.400000 -0.365755 -0.381681
v 0.412356 -0.356707 -0.373927
v 0.408737 -0.350309 -0.368444
v 0.400000 -0.347659 -0.366173
v 0.391263 -0.350309 -0.368444
v 0.387644 -0.356707 -0.373927
v 0.391263 -0.363105 -0.379410
v 0.400000 -0.365755 -0.381681
vt 0.141722 0.271112
vt 0.164636 0.271112
vt 0.164636 0.248198
vt 0.141722 0.248198
vt 0.058447 0.271112
vt 0.081360 0.271112
vt 0.081360 0.248198
vt 0.058447 0.248198
vt 0.363790 0.271111
vt 0.386704 0.271111
vt 0.386704 0.248198
vt 0.363790 0.248198
vt 0.308273 0.271111
vt 0.331187 0.271111
vt 0.331187 0.248198
vt 0.308273 0.248198
vt 0.336031 0.271112
vt 0.358945 0.271112
vt 0.358945 0.248198
vt 0.336031 0.248198
vt 0.086205 0.271112
vt 0.109119 0.271112
vt 0.109119 0.248198
vt 0.086205 0.248198
vt 0.835684 0.049077
vt 0.858280 0.049077
vt 0.858280 0.026482
vt 0.835684 0.026482
vt 0.308273 0.667679
vt 0.331265 0.667679
vt 0.331265 0.644686
vt 0.308273 0.644686
vt 0.086205 0.667696
vt 0.109198 0.667696
vt 0.109198 0.644703
vt 0.086205 0.644703
vt 0.002930 0.641239
vt 0.025922 0.641239
vt 0.025922 0.618247
vt 0.002930 0.618247
vt 0.951344 0.814571
vt 0.973940 0.814571
vt 0.973940 0.791975
vt 0.951344 0.791975
vt 0.224997 0.667685
vt 0.247990 0.667685
vt 0.247990 0.644693
vt 0.224997 0.644693
vt 0.113964 0.667693
vt 0.136956 0.667693
vt 0.136956 0.644701
vt 0.113964 0.644701
vt 0.280514 0.667681
vt 0.303507 0.667681
vt 0.303507 0.644688
vt 0.280514 0.644688
vt 0.946718 0.318549
vt 0.969315 0.318549
vt 0.969315 0.295952
vt 0.946718 0.295952
vt 0.946718 0.344616
vt 0.969315 0.344616
vt 0.969315 0.322019
vt 0.946718 0.322019
vt 0.030688 0.641237
vt 0.053681 0.641237
vt 0.053681 0.618245
vt 0.030688 0.618245
vt 0.951344 0.788506
vt 0.973940 0.788506
vt 0.973940 0.765910
vt 0.951344 0.765910
vt 0.197239 0.667687
vt 0.220232 0.667687
vt 0.220232 0.644695
vt 0.197239 0.644695
vt 0.363790 0.667675
vt 0.386782 0.667675
vt 0.386782 0.644682
vt 0.363790 0.644682
vt 0.946718 0.579218
vt 0.969315 0.579218
vt 0.969315 0.556621
vt 0.946718 0.556621
vt 0.946718 0.605285
vt 0.969315 0.605285
vt 0.969315 0.582688
vt 0.946718 0.582688
vt 0.169481 0.667689
vt 0.192473 0.667689
vt 0.192473 0.644697
vt 0.169481 0.644697
vt 0.336031 0.667677
vt 0.359024 0.667677
vt 0.359024 0.644684
vt 0.336031 0.644684
vt 0.951344 0.762440
vt 0.973940 0.762440
vt 0.973940 0.739844
vt 0.951344 0.739844
vt 0.252756 0.667683
vt 0.275748 0.667683
vt 0.275748 0.644691
vt 0.252756 0.644691
vt 0.946718 0.553151
vt 0.969315 0.553151
vt 0.969315 0.530554
vt 0.946718 0.530554
vt 0.946718 0.631352
vt 0.969315 0.631352
vt 0.969315 0.608755
vt 0.946718 0.608755
vt 0.030688 0.271113
vt 0.053602 0.271113
vt 0.053602 0.248200
vt 0.030688 0.248200
vt 0.280514 0.271112
vt 0.303428 0.271112
vt 0.303428 0.248198
vt 0.280514 0.248198
vt 0.946718 0.422817
vt 0.969315 0.422817
vt 0.969315 0.400220
vt 0.946718 0.400220
vt 0.224997 0.271111
vt 0.247911 0.271111
vt 0.247911 0.248198
vt 0.224997 0.248198
vt 0.946718 0.396750
vt 0.969315 0.396750
vt 0.969315 0.374153
vt 0.946718 0.374153
vt 0.946718 0.474951
vt 0.969315 0.474951
vt 0.969315 0.452354
vt 0.946718 0.452354
vt 0.252756 0.271111
vt 0.275670 0.271111
vt 0.275670 0.248198
vt 0.252756 0.248198
vt 0.946718 0.448884
vt 0.969315 0.448884
vt 0.969315 0.426287
vt 0.946718 0.426287
vt 0.002930 0.271115
vt 0.025843 0.271115
vt 0.025843 0.248201
vt 0.002930 0.248201
vt 0.169481 0.271111
vt 0.192394 0.271111
vt 0.192394 0.248198
vt 0.169481 0.248198
vt 0.946718 0.370683
vt 0.969315 0.370683
vt 0.969315 0.348086
vt 0.946718 0.348086
vt 0.946718 0.501018
vt 0.969315 0.501018
vt 0.969315 0.478420
vt 0.946718 0.478420
vt 0.502582 0.679592
vt 0.525566 0.679592
vt 0.525566 0.656609
vt 0.502582 0.656609
vt 0.585858 0.389000
vt 0.608815 0.389000
vt 0.608815 0.366042
vt 0.585858 0.366042
vt 0.530341 0.309500
vt 0.553265 0.309500
vt 0.553265 0.286576
vt 0.530341 0.286576
vt 0.669133 0.073598
vt 0.691738 0.073598
vt 0.691738 0.050994
vt 0.669133 0.050994
vt 0.447065 0.098505
vt 0.469764 0.098505
vt 0.469764 0.075806
vt 0.447065 0.075806
vt 0.891201 0.078296
vt 0.913843 0.078296
vt 0.913843 0.055653
vt 0.891201 0.055653
vt 0.447065 0.072336
vt 0.469667 0.072336
vt 0.469667 0.049734
vt 0.447065 0.049734
vt 0.113964 0.482475
vt 0.136946 0.482475
vt 0.136946 0.459492
vt 0.113964 0.459492
vt 0.558099 0.204079
vt 0.581007 0.204079
vt 0.581007 0.181171
vt 0.558099 0.181171
vt 0.918959 0.525486
vt 0.941638 0.525486
vt 0.941638 0.502807
vt 0.918959 0.107251
vt 0.941602 0.084608
vt 0.918959 0.084608
vt 0.558099 0.072583
vt 0.580701 0.072583
vt 0.580701 0.049980
vt 0.558099 0.049980
vt 0.974476 0.971004
vt 0.997070 0.971004
vt 0.997070 0.948410
vt 0.974476 0.948410
vt 0.946718 0.944926
vt 0.969319 0.944926
vt 0.969319 0.922325
vt 0.946718 0.922325
vt 0.479450 0.785413
vt 0.502436 0.785413
vt 0.502436 0.762427
vt 0.479450 0.762427
vt 0.696891 0.073815
vt 0.719496 0.073815
vt 0.719496 0.051210
vt 0.696891 0.051210
vt 0.280514 0.060527
vt 0.303116 0.060527
vt 0.303116 0.037925
vt 0.280514 0.037925
vt 0.752408 0.654069
vt 0.775321 0.654069
vt 0.775321 0.631157
vt 0.752408 0.631157
vt 0.447065 0.706015
vt 0.470053 0.706015
vt 0.470053 0.683027
vt 0.447065 0.683027
vt 0.113964 0.086677
vt 0.136658 0.086677
vt 0.136658 0.063983
vt 0.113964 0.063983
vt 0.918959 0.133372
vt 0.941611 0.133372
vt 0.941611 0.110721
vt 0.918959 0.110721
vt 0.308273 0.060525
vt 0.330874 0.060525
vt 0.330874 0.037924
vt 0.308273 0.037924
vt 0.252756 0.034454
vt 0.275351 0.034454
vt 0.275351 0.011859
vt 0.252756 0.011859
vt 0.780167 0.601342
vt 0.803078 0.601342
vt 0.803078 0.578431
vt 0.780167 0.578431
vt 0.141722 0.376704
vt 0.164659 0.376704
vt 0.164659 0.353767
vt 0.141722 0.353767
vt 0.558099 0.600370
vt 0.581070 0.600370
vt 0.581070 0.577399
vt 0.558099 0.577399
vt 0.086205 0.508932
vt 0.109191 0.508932
vt 0.109191 0.485946
vt 0.086205 0.485946
vt 0.946718 0.840642
vt 0.969319 0.840642
vt 0.969319 0.818041
vt 0.946718 0.818041
vt 0.197239 0.034456
vt 0.219834 0.034456
vt 0.219834 0.011861
vt 0.197239 0.011861
vt 0.502582 0.653139
vt 0.525566 0.653139
vt 0.525566 0.630156
vt 0.502582 0.630156
vt 0.558099 0.388856
vt 0.581057 0.388856
vt 0.581057 0.365898
vt 0.558099 0.365898
vt 0.558099 0.309623
vt 0.581023 0.309623
vt 0.581023 0.286699
vt 0.558099 0.286699
vt 0.641375 0.073394
vt 0.663979 0.073394
vt 0.663979 0.050789
vt 0.641375 0.050789
vt 0.928212 0.735633
vt 0.950814 0.735633
vt 0.950814 0.713031
vt 0.928212 0.713031
vt 0.141722 0.482473
vt 0.164705 0.482473
vt 0.164705 0.459490
vt 0.141722 0.459490
vt 0.530341 0.203956
vt 0.553248 0.203956
vt 0.553248 0.181048
vt 0.530341 0.181048
vt 0.918959 0.499337
vt 0.941638 0.499337
vt 0.941638 0.476658
vt 0.918959 0.476658
vt 0.918959 0.081138
vt 0.941602 0.058495
vt 0.918959 0.058495
vt 0.530341 0.072463
vt 0.552943 0.072463
vt 0.552943 0.049860
vt 0.530341 0.049860
vt 0.974476 0.944940
vt 0.997070 0.944940
vt 0.997070 0.922346
vt 0.974476 0.922346
vt 0.113964 0.034442
vt 0.136559 0.034442
vt 0.136559 0.011846
vt 0.113964 0.011846
vt 0.946718 0.892784
vt 0.969319 0.892784
vt 0.969319 0.870183
vt 0.946718 0.870183
vt 0.030688 0.508936
vt 0.053674 0.508936
vt 0.053674 0.485950
vt 0.030688 0.485950
vt 0.724650 0.073969
vt 0.747255 0.073969
vt 0.747255 0.051364
vt 0.724650 0.051364
vt 0.197239 0.060527
vt 0.219841 0.060527
vt 0.219841 0.037926
vt 0.197239 0.037926
vt 0.752408 0.680452
vt 0.775321 0.680452
vt 0.775321 0.657539
vt 0.752408 0.657539
vt 0.447065 0.838320
vt 0.470053 0.838320
vt 0.470053 0.815332
vt 0.447065 0.815332
vt 0.419307 0.085171
vt 0.442001 0.085171
vt 0.442001 0.062476
vt 0.419307 0.062476
vt 0.918959 0.159494
vt 0.941611 0.159494
vt 0.941611 0.136842
vt 0.918959 0.136842
vt 0.252756 0.060525
vt 0.275358 0.060525
vt 0.275358 0.037924
vt 0.252756 0.037924
vt 0.058447 0.034454
vt 0.081042 0.034454
vt 0.081042 0.011859
vt 0.058447 0.011859
vt 0.780167 0.627722
vt 0.803078 0.627722
vt 0.803078 0.604811
vt 0.780167 0.604811
vt 0.113964 0.376705
vt 0.136901 0.376705
vt 0.136901 0.353768
vt 0.558099 0.626810
vt 0.581070 0.626810
vt 0.581070 0.603839
vt 0.558099 0.603839
vt 0.058447 0.508934
vt 0.081433 0.508934
vt 0.081433 0.485948
vt 0.058447 0.485948
vt 0.946718 0.709561
vt 0.969319 0.709561
vt 0.969319 0.686960
vt 0.946718 0.686960
vt 0.224997 0.034455
vt 0.247593 0.034455
vt 0.247593 0.011860
vt 0.224997 0.011860
vt 0.141722 0.218346
vt 0.164631 0.218346
vt 0.164631 0.195438
vt 0.141722 0.195438
vt 0.113964 0.060513
vt 0.136565 0.060513
vt 0.136565 0.037911
vt 0.113964 0.037911
vt 0.447065 0.679557
vt 0.470053 0.679557
vt 0.470053 0.656570
vt 0.447065 0.656570
vt 0.336031 0.086677
vt 0.358726 0.063983
vt 0.336031 0.063983
vt 0.918959 0.211737
vt 0.941611 0.211737
vt 0.941611 0.189085
vt 0.918959 0.189085
vt 0.391548 0.060527
vt 0.414150 0.060527
vt 0.414150 0.037925
vt 0.391548 0.037925
vt 0.308273 0.034454
vt 0.330868 0.034454
vt 0.330868 0.011859
vt 0.308273 0.011859
vt 0.780167 0.654103
vt 0.803078 0.654103
vt 0.803078 0.631192
vt 0.780167 0.631192
vt 0.169481 0.376703
vt 0.192418 0.376703
vt 0.192418 0.353766
vt 0.169481 0.353766
vt 0.558099 0.573929
vt 0.581070 0.573929
vt 0.581070 0.550959
vt 0.558099 0.550959
vt 0.780167 0.074105
vt 0.802772 0.074105
vt 0.802772 0.051500
vt 0.780167 0.051500
vt 0.141722 0.060528
vt 0.164324 0.060528
vt 0.164324 0.037926
vt 0.141722 0.037926
vt 0.752408 0.706835
vt 0.775321 0.706835
vt 0.775321 0.683922
vt 0.752408 0.683922
vt 0.946718 0.031813
vt 0.969312 0.031813
vt 0.969312 0.009219
vt 0.946718 0.009219
vt 0.002930 0.060513
vt 0.025531 0.060513
vt 0.025531 0.037912
vt 0.002930 0.037912
vt 0.391548 0.218346
vt 0.414457 0.218346
vt 0.414457 0.195438
vt 0.391548 0.195438
vt 0.669133 0.574641
vt 0.692062 0.574641
vt 0.692062 0.551711
vt 0.669133 0.551711
vt 0.002930 0.403145
vt 0.025893 0.403145
vt 0.025893 0.380182
vt 0.002930 0.380182
vt 0.336031 0.588291
vt 0.359021 0.588291
vt 0.359021 0.565301
vt 0.336031 0.565301
vt 0.585858 0.204222
vt 0.608765 0.204222
vt 0.608765 0.181315
vt 0.585858 0.181315
vt 0.923586 0.787847
vt 0.946228 0.787847
vt 0.946228 0.765205
vt 0.923586 0.765205
vt 0.474824 0.072353
vt 0.497426 0.072353
vt 0.497426 0.049751
vt 0.474824 0.049751
vt 0.363790 0.508914
vt 0.386773 0.508914
vt 0.386773 0.485930
vt 0.363790 0.485930
vt 0.419307 0.401587
vt 0.442265 0.401587
vt 0.442265 0.378629
vt 0.419307 0.378629
vt 0.613616 0.310125
vt 0.636540 0.310125
vt 0.636540 0.287200
vt 0.613616 0.287200
vt 0.613616 0.073078
vt 0.636221 0.073078
vt 0.636221 0.050473
vt 0.613616 0.050473
vt 0.030688 0.060528
vt 0.053290 0.060528
vt 0.053290 0.037926
vt 0.030688 0.037926
vt 0.058447 0.482478
vt 0.081429 0.482478
vt 0.081429 0.459495
vt 0.058447 0.459495
vt 0.447065 0.467903
vt 0.470042 0.467903
vt 0.470042 0.444926
vt 0.447065 0.444926
vt 0.613616 0.600644
vt 0.636559 0.600644
vt 0.636559 0.577701
vt 0.613616 0.577701
vt 0.308273 0.297498
vt 0.331189 0.297498
vt 0.331189 0.274581
vt 0.308273 0.274581
vt 0.058447 0.218346
vt 0.081355 0.218346
vt 0.081355 0.195438
vt 0.058447 0.195438
vt 0.086205 0.060513
vt 0.108806 0.060513
vt 0.108806 0.037911
vt 0.086205 0.037911
vt 0.447065 0.653100
vt 0.470053 0.653100
vt 0.470053 0.630112
vt 0.918959 0.185616
vt 0.941611 0.185616
vt 0.941611 0.162964
vt 0.918959 0.162964
vt 0.224997 0.060527
vt 0.247599 0.060527
vt 0.247599 0.037925
vt 0.224997 0.037925
vt 0.391548 0.034455
vt 0.414143 0.034455
vt 0.414143 0.011860
vt 0.391548 0.011860
vt 0.780167 0.680483
vt 0.803078 0.680483
vt 0.803078 0.657573
vt 0.780167 0.657573
vt 0.224997 0.376703
vt 0.247934 0.376703
vt 0.247934 0.353766
vt 0.224997 0.353766
vt 0.558099 0.547489
vt 0.581070 0.547489
vt 0.581070 0.524519
vt 0.558099 0.524519
vt 0.752408 0.074032
vt 0.775014 0.074032
vt 0.775014 0.051427
vt 0.752408 0.051427
vt 0.363790 0.060528
vt 0.386392 0.060528
vt 0.386392 0.037926
vt 0.363790 0.037926
vt 0.752408 0.838772
vt 0.775321 0.838772
vt 0.775321 0.815859
vt 0.752408 0.815859
vt 0.918959 0.028954
vt 0.941553 0.028954
vt 0.941553 0.006360
vt 0.918959 0.006360
vt 0.058447 0.060525
vt 0.081048 0.060525
vt 0.081048 0.037923
vt 0.058447 0.037923
vt 0.336031 0.218346
vt 0.358940 0.218346
vt 0.358940 0.195438
vt 0.336031 0.195438
vt 0.669133 0.601040
vt 0.692062 0.601040
vt 0.692062 0.578111
vt 0.669133 0.578111
vt 0.590484 0.785595
vt 0.613447 0.762631
vt 0.590484 0.762631
vt 0.363790 0.588289
vt 0.386780 0.588289
vt 0.386780 0.565299
vt 0.363790 0.565299
vt 0.613616 0.204580
vt 0.636524 0.204580
vt 0.636524 0.181672
vt 0.613616 0.181672
vt 0.923586 0.813959
vt 0.946228 0.813959
vt 0.946228 0.791317
vt 0.923586 0.791317
vt 0.502582 0.072380
vt 0.525185 0.072380
vt 0.525185 0.049778
vt 0.502582 0.049778
vt 0.419307 0.507370
vt 0.442290 0.507370
vt 0.442290 0.484386
vt 0.419307 0.484386
vt 0.363790 0.403130
vt 0.386748 0.403130
vt 0.386748 0.380172
vt 0.363790 0.380172
vt 0.585858 0.309767
vt 0.608782 0.309767
vt 0.608782 0.286843
vt 0.585858 0.286843
vt 0.585858 0.072723
vt 0.608462 0.072723
vt 0.608462 0.050119
vt 0.585858 0.050119
vt 0.169481 0.060528
vt 0.192083 0.060528
vt 0.192083 0.037926
vt 0.169481 0.037926
vt 0.086205 0.482476
vt 0.109188 0.482476
vt 0.109188 0.459494
vt 0.086205 0.459494
vt 0.534967 0.785476
vt 0.557944 0.785476
vt 0.557944 0.762499
vt 0.534967 0.762499
vt 0.613616 0.653469
vt 0.636559 0.653469
vt 0.636559 0.630526
vt 0.613616 0.630526
vt 0.419307 0.295957
vt 0.442223 0.295957
vt 0.442223 0.273041
vt 0.419307 0.273041
vt 0.169481 0.588303
vt 0.192471 0.588303
vt 0.192471 0.565313
vt 0.169481 0.565313
vt 0.585858 0.415433
vt 0.608821 0.415433
vt 0.608821 0.392470
vt 0.669133 0.838670
vt 0.692062 0.838670
vt 0.692062 0.815741
vt 0.669133 0.815741
vt 0.141722 0.297498
vt 0.164638 0.297498
vt 0.164638 0.274582
vt 0.141722 0.274582
vt 0.613616 0.838539
vt 0.636559 0.838539
vt 0.636559 0.815596
vt 0.613616 0.815596
vt 0.530341 0.520945
vt 0.553318 0.520945
vt 0.553318 0.497968
vt 0.530341 0.497968
vt 0.197239 0.588301
vt 0.220229 0.588301
vt 0.220229 0.565311
vt 0.197239 0.565311
vt 0.585858 0.441867
vt 0.608821 0.441867
vt 0.608821 0.418903
vt 0.585858 0.418903
vt 0.669133 0.706637
vt 0.692062 0.706637
vt 0.692062 0.683707
vt 0.669133 0.683707
vt 0.336031 0.297498
vt 0.358948 0.297498
vt 0.358948 0.274582
vt 0.336031 0.274582
vt 0.613616 0.706295
vt 0.636559 0.706295
vt 0.636559 0.683352
vt 0.613616 0.683352
vt 0.530341 0.494498
vt 0.553318 0.494498
vt 0.553318 0.471521
vt 0.530341 0.471521
vt 0.706144 0.733168
vt 0.729060 0.733168
vt 0.729060 0.710252
vt 0.706144 0.710252
vt 0.613616 0.627057
vt 0.636559 0.627057
vt 0.636559 0.604114
vt 0.613616 0.604114
vt 0.474824 0.467928
vt 0.497801 0.467928
vt 0.497801 0.444951
vt 0.474824 0.444951
vt 0.391548 0.588292
vt 0.414538 0.588292
vt 0.414538 0.565302
vt 0.391548 0.565302
vt 0.030688 0.403143
vt 0.053652 0.403143
vt 0.053652 0.380179
vt 0.030688 0.380179
vt 0.669133 0.653838
vt 0.692062 0.653838
vt 0.692062 0.630909
vt 0.669133 0.630909
vt 0.391548 0.297497
vt 0.414464 0.297497
vt 0.414464 0.274581
vt 0.391548 0.274581
vt 0.613616 0.679882
vt 0.636559 0.679882
vt 0.636559 0.656939
vt 0.613616 0.656939
vt 0.534967 0.811923
vt 0.557944 0.811923
vt 0.557944 0.788946
vt 0.534967 0.788946
vt 0.419307 0.997068
vt 0.442297 0.997068
vt 0.442297 0.974078
vt 0.419307 0.974078
vt 0.595110 0.732728
vt 0.618074 0.732728
vt 0.618074 0.709765
vt 0.595110 0.709765
vt 0.669133 0.548242
vt 0.692062 0.548242
vt 0.692062 0.525312
vt 0.669133 0.525312
vt 0.280514 0.218346
vt 0.303423 0.218346
vt 0.303423 0.195438
vt 0.280514 0.195438
vt 0.918959 0.264023
vt 0.941632 0.264023
vt 0.941632 0.241350
vt 0.918959 0.241350
vt 0.923586 0.761735
vt 0.946218 0.761735
vt 0.946218 0.739103
vt 0.923586 0.739103
vt 0.918959 0.055025
vt 0.941561 0.055025
vt 0.941561 0.032424
vt 0.918959 0.032424
vt 0.891201 0.026118
vt 0.913795 0.026118
vt 0.913795 0.003523
vt 0.891201 0.003523
vt 0.224997 0.218346
vt 0.247906 0.218346
vt 0.247906 0.195438
vt 0.224997 0.195438
vt 0.918959 0.237880
vt 0.941632 0.237880
vt 0.941632 0.215207
vt 0.918959 0.215207
vt 0.863442 0.076303
vt 0.886074 0.076303
vt 0.886074 0.053672
vt 0.863442 0.053672
vt 0.946718 0.997068
vt 0.969319 0.997068
vt 0.969319 0.974467
vt 0.946718 0.974467
vt 0.974476 0.997068
vt 0.997070 0.997068
vt 0.997070 0.974474
vt 0.974476 0.974474
vt 0.419307 0.032935
vt 0.441901 0.032935
vt 0.441901 0.010341
vt 0.419307 0.010341
vt 0.918959 0.342454
vt 0.941635 0.342454
vt 0.941635 0.319778
vt 0.918959 0.319778
vt 0.807925 0.074226
vt 0.830557 0.074226
vt 0.830557 0.051594
vt 0.807925 0.051594
vt 0.419307 0.059007
vt 0.441908 0.059007
vt 0.441908 0.036405
vt 0.419307 0.036405
vt 0.113964 0.218346
vt 0.136872 0.218346
vt 0.136872 0.195438
vt 0.113964 0.195438
vt 0.336031 0.034442
vt 0.358626 0.034442
vt 0.358626 0.011847
vt 0.336031 0.011847
vt 0.918959 0.368600
vt 0.941635 0.368600
vt 0.941635 0.345924
vt 0.918959 0.345924
vt 0.835684 0.075179
vt 0.858316 0.075179
vt 0.858316 0.052547
vt 0.835684 0.052547
vt 0.336031 0.060513
vt 0.358633 0.060513
vt 0.358633 0.037911
vt 0.336031 0.037911
vt 0.086205 0.218346
vt 0.109114 0.218346
vt 0.109114 0.195438
vt 0.086205 0.195438
vt 0.280514 0.034455
vt 0.303110 0.034455
vt 0.303110 0.011860
vt 0.280514 0.011860
vt 0.946718 0.683490
vt 0.969319 0.683490
vt 0.969319 0.660889
vt 0.946718 0.660889
vt 0.002930 0.508938
vt 0.025916 0.508938
vt 0.025916 0.485952
vt 0.002930 0.485952
vt 0.484077 0.732501
vt 0.507063 0.732501
vt 0.507063 0.709515
vt 0.484077 0.709515
vt 0.946718 0.918855
vt 0.969319 0.918855
vt 0.969319 0.896254
vt 0.946718 0.896254
vt 0.086205 0.034442
vt 0.108800 0.034442
vt 0.108800 0.011846
vt 0.086205 0.011846
vt 0.169481 0.034456
vt 0.192076 0.034456
vt 0.192076 0.011861
vt 0.169481 0.011861
vt 0.946718 0.866713
vt 0.969319 0.866713
vt 0.969319 0.844112
vt 0.946718 0.844112
vt 0.479450 0.758957
vt 0.502436 0.758957
vt 0.502436 0.735971
vt 0.479450 0.735971
vt 0.479450 0.811869
vt 0.502436 0.811869
vt 0.502436 0.788883
vt 0.479450 0.788883
vt 0.946718 0.970997
vt 0.969319 0.970997
vt 0.969319 0.948396
vt 0.946718 0.948396
vt 0.002930 0.034442
vt 0.025525 0.034442
vt 0.025525 0.011847
vt 0.002930 0.011847
vt 0.946718 0.162148
vt 0.969315 0.162148
vt 0.969315 0.139551
vt 0.946718 0.139551
vt 0.530341 0.046391
vt 0.552936 0.046391
vt 0.552936 0.023795
vt 0.530341 0.023795
vt 0.955971 0.736374
vt 0.978566 0.736374
vt 0.978566 0.713779
vt 0.955971 0.713779
vt 0.946718 0.110014
vt 0.969315 0.110014
vt 0.969315 0.087417
vt 0.946718 0.087417
vt 0.752408 0.522158
vt 0.775321 0.522158
vt 0.775321 0.499245
vt 0.752408 0.499245
vt 0.428560 0.732474
vt 0.451548 0.732474
vt 0.451548 0.709485
vt 0.428560 0.709485
vt 0.696891 0.627512
vt 0.719809 0.627512
vt 0.719809 0.604594
vt 0.696891 0.604594
vt 0.030688 0.794174
vt 0.053682 0.794174
vt 0.053682 0.771181
vt 0.030688 0.771181
vt 0.696891 0.521962
vt 0.719809 0.521962
vt 0.719809 0.499045
vt 0.696891 0.499045
vt 0.030688 0.561852
vt 0.053677 0.561852
vt 0.053677 0.538864
vt 0.030688 0.538864
vt 0.752408 0.495776
vt 0.775321 0.495776
vt 0.775321 0.472863
vt 0.752408 0.472863
vt 0.002930 0.794132
vt 0.025924 0.794132
vt 0.025924 0.771138
vt 0.002930 0.771138
vt 0.002930 0.297502
vt 0.025847 0.297502
vt 0.025847 0.274585
vt 0.002930 0.274585
vt 0.447065 0.997068
vt 0.470054 0.997068
vt 0.470054 0.974079
vt 0.447065 0.974079
vt 0.752408 0.258336
vt 0.775321 0.258336
vt 0.775321 0.235424
vt 0.752408 0.235424
vt 0.340658 0.761172
vt 0.363651 0.761172
vt 0.363651 0.738178
vt 0.340658 0.738178
vt 0.696891 0.495575
vt 0.719809 0.495575
vt 0.719809 0.472657
vt 0.696891 0.472657
vt 0.696891 0.574737
vt 0.719809 0.574737
vt 0.719809 0.551819
vt 0.696891 0.551819
vt 0.701518 0.785942
vt 0.724435 0.785942
vt 0.724435 0.763025
vt 0.701518 0.763025
vt 0.946718 0.214281
vt 0.969315 0.214281
vt 0.969315 0.191684
vt 0.946718 0.191684
vt 0.502582 0.046308
vt 0.525178 0.046308
vt 0.525178 0.023712
vt 0.502582 0.023712
vt 0.696891 0.548350
vt 0.719809 0.548350
vt 0.719809 0.525432
vt 0.696891 0.525432
vt 0.696891 0.601124
vt 0.719809 0.601124
vt 0.719809 0.578207
vt 0.696891 0.578207
vt 0.701518 0.759555
vt 0.724435 0.759555
vt 0.724435 0.736638
vt 0.701518 0.736638
vt 0.363790 0.034456
vt 0.386386 0.034456
vt 0.386386 0.011860
vt 0.363790 0.011860
vt 0.946718 0.083947
vt 0.969315 0.083947
vt 0.969315 0.061350
vt 0.946718 0.061350
vt 0.141722 0.034456
vt 0.164318 0.034456
vt 0.164318 0.011860
vt 0.141722 0.011860
vt 0.946718 0.136081
vt 0.969315 0.136081
vt 0.969315 0.113484
vt 0.946718 0.113484
vt 0.946718 0.240348
vt 0.969315 0.240348
vt 0.969315 0.217751
vt 0.946718 0.217751
vt 0.447065 0.046264
vt 0.469661 0.046264
vt 0.469661 0.023668
vt 0.447065 0.023668
vt 0.058447 0.561850
vt 0.081435 0.561850
vt 0.081435 0.538861
vt 0.058447 0.538861
vt 0.423933 0.758932
vt 0.446922 0.758932
vt 0.446922 0.735943
vt 0.423933 0.735943
vt 0.419307 0.560285
vt 0.442295 0.560285
vt 0.442295 0.537297
vt 0.419307 0.537297
vt 0.030688 0.034456
vt 0.053284 0.034456
vt 0.053284 0.011860
vt 0.030688 0.011860
vt 0.946718 0.057880
vt 0.969315 0.057880
vt 0.969315 0.035283
vt 0.946718 0.035283
vt 0.946718 0.188215
vt 0.969315 0.188215
vt 0.969315 0.165618
vt 0.946718 0.165618
vt 0.474824 0.046281
vt 0.497419 0.046281
vt 0.497419 0.023685
vt 0.474824 0.023685
vt 0.002930 0.561854
vt 0.025918 0.561854
vt 0.025918 0.538866
vt 0.002930 0.538866
vt 0.423933 0.785391
vt 0.446922 0.785391
vt 0.446922 0.762402
vt 0.423933 0.762402
vt 0.447065 0.970610
vt 0.470054 0.970610
vt 0.470054 0.947621
vt 0.447065 0.947621
vt 0.946718 0.266415
vt 0.969315 0.266415
vt 0.969315 0.243818
vt 0.946718 0.243818
vt 0.946718 0.657419
vt 0.969315 0.657419
vt 0.969315 0.634822
vt 0.946718 0.634822
vt 0.946718 0.292482
vt 0.969315 0.292482
vt 0.969315 0.269885
vt 0.946718 0.269885
vt 0.946718 0.527085
vt 0.969315 0.527085
vt 0.969315 0.504487
vt 0.946718 0.504487
vt 0.863442 0.050202
vt 0.886038 0.050202
vt 0.886038 0.027606
vt 0.863442 0.027606
vt 0.558099 0.046511
vt 0.580695 0.046511
vt 0.580695 0.023915
vt 0.558099 0.023915
vt 0.891201 0.052183
vt 0.913796 0.052183
vt 0.913796 0.029587
vt 0.891201 0.029587
vt 0.585858 0.046649
vt 0.608453 0.046649
vt 0.608453 0.024053
vt 0.585858 0.024053
vt 0.918959 0.944746
vt 0.941650 0.944746
vt 0.941650 0.922055
vt 0.918959 0.922055
vt 0.474824 0.098522
vt 0.497523 0.098522
vt 0.497523 0.075823
vt 0.474824 0.075823
vt 0.918959 0.918585
vt 0.941650 0.918585
vt 0.941650 0.895894
vt 0.918959 0.895894
vt 0.918959 0.682392
vt 0.941641 0.682392
vt 0.941641 0.659710
vt 0.918959 0.659710
vt 0.918959 0.656241
vt 0.941641 0.656241
vt 0.941641 0.633559
vt 0.918959 0.633559
vt 0.918959 0.290166
vt 0.941632 0.290166
vt 0.941632 0.267493
vt 0.918959 0.267493
vt 0.918959 0.603938
vt 0.941641 0.603938
vt 0.941641 0.581257
vt 0.918959 0.581257
vt 0.918959 0.316308
vt 0.941632 0.316308
vt 0.941632 0.293635
vt 0.918959 0.630089
vt 0.941641 0.630089
vt 0.941641 0.607408
vt 0.918959 0.607408
vt 0.918959 0.420892
vt 0.941635 0.420892
vt 0.941635 0.398216
vt 0.918959 0.398216
vt 0.918959 0.473188
vt 0.941637 0.473188
vt 0.941637 0.450510
vt 0.918959 0.450510
vt 0.918959 0.394746
vt 0.941635 0.394746
vt 0.941635 0.372070
vt 0.918959 0.372070
vt 0.918959 0.447040
vt 0.941637 0.447040
vt 0.941637 0.424362
vt 0.918959 0.424362
vt 0.169481 0.086693
vt 0.192176 0.086693
vt 0.192176 0.063998
vt 0.252756 0.086690
vt 0.275451 0.086690
vt 0.275451 0.063995
vt 0.252756 0.063995
vt 0.918959 0.970907
vt 0.941651 0.970907
vt 0.941651 0.948216
vt 0.918959 0.948216
vt 0.308273 0.086694
vt 0.330972 0.086694
vt 0.330972 0.063995
vt 0.308273 0.063995
vt 0.141722 0.086693
vt 0.164417 0.086693
vt 0.164417 0.063997
vt 0.141722 0.063997
vt 0.002930 0.086678
vt 0.025625 0.086678
vt 0.025625 0.063983
vt 0.002930 0.063983
vt 0.918959 0.997068
vt 0.941651 0.997068
vt 0.941651 0.974377
vt 0.918959 0.974377
vt 0.058447 0.086693
vt 0.081145 0.086693
vt 0.081145 0.063995
vt 0.058447 0.063995
vt 0.502582 0.098553
vt 0.525285 0.098553
vt 0.525285 0.075850
vt 0.502582 0.075850
vt 0.918959 0.866269
vt 0.941645 0.866269
vt 0.941645 0.843583
vt 0.918959 0.843583
vt 0.918959 0.551636
vt 0.941640 0.551636
vt 0.941640 0.528955
vt 0.918959 0.528955
vt 0.585858 0.098898
vt 0.608563 0.098898
vt 0.608563 0.076193
vt 0.585858 0.076193
vt 0.530341 0.098635
vt 0.553043 0.098635
vt 0.553043 0.075932
vt 0.530341 0.075932
vt 0.918959 0.892424
vt 0.941645 0.892424
vt 0.941645 0.869738
vt 0.918959 0.869738
vt 0.918959 0.577787
vt 0.941640 0.577787
vt 0.941640 0.555106
vt 0.918959 0.555106
vt 0.558099 0.098758
vt 0.580805 0.098758
vt 0.580805 0.076053
vt 0.558099 0.076053
vt 0.900454 0.734722
vt 0.923159 0.734722
vt 0.923159 0.712016
vt 0.900454 0.712016
vt 0.780167 0.100291
vt 0.802883 0.100291
vt 0.802883 0.077575
vt 0.780167 0.077575
vt 0.918959 0.708547
vt 0.941644 0.708547
vt 0.941644 0.685862
vt 0.918959 0.685862
vt 0.891201 0.183065
vt 0.913924 0.160343
vt 0.891201 0.160343
vt 0.613616 0.099253
vt 0.636322 0.099253
vt 0.636322 0.076547
vt 0.613616 0.076547
vt 0.752408 0.100218
vt 0.775124 0.100218
vt 0.775124 0.077502
vt 0.752408 0.077502
vt 0.918959 0.840114
vt 0.941644 0.840114
vt 0.941644 0.817429
vt 0.918959 0.817429
vt 0.891201 0.156873
vt 0.913924 0.156873
vt 0.913924 0.134150
vt 0.891201 0.134150
vt 0.641375 0.310448
vt 0.664300 0.310448
vt 0.664300 0.287522
vt 0.641375 0.287522
vt 0.502582 0.151130
vt 0.525428 0.151130
vt 0.525428 0.128285
vt 0.502582 0.128285
vt 0.752408 0.152828
vt 0.775258 0.152828
vt 0.775258 0.129979
vt 0.752408 0.129979
vt 0.058447 0.350298
vt 0.081378 0.350298
vt 0.081378 0.327366
vt 0.058447 0.327366
vt 0.002930 0.350302
vt 0.025861 0.350302
vt 0.025861 0.327370
vt 0.002930 0.327370
vt 0.474824 0.309378
vt 0.497746 0.309378
vt 0.497746 0.286455
vt 0.474824 0.286455
vt 0.308273 0.139260
vt 0.331113 0.139260
vt 0.331113 0.116420
vt 0.308273 0.116420
vt 0.641375 0.574468
vt 0.664307 0.574468
vt 0.664307 0.551536
vt 0.641375 0.551536
vt 0.502582 0.309415
vt 0.525505 0.309415
vt 0.525505 0.286492
vt 0.502582 0.286492
vt 0.863442 0.865543
vt 0.886276 0.865543
vt 0.886276 0.842709
vt 0.863442 0.842709
vt 0.474824 0.124784
vt 0.497616 0.124784
vt 0.497616 0.101992
vt 0.030688 0.165597
vt 0.053557 0.165597
vt 0.053557 0.142728
vt 0.030688 0.142728
vt 0.585858 0.177845
vt 0.608752 0.177845
vt 0.608752 0.154950
vt 0.585858 0.154950
vt 0.807925 0.126709
vt 0.830747 0.126709
vt 0.830747 0.103887
vt 0.807925 0.103887
vt 0.613616 0.125517
vt 0.636410 0.125517
vt 0.636410 0.102723
vt 0.613616 0.102723
vt 0.891201 0.681507
vt 0.913983 0.681507
vt 0.913983 0.658724
vt 0.197239 0.165596
vt 0.220105 0.165596
vt 0.220105 0.142730
vt 0.197239 0.142730
vt 0.058447 0.112950
vt 0.081233 0.112950
vt 0.081233 0.090163
vt 0.058447 0.090163
vt 0.891201 0.944559
vt 0.913983 0.944559
vt 0.913983 0.921777
vt 0.891201 0.921777
vt 0.835684 0.891726
vt 0.858549 0.891726
vt 0.858549 0.868860
vt 0.835684 0.868860
vt 0.863442 0.944458
vt 0.886277 0.944458
vt 0.886277 0.921623
vt 0.863442 0.921623
vt 0.641375 0.363250
vt 0.664307 0.363250
vt 0.664307 0.340318
vt 0.641375 0.340318
vt 0.363790 0.323895
vt 0.386717 0.323895
vt 0.386717 0.300968
vt 0.363790 0.300968
vt 0.585858 0.151480
vt 0.608706 0.151480
vt 0.608706 0.128632
vt 0.585858 0.128632
vt 0.086205 0.139239
vt 0.109041 0.139239
vt 0.109041 0.116403
vt 0.086205 0.116403
vt 0.863442 0.312887
vt 0.886274 0.290056
vt 0.863442 0.290056
vt 0.391548 0.376700
vt 0.414484 0.376700
vt 0.414484 0.353764
vt 0.391548 0.353764
vt 0.863442 0.654815
vt 0.886276 0.654815
vt 0.886276 0.631981
vt 0.863442 0.631981
vt 0.863442 0.391791
vt 0.886274 0.391791
vt 0.886274 0.368959
vt 0.863442 0.368959
vt 0.641375 0.416054
vt 0.664307 0.416054
vt 0.664307 0.393122
vt 0.641375 0.393122
vt 0.502582 0.124815
vt 0.525374 0.124815
vt 0.525374 0.102023
vt 0.502582 0.102023
vt 0.169481 0.165596
vt 0.192349 0.165596
vt 0.192349 0.142728
vt 0.169481 0.142728
vt 0.558099 0.177701
vt 0.580994 0.154807
vt 0.558099 0.154807
vt 0.872695 0.734050
vt 0.895517 0.734050
vt 0.895517 0.711229
vt 0.585858 0.125162
vt 0.608651 0.125162
vt 0.608651 0.102368
vt 0.585858 0.102368
vt 0.891201 0.707759
vt 0.913983 0.707759
vt 0.913983 0.684976
vt 0.308273 0.165596
vt 0.331139 0.165596
vt 0.331139 0.142730
vt 0.308273 0.142730
vt 0.308273 0.112950
vt 0.331059 0.112950
vt 0.331059 0.090164
vt 0.308273 0.090164
vt 0.891201 0.970812
vt 0.913983 0.970812
vt 0.913983 0.948029
vt 0.891201 0.948029
vt 0.835684 0.970732
vt 0.858549 0.970732
vt 0.858549 0.947867
vt 0.835684 0.947867
vt 0.863442 0.970763
vt 0.886277 0.970763
vt 0.886277 0.947928
vt 0.863442 0.947928
vt 0.641375 0.389652
vt 0.664307 0.389652
vt 0.664307 0.366720
vt 0.641375 0.366720
vt 0.224997 0.323895
vt 0.247925 0.323895
vt 0.247925 0.300968
vt 0.224997 0.300968
vt 0.613616 0.151835
vt 0.636465 0.151835
vt 0.636465 0.128987
vt 0.613616 0.128987
vt 0.002930 0.139239
vt 0.025765 0.139239
vt 0.025765 0.116404
vt 0.002930 0.116404
vt 0.863442 0.339188
vt 0.886274 0.339188
vt 0.886274 0.316357
vt 0.863442 0.316357
vt 0.308273 0.376701
vt 0.331209 0.376701
vt 0.331209 0.353765
vt 0.308273 0.353765
vt 0.863442 0.628511
vt 0.886276 0.628511
vt 0.886276 0.605678
vt 0.863442 0.605678
vt 0.863442 0.418093
vt 0.886274 0.418093
vt 0.886274 0.395261
vt 0.863442 0.395261
vt 0.641375 0.495261
vt 0.664307 0.495261
vt 0.664307 0.472329
vt 0.641375 0.472329
vt 0.419307 0.137732
vt 0.442142 0.137732
vt 0.442142 0.114897
vt 0.419307 0.114897
vt 0.646001 0.785841
vt 0.668933 0.785841
vt 0.668933 0.762909
vt 0.646001 0.762909
vt 0.169481 0.323895
vt 0.192408 0.323895
vt 0.192408 0.300968
vt 0.169481 0.300968
vt 0.669133 0.152362
vt 0.691982 0.152362
vt 0.691982 0.129513
vt 0.669133 0.129513
vt 0.391548 0.139256
vt 0.414384 0.139256
vt 0.414384 0.116420
vt 0.391548 0.116420
vt 0.863442 0.365489
vt 0.886274 0.365489
vt 0.886274 0.342658
vt 0.863442 0.342658
vt 0.252756 0.376701
vt 0.275692 0.376701
vt 0.275692 0.353765
vt 0.252756 0.353765
vt 0.863442 0.602208
vt 0.886276 0.602208
vt 0.886276 0.579375
vt 0.863442 0.579375
vt 0.641375 0.468859
vt 0.664307 0.468859
vt 0.664307 0.445927
vt 0.641375 0.445927
vt 0.863442 0.997068
vt 0.886277 0.997068
vt 0.886277 0.974233
vt 0.863442 0.974233
vt 0.646001 0.812243
vt 0.668933 0.812243
vt 0.668933 0.789311
vt 0.646001 0.789311
vt 0.197239 0.323895
vt 0.220167 0.323895
vt 0.220167 0.300968
vt 0.197239 0.300968
vt 0.641375 0.152157
vt 0.664224 0.152157
vt 0.664224 0.129308
vt 0.641375 0.129308
vt 0.863442 0.286586
vt 0.886273 0.286586
vt 0.886273 0.263755
vt 0.863442 0.263755
vt 0.280514 0.376702
vt 0.303450 0.376702
vt 0.303450 0.353766
vt 0.280514 0.353766
vt 0.863442 0.575905
vt 0.886276 0.553071
vt 0.863442 0.553071
vt 0.863442 0.444394
vt 0.886274 0.444394
vt 0.886274 0.421562
vt 0.863442 0.421562
vt 0.641375 0.442457
vt 0.664307 0.442457
vt 0.664307 0.419524
vt 0.641375 0.419524
vt 0.113964 0.112933
vt 0.136750 0.112933
vt 0.136750 0.090147
vt 0.113964 0.090147
vt 0.891201 0.839550
vt 0.913983 0.839550
vt 0.913983 0.816768
vt 0.891201 0.816768
vt 0.835684 0.654278
vt 0.858549 0.654278
vt 0.858549 0.631412
vt 0.835684 0.631412
vt 0.224997 0.112951
vt 0.247786 0.112951
vt 0.247786 0.090162
vt 0.224997 0.090162
vt 0.252756 0.112952
vt 0.275548 0.112952
vt 0.275548 0.090160
vt 0.252756 0.090160
vt 0.224997 0.165597
vt 0.247868 0.165597
vt 0.247868 0.142726
vt 0.224997 0.142726
vt 0.086205 0.112933
vt 0.108991 0.112933
vt 0.108991 0.090147
vt 0.086205 0.090147
vt 0.891201 0.865802
vt 0.913983 0.865802
vt 0.913983 0.843020
vt 0.891201 0.843020
vt 0.835684 0.627942
vt 0.858549 0.627942
vt 0.858549 0.605077
vt 0.835684 0.605077
vt 0.391548 0.112950
vt 0.414337 0.112950
vt 0.414337 0.090162
vt 0.391548 0.090162
vt 0.447065 0.124767
vt 0.469857 0.124767
vt 0.469857 0.101975
vt 0.447065 0.101975
vt 0.280514 0.165597
vt 0.303385 0.165597
vt 0.303385 0.142726
vt 0.280514 0.142726
vt 0.840310 0.786394
vt 0.863166 0.786394
vt 0.863166 0.763539
vt 0.840310 0.763539
vt 0.002930 0.112934
vt 0.025716 0.112934
vt 0.025716 0.090148
vt 0.002930 0.090148
vt 0.891201 0.892055
vt 0.913983 0.892055
vt 0.913983 0.869272
vt 0.891201 0.869272
vt 0.835684 0.918061
vt 0.858549 0.918061
vt 0.858549 0.895196
vt 0.835684 0.895196
vt 0.835684 0.706948
vt 0.858549 0.706948
vt 0.858549 0.684083
vt 0.835684 0.684083
vt 0.835684 0.180313
vt 0.858540 0.180313
vt 0.858540 0.157457
vt 0.835684 0.157457
vt 0.058447 0.165595
vt 0.081313 0.165595
vt 0.081313 0.142729
vt 0.058447 0.142729
vt 0.835684 0.548937
vt 0.858547 0.548937
vt 0.858547 0.526074
vt 0.835684 0.526074
vt 0.530341 0.124898
vt 0.553134 0.124898
vt 0.553134 0.102105
vt 0.530341 0.102105
vt 0.840310 0.812720
vt 0.863166 0.812720
vt 0.863166 0.789864
vt 0.840310 0.789864
vt 0.336031 0.112933
vt 0.358818 0.112933
vt 0.358818 0.090147
vt 0.336031 0.090147
vt 0.891201 0.918307
vt 0.913983 0.918307
vt 0.913983 0.895525
vt 0.891201 0.895525
vt 0.835684 0.944397
vt 0.858549 0.944397
vt 0.858549 0.921531
vt 0.835684 0.921531
vt 0.835684 0.680613
vt 0.858549 0.680613
vt 0.858549 0.657747
vt 0.835684 0.657747
vt 0.419307 0.164058
vt 0.442162 0.164058
vt 0.442162 0.141202
vt 0.419307 0.141202
vt 0.419307 0.111427
vt 0.442093 0.088641
vt 0.419307 0.088641
vt 0.835684 0.997068
vt 0.858550 0.997068
vt 0.858550 0.974202
vt 0.835684 0.974202
vt 0.835684 0.522604
vt 0.858547 0.522604
vt 0.858547 0.499741
vt 0.835684 0.499741
vt 0.558099 0.125021
vt 0.580892 0.125021
vt 0.580892 0.102228
vt 0.558099 0.102228
vt 0.863442 0.839240
vt 0.886276 0.839240
vt 0.886276 0.816406
vt 0.863442 0.816406
vt 0.863442 0.233984
vt 0.886273 0.233984
vt 0.886273 0.211153
vt 0.863442 0.211153
vt 0.641375 0.521664
vt 0.664307 0.521664
vt 0.664307 0.498731
vt 0.641375 0.498731
vt 0.669133 0.310652
vt 0.692058 0.310652
vt 0.692058 0.287727
vt 0.669133 0.287727
vt 0.474824 0.151100
vt 0.497670 0.151100
vt 0.497670 0.128254
vt 0.474824 0.128254
vt 0.780167 0.152901
vt 0.803016 0.152901
vt 0.803016 0.130052
vt 0.141722 0.350297
vt 0.164654 0.350297
vt 0.164654 0.327366
vt 0.141722 0.327366
vt 0.646001 0.759439
vt 0.668933 0.759439
vt 0.668933 0.736507
vt 0.646001 0.736507
vt 0.447065 0.309354
vt 0.469988 0.309354
vt 0.469988 0.286432
vt 0.447065 0.286432
vt 0.447065 0.151076
vt 0.469905 0.151076
vt 0.469905 0.128236
vt 0.447065 0.128236
vt 0.641375 0.548066
vt 0.664307 0.548066
vt 0.664307 0.525133
vt 0.641375 0.525133
vt 0.863442 0.707421
vt 0.886276 0.707421
vt 0.886276 0.684588
vt 0.863442 0.684588
vt 0.863442 0.681118
vt 0.886276 0.681118
vt 0.886276 0.658285
vt 0.863442 0.658285
vt 0.863442 0.260285
vt 0.886273 0.260285
vt 0.886273 0.237454
vt 0.863442 0.237454
vt 0.641375 0.600870
vt 0.664307 0.600870
vt 0.664307 0.577938
vt 0.641375 0.577938
vt 0.835684 0.469938
vt 0.858547 0.469938
vt 0.858547 0.447074
vt 0.835684 0.447074
vt 0.696891 0.126262
vt 0.719689 0.126262
vt 0.719689 0.103464
vt 0.696891 0.103464
vt 0.863442 0.181385
vt 0.886271 0.181385
vt 0.886271 0.158556
vt 0.863442 0.158556
vt 0.447065 0.177435
vt 0.469954 0.177435
vt 0.469954 0.154546
vt 0.447065 0.154546
vt 0.141722 0.165597
vt 0.164593 0.165597
vt 0.164593 0.142726
vt 0.141722 0.142726
vt 0.363790 0.112952
vt 0.386579 0.112952
vt 0.386579 0.090163
vt 0.363790 0.090163
vt 0.835684 0.496271
vt 0.858547 0.496271
vt 0.858547 0.473408
vt 0.835684 0.473408
vt 0.724650 0.126416
vt 0.747448 0.126416
vt 0.747448 0.103619
vt 0.724650 0.103619
vt 0.863442 0.207684
vt 0.886271 0.207684
vt 0.886271 0.184855
vt 0.863442 0.184855
vt 0.474824 0.177459
vt 0.497713 0.177459
vt 0.497713 0.154570
vt 0.474824 0.154570
vt 0.391548 0.165597
vt 0.414420 0.165597
vt 0.414420 0.142726
vt 0.391548 0.142726
vt 0.030688 0.112952
vt 0.053477 0.090163
vt 0.030688 0.090163
vt 0.669133 0.126043
vt 0.691930 0.126043
vt 0.691930 0.103246
vt 0.669133 0.103246
vt 0.863442 0.155087
vt 0.886270 0.155087
vt 0.886270 0.132259
vt 0.863442 0.132259
vt 0.336031 0.165597
vt 0.358920 0.165597
vt 0.358920 0.142708
vt 0.336031 0.142708
vt 0.641375 0.125838
vt 0.664171 0.125838
vt 0.664171 0.103041
vt 0.641375 0.103041
vt 0.868069 0.812936
vt 0.890897 0.812936
vt 0.890897 0.790108
vt 0.868069 0.790108
vt 0.086205 0.165597
vt 0.109094 0.165597
vt 0.109094 0.142708
vt 0.086205 0.142708
vt 0.252756 0.165596
vt 0.275624 0.165596
vt 0.275624 0.142728
vt 0.252756 0.142728
vt 0.530341 0.177578
vt 0.553235 0.177578
vt 0.553235 0.154684
vt 0.530341 0.154684
vt 0.752408 0.126509
vt 0.775229 0.126509
vt 0.775229 0.103688
vt 0.752408 0.103688
vt 0.363790 0.165596
vt 0.386658 0.165596
vt 0.386658 0.142728
vt 0.363790 0.142728
vt 0.502582 0.177495
vt 0.525477 0.177495
vt 0.525477 0.154600
vt 0.502582 0.154600
vt 0.780167 0.126582
vt 0.802988 0.126582
vt 0.802988 0.103761
vt 0.780167 0.103761
vt 0.197239 0.139260
vt 0.220079 0.139260
vt 0.220079 0.116420
vt 0.197239 0.116420
vt 0.363790 0.139258
vt 0.386626 0.139258
vt 0.386626 0.116422
vt 0.363790 0.116422
vt 0.113964 0.350298
vt 0.136895 0.350298
vt 0.136895 0.327366
vt 0.113964 0.327366
vt 0.530341 0.151214
vt 0.553187 0.151214
vt 0.553187 0.128368
vt 0.530341 0.128368
vt 0.696891 0.152581
vt 0.719741 0.152581
vt 0.719741 0.129732
vt 0.696891 0.129732
vt 0.197239 0.350297
vt 0.220171 0.350297
vt 0.220171 0.327365
vt 0.197239 0.327365
vt 0.058447 0.139259
vt 0.081286 0.139259
vt 0.081286 0.116420
vt 0.058447 0.116420
vt 0.030688 0.139258
vt 0.053525 0.139258
vt 0.053525 0.116422
vt 0.030688 0.116422
vt 0.030688 0.350300
vt 0.053620 0.350300
vt 0.053620 0.327368
vt 0.030688 0.327368
vt 0.558099 0.151337
vt 0.580945 0.151337
vt 0.580945 0.128491
vt 0.558099 0.128491
vt 0.724650 0.152735
vt 0.747499 0.152735
vt 0.747499 0.129886
vt 0.724650 0.129886
vt 0.363790 0.350297
vt 0.386721 0.350297
vt 0.386721 0.327365
vt 0.363790 0.327365
vt 0.419307 0.190428
vt 0.442208 0.190428
vt 0.442208 0.167527
vt 0.419307 0.167527
vt 0.844937 0.733745
vt 0.867791 0.733745
vt 0.867791 0.710891
vt 0.844937 0.710891
vt 0.863442 0.891848
vt 0.886277 0.891848
vt 0.886277 0.869013
vt 0.863442 0.869013
vt 0.696891 0.653901
vt 0.719811 0.653901
vt 0.719811 0.630982
vt 0.696891 0.630982
vt 0.280514 0.191968
vt 0.303415 0.191968
vt 0.303415 0.169067
vt 0.280514 0.169067
vt 0.840310 0.760069
vt 0.863164 0.760069
vt 0.863164 0.737215
vt 0.863442 0.918153
vt 0.886277 0.918153
vt 0.886277 0.895318
vt 0.863442 0.895318
vt 0.696891 0.680291
vt 0.719811 0.680291
vt 0.719811 0.657371
vt 0.696891 0.657371
vt 0.696891 0.706680
vt 0.719811 0.706680
vt 0.719811 0.683761
vt 0.696891 0.683761
vt 0.224997 0.139256
vt 0.247833 0.139256
vt 0.247833 0.116420
vt 0.224997 0.116420
vt 0.812552 0.812429
vt 0.835453 0.812429
vt 0.835453 0.789528
vt 0.812552 0.789528
vt 0.807925 0.153032
vt 0.830779 0.130179
vt 0.807925 0.130179
vt 0.696891 0.838719
vt 0.719811 0.838719
vt 0.719811 0.815799
vt 0.696891 0.815799
vt 0.280514 0.139256
vt 0.303350 0.139256
vt 0.303350 0.116420
vt 0.280514 0.116420
vt 0.812552 0.786059
vt 0.835453 0.786059
vt 0.835453 0.763158
vt 0.812552 0.763158
vt 0.835684 0.153987
vt 0.858537 0.153987
vt 0.858537 0.131134
vt 0.835684 0.131134
vt 0.891201 0.287879
vt 0.913934 0.287879
vt 0.913934 0.265145
vt 0.891201 0.265145
vt 0.835684 0.127664
vt 0.858508 0.127664
vt 0.858508 0.104840
vt 0.835684 0.104840
vt 0.419307 0.322353
vt 0.442233 0.322353
vt 0.442233 0.299426
vt 0.419307 0.299426
vt 0.507209 0.785442
vt 0.530192 0.785442
vt 0.530192 0.762458
vt 0.507209 0.762458
vt 0.780167 0.337542
vt 0.803076 0.337542
vt 0.803076 0.314633
vt 0.780167 0.314633
vt 0.835684 0.364614
vt 0.858544 0.364614
vt 0.858544 0.341754
vt 0.835684 0.341754
vt 0.169481 0.112952
vt 0.192270 0.112952
vt 0.192270 0.090163
vt 0.169481 0.090163
vt 0.391548 0.086692
vt 0.414243 0.086692
vt 0.414243 0.063997
vt 0.391548 0.063997
vt 0.530341 0.997068
vt 0.553320 0.997068
vt 0.553320 0.974088
vt 0.530341 0.974088
vt 0.669133 0.337051
vt 0.692061 0.337051
vt 0.692061 0.314122
vt 0.669133 0.314122
vt 0.863442 0.496998
vt 0.886274 0.496998
vt 0.886274 0.474166
vt 0.863442 0.474166
vt 0.895827 0.813298
vt 0.918549 0.813298
vt 0.918549 0.790576
vt 0.895827 0.790576
vt 0.780167 0.363921
vt 0.803076 0.363921
vt 0.803076 0.341012
vt 0.780167 0.341012
vt 0.835684 0.390944
vt 0.858544 0.390944
vt 0.858544 0.368084
vt 0.835684 0.368084
vt 0.280514 0.112951
vt 0.303303 0.112951
vt 0.303303 0.090162
vt 0.280514 0.090162
vt 0.280514 0.086692
vt 0.303210 0.086692
vt 0.303210 0.063997
vt 0.280514 0.063997
vt 0.530341 0.970618
vt 0.553320 0.970618
vt 0.553320 0.947639
vt 0.530341 0.947639
vt 0.673759 0.812271
vt 0.696688 0.812271
vt 0.696688 0.789343
vt 0.673759 0.789343
vt 0.863442 0.470696
vt 0.886274 0.470696
vt 0.886274 0.447864
vt 0.863442 0.447864
vt 0.863442 0.102495
vt 0.886164 0.102495
vt 0.886164 0.079773
vt 0.863442 0.079773
vt 0.530341 0.944169
vt 0.553320 0.944169
vt 0.553320 0.921189
vt 0.530341 0.921189
vt 0.673759 0.785873
vt 0.696688 0.785873
vt 0.696688 0.762945
vt 0.673759 0.762945
vt 0.863442 0.549602
vt 0.886274 0.549602
vt 0.886274 0.526770
vt 0.863442 0.526770
vt 0.895827 0.760914
vt 0.918549 0.760914
vt 0.918549 0.738192
vt 0.895827 0.738192
vt 0.530341 0.917719
vt 0.553320 0.917719
vt 0.553320 0.894740
vt 0.530341 0.894740
vt 0.669133 0.363449
vt 0.692061 0.363449
vt 0.692061 0.340521
vt 0.669133 0.340521
vt 0.863442 0.523300
vt 0.886274 0.523300
vt 0.886274 0.500468
vt 0.863442 0.500468
vt 0.895827 0.787106
vt 0.918549 0.787106
vt 0.918549 0.764384
vt 0.895827 0.764384
vt 0.807925 0.232150
vt 0.830830 0.232150
vt 0.830830 0.209246
vt 0.807925 0.209246
vt 0.835684 0.443605
vt 0.858544 0.443605
vt 0.858544 0.420744
vt 0.835684 0.420744
vt 0.891201 0.655254
vt 0.913977 0.655254
vt 0.913977 0.632478
vt 0.891201 0.632478
vt 0.197239 0.086692
vt 0.219934 0.086692
vt 0.219934 0.063997
vt 0.197239 0.063997
vt 0.807925 0.205776
vt 0.830830 0.205776
vt 0.830830 0.182872
vt 0.807925 0.182872
vt 0.835684 0.417274
vt 0.858544 0.417274
vt 0.858544 0.394414
vt 0.835684 0.394414
vt 0.891201 0.629008
vt 0.913977 0.629008
vt 0.913977 0.606231
vt 0.891201 0.606231
vt 0.224997 0.086692
vt 0.247693 0.086692
vt 0.247693 0.063997
vt 0.224997 0.063997
vt 0.363790 0.086693
vt 0.386485 0.086693
vt 0.386485 0.063998
vt 0.363790 0.063998
vt 0.891201 0.576515
vt 0.913977 0.576515
vt 0.913977 0.553739
vt 0.891201 0.553739
vt 0.835684 0.338284
vt 0.858544 0.338284
vt 0.858544 0.315424
vt 0.835684 0.315424
vt 0.807925 0.416770
vt 0.830830 0.416770
vt 0.830830 0.393865
vt 0.807925 0.393865
vt 0.030688 0.086693
vt 0.053384 0.086693
vt 0.053384 0.063998
vt 0.030688 0.063998
vt 0.891201 0.602761
vt 0.913977 0.602761
vt 0.913977 0.579985
vt 0.891201 0.579985
vt 0.835684 0.311954
vt 0.858544 0.311954
vt 0.858544 0.289094
vt 0.835684 0.289094
vt 0.807925 0.443144
vt 0.830830 0.443144
vt 0.830830 0.420239
vt 0.807925 0.420239
vt 0.669133 0.389847
vt 0.692062 0.389847
vt 0.692062 0.366919
vt 0.669133 0.366919
vt 0.891201 0.104488
vt 0.913923 0.104488
vt 0.913923 0.081765
vt 0.891201 0.081765
vt 0.891201 0.261675
vt 0.913934 0.238942
vt 0.891201 0.238942
vt 0.863442 0.128789
vt 0.886266 0.105965
vt 0.863442 0.105965
vt 0.678386 0.733077
vt 0.701312 0.733077
vt 0.701312 0.710150
vt 0.678386 0.710150
vt 0.507209 0.811895
vt 0.530192 0.811895
vt 0.530192 0.788911
vt 0.507209 0.788911
vt 0.669133 0.416246
vt 0.692062 0.416246
vt 0.692062 0.393317
vt 0.669133 0.393317
vt 0.891201 0.130680
vt 0.913923 0.130680
vt 0.913923 0.107958
vt 0.696891 0.099994
vt 0.719601 0.099994
vt 0.719601 0.077285
vt 0.696891 0.077285
vt 0.891201 0.550269
vt 0.913977 0.550269
vt 0.913977 0.527492
vt 0.891201 0.527492
vt 0.835684 0.839055
vt 0.858549 0.839055
vt 0.858549 0.816190
vt 0.835684 0.816190
vt 0.807925 0.284898
vt 0.830830 0.284898
vt 0.830830 0.261994
vt 0.807925 0.261994
vt 0.724650 0.100149
vt 0.747359 0.100149
vt 0.747359 0.077439
vt 0.724650 0.077439
vt 0.891201 0.524022
vt 0.913977 0.524022
vt 0.913977 0.501246
vt 0.891201 0.501246
vt 0.835684 0.865391
vt 0.858549 0.865391
vt 0.858549 0.842525
vt 0.835684 0.842525
vt 0.807925 0.258524
vt 0.830830 0.258524
vt 0.830830 0.235620
vt 0.807925 0.235620
vt 0.641375 0.099572
vt 0.664083 0.099572
vt 0.664083 0.076863
vt 0.641375 0.076863
vt 0.835684 0.601607
vt 0.858549 0.601607
vt 0.858549 0.578742
vt 0.835684 0.578742
vt 0.669133 0.099776
vt 0.691841 0.099776
vt 0.691841 0.077068
vt 0.669133 0.077068
vt 0.835684 0.575272
vt 0.858549 0.575272
vt 0.858549 0.552407
vt 0.835684 0.552407
vt 0.780167 0.284784
vt 0.803076 0.284784
vt 0.803076 0.261876
vt 0.780167 0.261876
vt 0.141722 0.112950
vt 0.164510 0.090163
vt 0.141722 0.090163
vt 0.780167 0.311163
vt 0.803076 0.311163
vt 0.803076 0.288254
vt 0.780167 0.288254
vt 0.197239 0.112950
vt 0.220027 0.112950
vt 0.220027 0.090162
vt 0.197239 0.090162
vt 0.868069 0.760344
vt 0.890893 0.760344
vt 0.890893 0.737520
vt 0.868069 0.737520
vt 0.391548 0.508917
vt 0.414532 0.508917
vt 0.414532 0.485933
vt 0.391548 0.485933
vt 0.002930 0.323900
vt 0.025858 0.323900
vt 0.025858 0.300972
vt 0.002930 0.300972
vt 0.807925 0.100417
vt 0.830647 0.100417
vt 0.830647 0.077695
vt 0.807925 0.077695
vt 0.891201 0.235472
vt 0.913934 0.235472
vt 0.913934 0.212739
vt 0.891201 0.212739
vt 0.391548 0.323894
vt 0.414475 0.323894
vt 0.414475 0.300967
vt 0.391548 0.300967
vt 0.868069 0.786638
vt 0.890893 0.786638
vt 0.890893 0.763814
vt 0.868069 0.763814
vt 0.336031 0.508916
vt 0.359015 0.508916
vt 0.359015 0.485932
vt 0.336031 0.485932
vt 0.673759 0.759475
vt 0.696688 0.759475
vt 0.696688 0.736546
vt 0.673759 0.736546
vt 0.835684 0.101371
vt 0.858406 0.078649
vt 0.835684 0.078649
vt 0.891201 0.209269
vt 0.913934 0.209269
vt 0.913934 0.186535
vt 0.891201 0.186535
vt 0.336031 0.323894
vt 0.358958 0.323894
vt 0.358958 0.300968
vt 0.336031 0.300968
vt 0.280514 0.350296
vt 0.303446 0.350296
vt 0.303446 0.327365
vt 0.280514 0.327365
vt 0.419307 0.428022
vt 0.442273 0.428022
vt 0.442273 0.405056
vt 0.419307 0.405056
vt 0.891201 0.497776
vt 0.913971 0.497776
vt 0.913971 0.475006
vt 0.891201 0.475006
vt 0.169481 0.139258
vt 0.192317 0.139258
vt 0.192317 0.116422
vt 0.169481 0.116422
vt 0.113964 0.165597
vt 0.136852 0.165597
vt 0.136852 0.142708
vt 0.113964 0.142708
vt 0.891201 0.314113
vt 0.913965 0.314113
vt 0.913965 0.291349
vt 0.891201 0.291349
vt 0.835684 0.206641
vt 0.858542 0.206641
vt 0.858542 0.183783
vt 0.835684 0.183783
vt 0.502582 0.415080
vt 0.525547 0.415080
vt 0.525547 0.392116
vt 0.502582 0.392116
vt 0.086205 0.350296
vt 0.109136 0.350296
vt 0.109136 0.327365
vt 0.086205 0.327365
vt 0.363790 0.429566
vt 0.386756 0.429566
vt 0.386756 0.406600
vt 0.363790 0.406600
vt 0.891201 0.471536
vt 0.913971 0.471536
vt 0.913971 0.448766
vt 0.891201 0.448766
vt 0.252756 0.139258
vt 0.275592 0.116422
vt 0.252756 0.116422
vt 0.891201 0.340348
vt 0.913965 0.340348
vt 0.913965 0.317583
vt 0.891201 0.317583
vt 0.835684 0.232968
vt 0.858542 0.232968
vt 0.858542 0.210110
vt 0.835684 0.210110
vt 0.474824 0.415042
vt 0.497789 0.415042
vt 0.497789 0.392077
vt 0.474824 0.392077
vt 0.835684 0.259296
vt 0.858542 0.259296
vt 0.858542 0.236438
vt 0.835684 0.236438
vt 0.585858 0.997068
vt 0.608822 0.997068
vt 0.608822 0.974103
vt 0.585858 0.974103
vt 0.530341 0.335900
vt 0.553271 0.335900
vt 0.553271 0.312970
vt 0.530341 0.312970
vt 0.891201 0.366583
vt 0.913966 0.366583
vt 0.913966 0.343817
vt 0.891201 0.343817
vt 0.113964 0.139238
vt 0.136799 0.139238
vt 0.136799 0.116403
vt 0.113964 0.116403
vt 0.224997 0.350296
vt 0.247929 0.350296
vt 0.247929 0.327365
vt 0.224997 0.327365
vt 0.308273 0.429567
vt 0.331239 0.429567
vt 0.331239 0.406601
vt 0.308273 0.406601
vt 0.891201 0.445296
vt 0.913970 0.445296
vt 0.913970 0.422527
vt 0.891201 0.422527
vt 0.835684 0.285624
vt 0.858542 0.285624
vt 0.858542 0.262766
vt 0.835684 0.262766
vt 0.447065 0.415017
vt 0.470030 0.415017
vt 0.470030 0.392053
vt 0.447065 0.392053
vt 0.502582 0.335815
vt 0.525512 0.335815
vt 0.525512 0.312885
vt 0.502582 0.312885
vt 0.891201 0.392818
vt 0.913966 0.392818
vt 0.913966 0.370052
vt 0.891201 0.370052
vt 0.336031 0.139239
vt 0.358867 0.139239
vt 0.358867 0.116403
vt 0.336031 0.116403
vt 0.169481 0.350296
vt 0.192412 0.350296
vt 0.192412 0.327365
vt 0.169481 0.327365
vt 0.336031 0.429566
vt 0.358997 0.429566
vt 0.358997 0.406600
vt 0.336031 0.406600
vt 0.891201 0.419057
vt 0.913970 0.419057
vt 0.913970 0.396288
vt 0.891201 0.396288
vt 0.363790 0.191969
vt 0.386693 0.191969
vt 0.386693 0.169066
vt 0.363790 0.169066
vt 0.558099 0.256843
vt 0.581013 0.256843
vt 0.581013 0.233930
vt 0.558099 0.233930
vt 0.780167 0.891544
vt 0.803078 0.891544
vt 0.803078 0.868633
vt 0.780167 0.868633
vt 0.113964 0.244728
vt 0.136876 0.244728
vt 0.136876 0.221816
vt 0.113964 0.221816
vt 0.058447 0.244728
vt 0.081359 0.244728
vt 0.081359 0.221816
vt 0.058447 0.221816
vt 0.002930 0.191971
vt 0.025833 0.191971
vt 0.025833 0.169068
vt 0.002930 0.169068
vt 0.613616 0.257345
vt 0.636530 0.257345
vt 0.636530 0.234431
vt 0.613616 0.234431
vt 0.780167 0.522200
vt 0.803077 0.522200
vt 0.803077 0.499290
vt 0.780167 0.499290
vt 0.807925 0.680516
vt 0.830832 0.680516
vt 0.830832 0.657609
vt 0.807925 0.657609
vt 0.696891 0.310864
vt 0.719809 0.310864
vt 0.719809 0.287946
vt 0.696891 0.287946
vt 0.058447 0.191968
vt 0.081350 0.191968
vt 0.081350 0.169065
vt 0.058447 0.169065
vt 0.669133 0.257871
vt 0.692047 0.257871
vt 0.692047 0.234958
vt 0.669133 0.234958
vt 0.780167 0.838783
vt 0.803078 0.838783
vt 0.803078 0.815872
vt 0.780167 0.815872
vt 0.002930 0.244731
vt 0.025842 0.244731
vt 0.025842 0.221820
vt 0.002930 0.221820
vt 0.280514 0.244728
vt 0.303426 0.244728
vt 0.303426 0.221816
vt 0.280514 0.221816
vt 0.030688 0.191970
vt 0.053591 0.191970
vt 0.053591 0.169066
vt 0.030688 0.169066
vt 0.502582 0.256637
vt 0.525496 0.256637
vt 0.525496 0.233723
vt 0.502582 0.233723
vt 0.780167 0.574961
vt 0.803077 0.574961
vt 0.803077 0.552051
vt 0.780167 0.552051
vt 0.807925 0.865183
vt 0.830832 0.865183
vt 0.830832 0.842276
vt 0.807925 0.842276
vt 0.696891 0.337251
vt 0.719809 0.337251
vt 0.719809 0.314333
vt 0.696891 0.314333
vt 0.252756 0.191969
vt 0.275659 0.191969
vt 0.275659 0.169066
vt 0.252756 0.169066
vt 0.641375 0.257666
vt 0.664288 0.257666
vt 0.664288 0.234753
vt 0.641375 0.234753
vt 0.780167 0.706864
vt 0.803078 0.706864
vt 0.803078 0.683953
vt 0.780167 0.683953
vt 0.030688 0.244730
vt 0.053600 0.244730
vt 0.053600 0.221818
vt 0.030688 0.221818
vt 0.336031 0.244728
vt 0.358943 0.244728
vt 0.358943 0.221816
vt 0.336031 0.221816
vt 0.308273 0.191969
vt 0.331176 0.191969
vt 0.331176 0.169066
vt 0.308273 0.169066
vt 0.696891 0.258090
vt 0.719805 0.258090
vt 0.719805 0.235177
vt 0.696891 0.235177
vt 0.780167 0.548581
vt 0.803077 0.548581
vt 0.803077 0.525670
vt 0.780167 0.525670
vt 0.807925 0.838806
vt 0.830832 0.838806
vt 0.830832 0.815899
vt 0.807925 0.815899
vt 0.696891 0.363638
vt 0.719809 0.363638
vt 0.719809 0.340721
vt 0.696891 0.340721
vt 0.169481 0.191969
vt 0.192384 0.191969
vt 0.192384 0.169066
vt 0.169481 0.169066
vt 0.530341 0.256720
vt 0.553254 0.256720
vt 0.553254 0.233807
vt 0.530341 0.233807
vt 0.780167 0.865164
vt 0.803078 0.865164
vt 0.803078 0.842253
vt 0.780167 0.842253
vt 0.086205 0.244728
vt 0.109117 0.244728
vt 0.109117 0.221816
vt 0.086205 0.221816
vt 0.141722 0.244728
vt 0.164634 0.244728
vt 0.164634 0.221816
vt 0.141722 0.221816
vt 0.197239 0.191969
vt 0.220142 0.191969
vt 0.220142 0.169065
vt 0.197239 0.169065
vt 0.585858 0.256987
vt 0.608771 0.256987
vt 0.608771 0.234074
vt 0.585858 0.234074
vt 0.780167 0.495820
vt 0.803077 0.495820
vt 0.803077 0.472910
vt 0.780167 0.472910
vt 0.807925 0.706893
vt 0.830832 0.706893
vt 0.830832 0.683986
vt 0.807925 0.683986
vt 0.701518 0.812330
vt 0.724435 0.812330
vt 0.724435 0.789412
vt 0.701518 0.789412
vt 0.169481 0.482472
vt 0.192463 0.482472
vt 0.192463 0.459490
vt 0.169481 0.459490
vt 0.086205 0.614771
vt 0.109198 0.614771
vt 0.109198 0.591778
vt 0.086205 0.591778
vt 0.396175 0.798423
vt 0.419166 0.798423
vt 0.419166 0.775432
vt 0.396175 0.775432
vt 0.030688 0.588313
vt 0.053679 0.588313
vt 0.053679 0.565322
vt 0.030688 0.565322
vt 0.400801 0.719041
vt 0.423792 0.719041
vt 0.423792 0.696051
vt 0.400801 0.696051
vt 0.391548 0.482463
vt 0.414530 0.482463
vt 0.414530 0.459481
vt 0.391548 0.459481
vt 0.363790 0.641212
vt 0.386782 0.641212
vt 0.386782 0.618220
vt 0.363790 0.618220
vt 0.363790 0.614750
vt 0.386781 0.614750
vt 0.386781 0.591759
vt 0.363790 0.591759
vt 0.502582 0.467967
vt 0.525559 0.467967
vt 0.525559 0.444990
vt 0.502582 0.444990
vt 0.336031 0.561831
vt 0.359020 0.561831
vt 0.359020 0.538842
vt 0.336031 0.538842
vt 0.252756 0.482467
vt 0.275738 0.482467
vt 0.275738 0.459485
vt 0.252756 0.459485
vt 0.030688 0.614775
vt 0.053681 0.614775
vt 0.053681 0.591782
vt 0.030688 0.591782
vt 0.391548 0.641213
vt 0.414539 0.641213
vt 0.414539 0.618222
vt 0.391548 0.618222
vt 0.396175 0.745502
vt 0.419165 0.745502
vt 0.419165 0.722511
vt 0.396175 0.722511
vt 0.113964 0.588307
vt 0.136954 0.588307
vt 0.136954 0.565316
vt 0.113964 0.565316
vt 0.308273 0.482464
vt 0.331255 0.482464
vt 0.331255 0.459482
vt 0.308273 0.459482
vt 0.308273 0.641217
vt 0.331265 0.641217
vt 0.331265 0.618224
vt 0.308273 0.618224
vt 0.280514 0.614756
vt 0.303506 0.614756
vt 0.303506 0.591765
vt 0.280514 0.591765
vt 0.530341 0.468051
vt 0.553318 0.468051
vt 0.553318 0.445074
vt 0.530341 0.445074
vt 0.391548 0.561832
vt 0.414537 0.561832
vt 0.414537 0.538843
vt 0.391548 0.538843
vt 0.224997 0.482469
vt 0.247980 0.482469
vt 0.247980 0.459487
vt 0.224997 0.459487
vt 0.280514 0.641219
vt 0.303507 0.641219
vt 0.303507 0.618226
vt 0.280514 0.618226
vt 0.396175 0.771962
vt 0.419166 0.771962
vt 0.419166 0.748971
vt 0.396175 0.748971
vt 0.002930 0.588315
vt 0.025920 0.588315
vt 0.025920 0.565324
vt 0.002930 0.565324
vt 0.141722 0.588305
vt 0.164712 0.588305
vt 0.164712 0.565314
vt 0.141722 0.565314
vt 0.280514 0.482466
vt 0.303496 0.482466
vt 0.303496 0.459484
vt 0.280514 0.459484
vt 0.002930 0.614777
vt 0.025922 0.614777
vt 0.025922 0.591784
vt 0.002930 0.591784
vt 0.336031 0.614752
vt 0.359023 0.614752
vt 0.359023 0.591761
vt 0.336031 0.591761
vt 0.530341 0.573838
vt 0.553318 0.573838
vt 0.553318 0.550861
vt 0.530341 0.550861
vt 0.308273 0.561833
vt 0.331262 0.561833
vt 0.331262 0.538844
vt 0.308273 0.538844
vt 0.197239 0.482470
vt 0.220221 0.482470
vt 0.220221 0.459487
vt 0.197239 0.459487
vt 0.058447 0.614773
vt 0.081439 0.614773
vt 0.081439 0.591780
vt 0.058447 0.591780
vt 0.391548 0.614753
vt 0.414539 0.614753
vt 0.414539 0.591762
vt 0.391548 0.591762
vt 0.086205 0.588309
vt 0.109196 0.588309
vt 0.109196 0.565318
vt 0.086205 0.565318
vt 0.058447 0.588310
vt 0.081437 0.588310
vt 0.081437 0.565320
vt 0.058447 0.565320
vt 0.336031 0.482462
vt 0.359013 0.482462
vt 0.359013 0.459480
vt 0.336031 0.459480
vt 0.336031 0.641215
vt 0.359024 0.641215
vt 0.359024 0.618222
vt 0.336031 0.618222
vt 0.391548 0.983652
vt 0.414540 0.983652
vt 0.414540 0.960661
vt 0.391548 0.960661
vt 0.530341 0.547392
vt 0.553318 0.547392
vt 0.553318 0.524415
vt 0.530341 0.524415
vt 0.363790 0.561829
vt 0.386778 0.561829
vt 0.386778 0.538840
vt 0.363790 0.538840
vt 0.368416 0.761313
vt 0.391410 0.761313
vt 0.391410 0.738320
vt 0.368416 0.738320
vt 0.474824 0.653120
vt 0.497810 0.653120
vt 0.497810 0.630133
vt 0.474824 0.630133
vt 0.447065 0.520813
vt 0.470052 0.520813
vt 0.470052 0.497826
vt 0.447065 0.497826
vt 0.030688 0.767711
vt 0.053682 0.767711
vt 0.053682 0.744717
vt 0.030688 0.744717
vt 0.474824 0.600206
vt 0.497811 0.600206
vt 0.497811 0.577219
vt 0.474824 0.577219
vt 0.474824 0.573750
vt 0.497810 0.573750
vt 0.497810 0.550763
vt 0.474824 0.550763
vt 0.058447 0.766525
vt 0.081440 0.766525
vt 0.081440 0.743531
vt 0.058447 0.743531
vt 0.474824 0.679576
vt 0.497811 0.679576
vt 0.497811 0.656589
vt 0.474824 0.656589
vt 0.474824 0.547293
vt 0.497810 0.547293
vt 0.497810 0.524307
vt 0.474824 0.524307
vt 0.002930 0.767668
vt 0.025923 0.767668
vt 0.025923 0.744674
vt 0.002930 0.744674
vt 0.474824 0.626663
vt 0.497811 0.626663
vt 0.497811 0.603676
vt 0.474824 0.603676
vt 0.474824 0.520837
vt 0.497810 0.520837
vt 0.497810 0.497851
vt 0.474824 0.497851
vt 0.752408 0.363865
vt 0.775321 0.363865
vt 0.775321 0.340952
vt 0.752408 0.340952
vt 0.724650 0.654011
vt 0.747565 0.654011
vt 0.747565 0.631096
vt 0.724650 0.631096
vt 0.724650 0.706782
vt 0.747566 0.706782
vt 0.747566 0.683866
vt 0.724650 0.683866
vt 0.752408 0.311100
vt 0.775321 0.311100
vt 0.775321 0.288188
vt 0.752408 0.288188
vt 0.724650 0.627626
vt 0.747565 0.627626
vt 0.747565 0.604711
vt 0.724650 0.604711
vt 0.724650 0.891525
vt 0.747566 0.891525
vt 0.747566 0.868609
vt 0.724650 0.868609
vt 0.752408 0.284718
vt 0.775321 0.284718
vt 0.775321 0.261806
vt 0.752408 0.261806
vt 0.724650 0.601241
vt 0.747565 0.601241
vt 0.747565 0.578326
vt 0.724650 0.578326
vt 0.724650 0.865139
vt 0.747566 0.865139
vt 0.747566 0.842224
vt 0.724650 0.842224
vt 0.752408 0.337483
vt 0.775321 0.337483
vt 0.775321 0.314570
vt 0.752408 0.314570
vt 0.724650 0.680396
vt 0.747565 0.680396
vt 0.747565 0.657481
vt 0.724650 0.657481
vt 0.724650 0.838754
vt 0.747566 0.838754
vt 0.747566 0.815838
vt 0.724650 0.815838
vt 0.530341 0.283106
vt 0.553257 0.283106
vt 0.553257 0.260190
vt 0.530341 0.260190
vt 0.558099 0.362428
vt 0.581034 0.362428
vt 0.581034 0.339493
vt 0.558099 0.339493
vt 0.308273 0.323894
vt 0.331200 0.323894
vt 0.331200 0.300967
vt 0.308273 0.300967
vt 0.613616 0.442168
vt 0.636559 0.442168
vt 0.636559 0.419225
vt 0.613616 0.419225
vt 0.562726 0.785520
vt 0.585694 0.785520
vt 0.585694 0.762551
vt 0.562726 0.762551
vt 0.308273 0.403131
vt 0.331233 0.403131
vt 0.331233 0.380171
vt 0.308273 0.380171
vt 0.141722 0.456020
vt 0.164699 0.456020
vt 0.164699 0.433044
vt 0.141722 0.433044
vt 0.197239 0.535382
vt 0.220226 0.535382
vt 0.220226 0.512395
vt 0.197239 0.512395
vt 0.419307 0.970608
vt 0.442297 0.970608
vt 0.442297 0.947618
vt 0.419307 0.947618
vt 0.058447 0.429579
vt 0.081415 0.429579
vt 0.081415 0.406611
vt 0.058447 0.406611
vt 0.558099 0.891291
vt 0.581073 0.891291
vt 0.581073 0.868316
vt 0.558099 0.868316
vt 0.058447 0.403141
vt 0.081410 0.403141
vt 0.081410 0.380178
vt 0.058447 0.380178
vt 0.641375 0.970664
vt 0.664308 0.970664
vt 0.664308 0.947730
vt 0.641375 0.947730
vt 0.058447 0.376708
vt 0.081387 0.376708
vt 0.081387 0.353768
vt 0.058447 0.353768
vt 0.669133 0.521842
vt 0.692062 0.521842
vt 0.692062 0.498913
vt 0.669133 0.498913
vt 0.724650 0.363779
vt 0.747564 0.363779
vt 0.747564 0.340865
vt 0.724650 0.340865
vt 0.419307 0.944148
vt 0.442297 0.944148
vt 0.442297 0.921158
vt 0.419307 0.921158
vt 0.030688 0.429581
vt 0.053656 0.429581
vt 0.053656 0.406613
vt 0.030688 0.406613
vt 0.558099 0.864847
vt 0.581073 0.864847
vt 0.581073 0.841872
vt 0.558099 0.841872
vt 0.113964 0.403138
vt 0.136927 0.403138
vt 0.136927 0.380175
vt 0.113964 0.380175
vt 0.641375 0.997068
vt 0.664308 0.997068
vt 0.664308 0.974134
vt 0.641375 0.974134
vt 0.030688 0.376710
vt 0.053628 0.376710
vt 0.053628 0.353770
vt 0.030688 0.353770
vt 0.669133 0.469044
vt 0.692062 0.469044
vt 0.692062 0.446115
vt 0.669133 0.446115
vt 0.724650 0.284628
vt 0.747564 0.284628
vt 0.747564 0.261714
vt 0.724650 0.261714
vt 0.558099 0.283229
vt 0.581015 0.283229
vt 0.581015 0.260313
vt 0.558099 0.260313
vt 0.502582 0.362220
vt 0.525517 0.362220
vt 0.525517 0.339285
vt 0.502582 0.339285
vt 0.086205 0.323895
vt 0.109132 0.323895
vt 0.109132 0.300968
vt 0.086205 0.300968
vt 0.613616 0.468581
vt 0.636559 0.468581
vt 0.636559 0.445638
vt 0.613616 0.445638
vt 0.562726 0.759081
vt 0.585694 0.759081
vt 0.585694 0.736112
vt 0.562726 0.736112
vt 0.391548 0.403130
vt 0.414509 0.403130
vt 0.414509 0.380170
vt 0.391548 0.380170
vt 0.058447 0.456026
vt 0.081423 0.456026
vt 0.081423 0.433049
vt 0.058447 0.433049
vt 0.141722 0.535386
vt 0.164709 0.535386
vt 0.164709 0.512399
vt 0.141722 0.512399
vt 0.502582 0.283023
vt 0.525498 0.283023
vt 0.525498 0.260107
vt 0.502582 0.260107
vt 0.530341 0.362305
vt 0.553275 0.362305
vt 0.553275 0.339370
vt 0.530341 0.339370
vt 0.252756 0.323895
vt 0.275683 0.323895
vt 0.275683 0.300968
vt 0.252756 0.300968
vt 0.613616 0.415756
vt 0.636559 0.415756
vt 0.636559 0.392813
vt 0.613616 0.392813
vt 0.562726 0.811959
vt 0.585694 0.811959
vt 0.585694 0.788990
vt 0.562726 0.788990
vt 0.280514 0.403132
vt 0.303475 0.403132
vt 0.303475 0.380172
vt 0.280514 0.380172
vt 0.113964 0.456023
vt 0.136940 0.456023
vt 0.136940 0.433046
vt 0.113964 0.433046
vt 0.169481 0.535384
vt 0.192468 0.535384
vt 0.192468 0.512397
vt 0.169481 0.512397
vt 0.419307 0.891229
vt 0.442297 0.891229
vt 0.442297 0.868239
vt 0.419307 0.868239
vt 0.002930 0.429583
vt 0.025898 0.429583
vt 0.025898 0.406615
vt 0.002930 0.406615
vt 0.558099 0.838403
vt 0.581073 0.838403
vt 0.581073 0.815428
vt 0.558099 0.815428
vt 0.169481 0.403137
vt 0.192444 0.403137
vt 0.192444 0.380173
vt 0.169481 0.380173
vt 0.447065 0.362158
vt 0.469999 0.362158
vt 0.469999 0.339224
vt 0.447065 0.339224
vt 0.086205 0.376706
vt 0.109145 0.376706
vt 0.109145 0.353766
vt 0.086205 0.353766
vt 0.669133 0.442645
vt 0.692062 0.442645
vt 0.692062 0.419716
vt 0.669133 0.419716
vt 0.724650 0.337396
vt 0.747564 0.337396
vt 0.747564 0.314482
vt 0.724650 0.314482
vt 0.419307 0.917689
vt 0.442297 0.917689
vt 0.442297 0.894699
vt 0.419307 0.894699
vt 0.086205 0.429577
vt 0.109173 0.406609
vt 0.086205 0.406609
vt 0.558099 0.706136
vt 0.581073 0.706136
vt 0.581073 0.683161
vt 0.558099 0.683161
vt 0.086205 0.403139
vt 0.109168 0.403139
vt 0.109168 0.380176
vt 0.086205 0.380176
vt 0.641375 0.944260
vt 0.664308 0.944260
vt 0.664308 0.921327
vt 0.641375 0.921327
vt 0.002930 0.376712
vt 0.025870 0.376712
vt 0.025870 0.353772
vt 0.002930 0.353772
vt 0.669133 0.495443
vt 0.692062 0.495443
vt 0.692062 0.472514
vt 0.669133 0.472514
vt 0.724650 0.311012
vt 0.747564 0.311012
vt 0.747564 0.288098
vt 0.724650 0.288098
vt 0.585858 0.283373
vt 0.608774 0.283373
vt 0.608774 0.260457
vt 0.474824 0.362182
vt 0.497758 0.362182
vt 0.497758 0.339247
vt 0.474824 0.339247
vt 0.280514 0.323895
vt 0.303441 0.323895
vt 0.303441 0.300968
vt 0.280514 0.300968
vt 0.613616 0.389343
vt 0.636559 0.389343
vt 0.636559 0.366400
vt 0.613616 0.366400
vt 0.567352 0.732642
vt 0.590321 0.732642
vt 0.590321 0.709673
vt 0.567352 0.709673
vt 0.336031 0.403130
vt 0.358992 0.403130
vt 0.358992 0.380170
vt 0.336031 0.380170
vt 0.086205 0.456024
vt 0.109182 0.456024
vt 0.109182 0.433047
vt 0.086205 0.433047
vt 0.113964 0.535388
vt 0.136951 0.535388
vt 0.136951 0.512401
vt 0.113964 0.512401
vt 0.326779 0.734708
vt 0.349772 0.734708
vt 0.349772 0.711715
vt 0.326779 0.711715
vt 0.280514 0.456014
vt 0.303490 0.456014
vt 0.303490 0.433039
vt 0.280514 0.433039
vt 0.474824 0.997068
vt 0.497811 0.997068
vt 0.497811 0.974081
vt 0.474824 0.974081
vt 0.030688 0.535394
vt 0.053676 0.535394
vt 0.053676 0.512406
vt 0.030688 0.512406
vt 0.474824 0.864783
vt 0.497811 0.864783
vt 0.497811 0.841796
vt 0.474824 0.841796
vt 0.058447 0.535392
vt 0.081434 0.535392
vt 0.081434 0.512404
vt 0.058447 0.512404
vt 0.336031 0.456011
vt 0.359006 0.456011
vt 0.359006 0.433036
vt 0.336031 0.433036
vt 0.030688 0.741247
vt 0.053682 0.741247
vt 0.053682 0.718254
vt 0.030688 0.718254
vt 0.058447 0.740061
vt 0.081440 0.740061
vt 0.081440 0.717068
vt 0.058447 0.717068
vt 0.308273 0.456012
vt 0.331248 0.456012
vt 0.331248 0.433037
vt 0.308273 0.433037
vt 0.474824 0.838326
vt 0.497811 0.838326
vt 0.497811 0.815339
vt 0.474824 0.815339
vt 0.447065 0.547270
vt 0.470053 0.547270
vt 0.470053 0.524283
vt 0.447065 0.524283
vt 0.474824 0.917697
vt 0.497811 0.917697
vt 0.497811 0.894710
vt 0.474824 0.894710
vt 0.456318 0.732490
vt 0.479306 0.732490
vt 0.479306 0.709503
vt 0.456318 0.709503
vt 0.419307 0.454467
vt 0.442281 0.454467
vt 0.442281 0.431492
vt 0.419307 0.431492
vt 0.299020 0.760992
vt 0.322013 0.760992
vt 0.322013 0.737998
vt 0.299020 0.737998
vt 0.474824 0.944154
vt 0.497811 0.944154
vt 0.497811 0.921167
vt 0.474824 0.921167
vt 0.363790 0.456010
vt 0.386764 0.456010
vt 0.386764 0.433036
vt 0.363790 0.433036
vt 0.368416 0.734850
vt 0.391409 0.734850
vt 0.391409 0.711857
vt 0.368416 0.711857
vt 0.141722 0.667691
vt 0.164715 0.667691
vt 0.164715 0.644699
vt 0.141722 0.644699
vt 0.474824 0.970611
vt 0.497811 0.970611
vt 0.497811 0.947624
vt 0.474824 0.947624
vt 0.474824 0.706033
vt 0.497811 0.706033
vt 0.497811 0.683046
vt 0.474824 0.683046
vt 0.391548 0.456012
vt 0.414523 0.456012
vt 0.414523 0.433037
vt 0.391548 0.433037
vt 0.002930 0.741205
vt 0.025923 0.741205
vt 0.025923 0.718212
vt 0.002930 0.718212
vt 0.474824 0.891240
vt 0.497811 0.891240
vt 0.497811 0.868253
vt 0.474824 0.868253
vt 0.752408 0.627687
vt 0.775321 0.627687
vt 0.775321 0.604774
vt 0.752408 0.604774
vt 0.752408 0.179195
vt 0.775306 0.179195
vt 0.775306 0.156298
vt 0.752408 0.156298
vt 0.197239 0.218346
vt 0.220147 0.218346
vt 0.220147 0.195439
vt 0.197239 0.195439
vt 0.807925 0.997068
vt 0.830833 0.997068
vt 0.830833 0.974161
vt 0.807925 0.974161
vt 0.784793 0.786025
vt 0.807701 0.786025
vt 0.807701 0.763117
vt 0.784793 0.763117
vt 0.807925 0.944314
vt 0.830833 0.944314
vt 0.830833 0.921407
vt 0.807925 0.921407
vt 0.641375 0.178524
vt 0.664272 0.178524
vt 0.664272 0.155627
vt 0.641375 0.155627
vt 0.169481 0.244728
vt 0.192393 0.244728
vt 0.192393 0.221816
vt 0.169481 0.221816
vt 0.752408 0.574922
vt 0.775321 0.574922
vt 0.775321 0.552010
vt 0.752408 0.552010
vt 0.724650 0.179103
vt 0.747547 0.179103
vt 0.747547 0.156205
vt 0.724650 0.156205
vt 0.169481 0.218346
vt 0.192388 0.218346
vt 0.192388 0.195439
vt 0.169481 0.195439
vt 0.807925 0.970691
vt 0.830833 0.970691
vt 0.830833 0.947784
vt 0.807925 0.947784
vt 0.419307 0.216806
vt 0.442214 0.216806
vt 0.442214 0.193898
vt 0.419307 0.193898
vt 0.447065 0.203812
vt 0.469973 0.203812
vt 0.469973 0.180905
vt 0.447065 0.180905
vt 0.613616 0.178203
vt 0.636513 0.178203
vt 0.636513 0.155305
vt 0.613616 0.155305
vt 0.252756 0.244728
vt 0.275668 0.244728
vt 0.275668 0.221816
vt 0.252756 0.221816
vt 0.752408 0.548540
vt 0.775321 0.548540
vt 0.775321 0.525628
vt 0.752408 0.525628
vt 0.113964 0.271112
vt 0.136877 0.271112
vt 0.136877 0.248198
vt 0.113964 0.248198
vt 0.363790 0.218346
vt 0.386697 0.218346
vt 0.386697 0.195439
vt 0.363790 0.195439
vt 0.252756 0.218346
vt 0.275664 0.218346
vt 0.275664 0.195439
vt 0.252756 0.195439
vt 0.669133 0.178729
vt 0.692030 0.178729
vt 0.692030 0.155832
vt 0.669133 0.155832
vt 0.752408 0.601305
vt 0.775321 0.601305
vt 0.775321 0.578392
vt 0.752408 0.578392
vt 0.308273 0.218346
vt 0.331181 0.218346
vt 0.331181 0.195439
vt 0.308273 0.195439
vt 0.784793 0.812402
vt 0.807701 0.812402
vt 0.807701 0.789495
vt 0.784793 0.789495
vt 0.696891 0.178948
vt 0.719789 0.178948
vt 0.719789 0.156051
vt 0.696891 0.156051
vt 0.585858 0.706204
vt 0.608822 0.706204
vt 0.608822 0.683240
vt 0.585858 0.683240
vt 0.474824 0.494381
vt 0.497807 0.494381
vt 0.497807 0.471398
vt 0.474824 0.471398
vt 0.669133 0.970668
vt 0.692063 0.970668
vt 0.692063 0.947738
vt 0.669133 0.947738
vt 0.752408 0.231954
vt 0.775320 0.231954
vt 0.775320 0.209043
vt 0.752408 0.209043
vt 0.391548 0.350294
vt 0.414479 0.350294
vt 0.414479 0.327363
vt 0.391548 0.327363
vt 0.669133 0.231488
vt 0.692044 0.231488
vt 0.692044 0.208576
vt 0.669133 0.208576
vt 0.530341 0.415165
vt 0.553306 0.415165
vt 0.553306 0.392200
vt 0.530341 0.392200
vt 0.502582 0.494420
vt 0.525566 0.494420
vt 0.525566 0.471436
vt 0.502582 0.471436
vt 0.585858 0.864896
vt 0.608822 0.864896
vt 0.608822 0.841932
vt 0.585858 0.841932
vt 0.669133 0.997068
vt 0.692063 0.997068
vt 0.692063 0.974138
vt 0.669133 0.974138
vt 0.696891 0.231707
vt 0.719803 0.231707
vt 0.719803 0.208795
vt 0.696891 0.208795
vt 0.419307 0.348754
vt 0.442238 0.348754
vt 0.442238 0.325823
vt 0.419307 0.325823
vt 0.724650 0.231861
vt 0.747561 0.231861
vt 0.747561 0.208950
vt 0.724650 0.208950
vt 0.558099 0.415290
vt 0.581064 0.415290
vt 0.581064 0.392326
vt 0.558099 0.392326
vt 0.502582 0.520873
vt 0.525566 0.520873
vt 0.525566 0.497890
vt 0.502582 0.497890
vt 0.308273 0.244728
vt 0.331185 0.244728
vt 0.331185 0.221816
vt 0.308273 0.221816
vt 0.030688 0.482480
vt 0.053671 0.482480
vt 0.053671 0.459498
vt 0.030688 0.459498
vt 0.197239 0.244728
vt 0.220151 0.244728
vt 0.220151 0.221816
vt 0.197239 0.221816
vt 0.507209 0.758989
vt 0.530191 0.758989
vt 0.530191 0.736006
vt 0.507209 0.736006
vt 0.780167 0.179271
vt 0.803067 0.179271
vt 0.803067 0.156371
vt 0.780167 0.156371
vt 0.419307 0.586744
vt 0.442296 0.586744
vt 0.442296 0.563755
vt 0.419307 0.563755
vt 0.113964 0.297498
vt 0.136881 0.297498
vt 0.136881 0.274582
vt 0.113964 0.274582
vt 0.530341 0.441604
vt 0.553310 0.441604
vt 0.553310 0.418635
vt 0.530341 0.418635
vt 0.030688 0.297500
vt 0.053605 0.297500
vt 0.053605 0.274583
vt 0.030688 0.274583
vt 0.419307 0.613203
vt 0.442296 0.613203
vt 0.442296 0.590214
vt 0.419307 0.590214
vt 0.817178 0.733318
vt 0.840078 0.733318
vt 0.840078 0.710418
vt 0.817178 0.710418
vt 0.558099 0.441730
vt 0.581069 0.441730
vt 0.581069 0.418760
vt 0.558099 0.418760
vt 0.812552 0.759688
vt 0.835452 0.759688
vt 0.835452 0.736788
vt 0.812552 0.736788
vt 0.224997 0.244728
vt 0.247909 0.244728
vt 0.247909 0.221816
vt 0.224997 0.221816
vt 0.280514 0.297498
vt 0.303431 0.297498
vt 0.303431 0.274581
vt 0.280514 0.274581
vt 0.807925 0.179402
vt 0.830826 0.179402
vt 0.830826 0.156502
vt 0.807925 0.156502
vt 0.363790 0.244728
vt 0.386702 0.244728
vt 0.386702 0.221816
vt 0.363790 0.221816
vt 0.058447 0.297498
vt 0.081364 0.297498
vt 0.081364 0.274582
vt 0.058447 0.274582
vt 0.558099 0.468169
vt 0.581069 0.468169
vt 0.581069 0.445200
vt 0.558099 0.445200
vt 0.511835 0.732536
vt 0.534818 0.732536
vt 0.534818 0.709553
vt 0.511835 0.709553
vt 0.423933 0.811850
vt 0.446922 0.811850
vt 0.446922 0.788861
vt 0.423933 0.788861
vt 0.502582 0.441520
vt 0.525552 0.441520
vt 0.525552 0.418550
vt 0.502582 0.418550
vt 0.002930 0.482482
vt 0.025913 0.482482
vt 0.025913 0.459500
vt 0.002930 0.459500
vt 0.419307 0.639662
vt 0.442296 0.639662
vt 0.442296 0.616673
vt 0.419307 0.616673
vt 0.585858 0.626902
vt 0.608822 0.626902
vt 0.608822 0.603938
vt 0.650627 0.733037
vt 0.673558 0.710107
vt 0.650627 0.710107
vt 0.613616 0.336525
vt 0.636547 0.313594
vt 0.613616 0.313594
vt 0.585858 0.653336
vt 0.608822 0.653336
vt 0.608822 0.630372
vt 0.585858 0.630372
vt 0.585858 0.838462
vt 0.608822 0.838462
vt 0.608822 0.815498
vt 0.585858 0.815498
vt 0.336031 0.350295
vt 0.358962 0.350295
vt 0.358962 0.327364
vt 0.336031 0.327364
vt 0.641375 0.336848
vt 0.664305 0.336848
vt 0.664305 0.313918
vt 0.641375 0.313918
vt 0.585858 0.679770
vt 0.608822 0.679770
vt 0.608822 0.656806
vt 0.585858 0.656806
vt 0.086205 0.297498
vt 0.109122 0.297498
vt 0.109122 0.274581
vt 0.086205 0.274581
vt 0.613616 0.944218
vt 0.636566 0.944218
vt 0.636566 0.921268
vt 0.613616 0.921268
vt 0.363790 0.376702
vt 0.386726 0.376702
vt 0.386726 0.353766
vt 0.363790 0.353766
vt 0.558099 0.653251
vt 0.581070 0.653251
vt 0.581070 0.630280
vt 0.558099 0.630280
vt 0.558099 0.521049
vt 0.581069 0.521049
vt 0.581069 0.498079
vt 0.585858 0.362573
vt 0.608793 0.362573
vt 0.608793 0.339637
vt 0.585858 0.339637
vt 0.613616 0.891378
vt 0.636566 0.891378
vt 0.636566 0.868428
vt 0.613616 0.868428
vt 0.724650 0.944296
vt 0.747566 0.921380
vt 0.724650 0.921380
vt 0.169481 0.297498
vt 0.192397 0.297498
vt 0.192397 0.274581
vt 0.613616 0.917798
vt 0.636566 0.917798
vt 0.636566 0.894848
vt 0.613616 0.894848
vt 0.197239 0.376703
vt 0.220175 0.376703
vt 0.220175 0.353766
vt 0.558099 0.679692
vt 0.581070 0.679692
vt 0.581070 0.656721
vt 0.558099 0.656721
vt 0.558099 0.494609
vt 0.581069 0.494609
vt 0.581069 0.471639
vt 0.558099 0.471639
vt 0.613616 0.362930
vt 0.636551 0.362930
vt 0.636551 0.339995
vt 0.613616 0.339995
vt 0.613616 0.864959
vt 0.636566 0.864959
vt 0.636566 0.842009
vt 0.613616 0.842009
vt 0.724650 0.917911
vt 0.747566 0.917911
vt 0.747566 0.894995
vt 0.724650 0.894995
vt 0.807925 0.495892
vt 0.830830 0.472988
vt 0.807925 0.472988
vt 0.419307 0.269571
vt 0.442220 0.269571
vt 0.442220 0.246657
vt 0.419307 0.246657
vt 0.780167 0.390301
vt 0.803077 0.390301
vt 0.803077 0.367391
vt 0.780167 0.367391
vt 0.752408 0.917920
vt 0.775321 0.917920
vt 0.775321 0.895007
vt 0.752408 0.895007
vt 0.752408 0.944303
vt 0.775321 0.944303
vt 0.775321 0.921390
vt 0.752408 0.921390
vt 0.807925 0.575015
vt 0.830830 0.575015
vt 0.830830 0.552111
vt 0.807925 0.552111
vt 0.724650 0.258245
vt 0.747564 0.258245
vt 0.747564 0.235331
vt 0.724650 0.235331
vt 0.530341 0.230337
vt 0.553252 0.230337
vt 0.553252 0.207425
vt 0.530341 0.207425
vt 0.696891 0.442800
vt 0.719809 0.442800
vt 0.719809 0.419883
vt 0.696891 0.419883
vt 0.807925 0.522267
vt 0.830830 0.499362
vt 0.807925 0.499362
vt 0.729276 0.785985
vt 0.752190 0.785985
vt 0.752190 0.763071
vt 0.729276 0.763071
vt 0.780167 0.469440
vt 0.803077 0.469440
vt 0.803077 0.446530
vt 0.780167 0.446530
vt 0.447065 0.256576
vt 0.469978 0.256576
vt 0.469978 0.233663
vt 0.752408 0.970685
vt 0.775321 0.970685
vt 0.775321 0.947773
vt 0.752408 0.947773
vt 0.807925 0.627765
vt 0.830830 0.627765
vt 0.830830 0.604860
vt 0.807925 0.604860
vt 0.197239 0.271111
vt 0.220153 0.271111
vt 0.220153 0.248198
vt 0.197239 0.248198
vt 0.585858 0.230604
vt 0.608769 0.230604
vt 0.608769 0.207692
vt 0.585858 0.207692
vt 0.780167 0.258406
vt 0.803076 0.258406
vt 0.803076 0.235497
vt 0.780167 0.235497
vt 0.696891 0.390026
vt 0.719809 0.390026
vt 0.719809 0.367108
vt 0.696891 0.367108
vt 0.807925 0.548641
vt 0.830830 0.548641
vt 0.830830 0.525736
vt 0.807925 0.525736
vt 0.729276 0.812369
vt 0.752190 0.812369
vt 0.752190 0.789455
vt 0.729276 0.789455
vt 0.780167 0.416680
vt 0.803077 0.416680
vt 0.803077 0.393770
vt 0.780167 0.393770
vt 0.474824 0.256599
vt 0.497737 0.256599
vt 0.497737 0.233687
vt 0.752408 0.865155
vt 0.775321 0.865155
vt 0.775321 0.842242
vt 0.752408 0.842242
vt 0.807925 0.654139
vt 0.830830 0.654139
vt 0.830830 0.631234
vt 0.807925 0.631234
vt 0.733903 0.733218
vt 0.756816 0.733218
vt 0.756816 0.710304
vt 0.733903 0.710304
vt 0.502582 0.230253
vt 0.525494 0.230253
vt 0.525494 0.207342
vt 0.502582 0.207342
vt 0.002930 0.218350
vt 0.025838 0.218350
vt 0.025838 0.195441
vt 0.002930 0.195441
vt 0.696891 0.469188
vt 0.719809 0.469188
vt 0.719809 0.446270
vt 0.696891 0.446270
vt 0.807925 0.469518
vt 0.830830 0.469518
vt 0.830830 0.446614
vt 0.807925 0.446614
vt 0.729276 0.759602
vt 0.752190 0.759602
vt 0.752190 0.736688
vt 0.729276 0.736688
vt 0.780167 0.443060
vt 0.803077 0.443060
vt 0.803077 0.420150
vt 0.780167 0.420150
vt 0.752408 0.891537
vt 0.775321 0.891537
vt 0.775321 0.868624
vt 0.752408 0.868624
vt 0.752408 0.997068
vt 0.775321 0.997068
vt 0.775321 0.974155
vt 0.752408 0.974155
vt 0.807925 0.601390
vt 0.830830 0.601390
vt 0.830830 0.578485
vt 0.807925 0.578485
vt 0.391548 0.271111
vt 0.414462 0.271111
vt 0.414462 0.248198
vt 0.391548 0.248198
vt 0.558099 0.230460
vt 0.581011 0.230460
vt 0.581011 0.207548
vt 0.558099 0.207548
vt 0.030688 0.218348
vt 0.053597 0.218348
vt 0.053597 0.195439
vt 0.030688 0.195439
vt 0.696891 0.416413
vt 0.719809 0.416413
vt 0.719809 0.393495
vt 0.696891 0.393495
vt 0.280514 0.508920
vt 0.303498 0.508920
vt 0.303498 0.485936
vt 0.280514 0.485936
vt 0.197239 0.641225
vt 0.220232 0.641225
vt 0.220232 0.618232
vt 0.197239 0.618232
vt 0.419307 0.864769
vt 0.442297 0.864769
vt 0.442297 0.841779
vt 0.419307 0.841779
vt 0.391548 0.824884
vt 0.414540 0.824884
vt 0.414540 0.801893
vt 0.391548 0.801893
vt 0.391548 0.904268
vt 0.414540 0.904268
vt 0.414540 0.881277
vt 0.391548 0.881277
vt 0.502582 0.970615
vt 0.525566 0.970615
vt 0.525566 0.947631
vt 0.502582 0.947631
vt 0.169481 0.641227
vt 0.192473 0.641227
vt 0.192473 0.618234
vt 0.169481 0.618234
vt 0.002930 0.667702
vt 0.025922 0.667702
vt 0.025922 0.644709
vt 0.002930 0.644709
vt 0.530341 0.653185
vt 0.553320 0.653185
vt 0.553320 0.630206
vt 0.530341 0.630206
vt 0.169481 0.561843
vt 0.192469 0.561843
vt 0.192469 0.538854
vt 0.169481 0.538854
vt 0.224997 0.508923
vt 0.247981 0.508923
vt 0.247981 0.485939
vt 0.224997 0.485939
vt 0.141722 0.641229
vt 0.164715 0.641229
vt 0.164715 0.618236
vt 0.141722 0.618236
vt 0.419307 0.838309
vt 0.442297 0.838309
vt 0.442297 0.815319
vt 0.419307 0.815319
vt 0.308273 0.614754
vt 0.331264 0.614754
vt 0.331264 0.591763
vt 0.308273 0.591763
vt 0.391548 0.877807
vt 0.414540 0.877807
vt 0.414540 0.854815
vt 0.391548 0.854815
vt 0.502582 0.997068
vt 0.525566 0.997068
vt 0.525566 0.974084
vt 0.502582 0.974084
vt 0.058447 0.641235
vt 0.081439 0.641235
vt 0.081439 0.618243
vt 0.058447 0.618243
vt 0.058447 0.667698
vt 0.081439 0.667698
vt 0.081439 0.644705
vt 0.058447 0.644705
vt 0.530341 0.600287
vt 0.553320 0.600287
vt 0.553320 0.577308
vt 0.530341 0.577308
vt 0.113964 0.561846
vt 0.136952 0.561846
vt 0.136952 0.538858
vt 0.113964 0.538858
vt 0.252756 0.508921
vt 0.275740 0.508921
vt 0.275740 0.485937
vt 0.252756 0.485937
vt 0.113964 0.641231
vt 0.136956 0.641231
vt 0.136956 0.618239
vt 0.113964 0.618239
vt 0.419307 0.692581
vt 0.442297 0.692581
vt 0.442297 0.669591
vt 0.419307 0.669591
vt 0.391548 0.957191
vt 0.414540 0.957191
vt 0.414540 0.934199
vt 0.391548 0.934199
vt 0.391548 0.667675
vt 0.414540 0.667675
vt 0.414540 0.644683
vt 0.391548 0.644683
vt 0.502582 0.917708
vt 0.525566 0.917708
vt 0.525566 0.894724
vt 0.502582 0.894724
vt 0.086205 0.641233
vt 0.109198 0.641233
vt 0.109198 0.618241
vt 0.086205 0.618241
vt 0.299020 0.734529
vt 0.322013 0.734529
vt 0.322013 0.711536
vt 0.299020 0.711536
vt 0.530341 0.679634
vt 0.553320 0.679634
vt 0.553320 0.656655
vt 0.530341 0.656655
vt 0.141722 0.561844
vt 0.164711 0.561844
vt 0.164711 0.538856
vt 0.141722 0.538856
vt 0.308273 0.508918
vt 0.331257 0.508918
vt 0.331257 0.485934
vt 0.308273 0.485934
vt 0.252756 0.641221
vt 0.275748 0.641221
vt 0.275748 0.618228
vt 0.252756 0.618228
vt 0.419307 0.666121
vt 0.442297 0.666121
vt 0.442297 0.643131
vt 0.419307 0.643131
vt 0.391548 0.851346
vt 0.414540 0.851346
vt 0.414540 0.828354
vt 0.391548 0.828354
vt 0.391548 0.930730
vt 0.414540 0.930730
vt 0.414540 0.907738
vt 0.391548 0.907738
vt 0.502582 0.944161
vt 0.525566 0.944161
vt 0.525566 0.921178
vt 0.502582 0.921178
vt 0.224997 0.641223
vt 0.247990 0.641223
vt 0.247990 0.618230
vt 0.224997 0.618230
vt 0.030688 0.667700
vt 0.053681 0.667700
vt 0.053681 0.644707
vt 0.030688 0.644707
vt 0.530341 0.626736
vt 0.553320 0.626736
vt 0.553320 0.603757
vt 0.530341 0.603757
vt 0.086205 0.561848
vt 0.109194 0.561848
vt 0.109194 0.538859
vt 0.086205 0.538859
vt 0.058447 0.792989
vt 0.081441 0.792989
vt 0.081441 0.769995
vt 0.058447 0.769995
vt 0.197239 0.508925
vt 0.220225 0.508925
vt 0.220225 0.485939
vt 0.197239 0.485939
vt 0.451692 0.811862
vt 0.474679 0.811862
vt 0.474679 0.788875
vt 0.451692 0.788875
vt 0.368416 0.787777
vt 0.391410 0.787777
vt 0.391410 0.764783
vt 0.368416 0.764783
vt 0.169481 0.508927
vt 0.192466 0.508927
vt 0.192466 0.485942
vt 0.169481 0.485942
vt 0.447065 0.600185
vt 0.470053 0.600185
vt 0.470053 0.577197
vt 0.447065 0.577197
vt 0.312899 0.787455
vt 0.335893 0.787455
vt 0.335893 0.764462
vt 0.312899 0.764462
vt 0.113964 0.508931
vt 0.136949 0.508931
vt 0.136949 0.485945
vt 0.113964 0.485945
vt 0.447065 0.626642
vt 0.470053 0.626642
vt 0.470053 0.603655
vt 0.447065 0.603655
vt 0.340658 0.787636
vt 0.363652 0.787636
vt 0.363652 0.764642
vt 0.340658 0.764642
vt 0.141722 0.508929
vt 0.164708 0.508929
vt 0.164708 0.485943
vt 0.141722 0.485943
vt 0.447065 0.573727
vt 0.470053 0.573727
vt 0.470053 0.550740
vt 0.447065 0.550740
vt 0.752408 0.469393
vt 0.775321 0.469393
vt 0.775321 0.446481
vt 0.752408 0.446481
vt 0.724650 0.442932
vt 0.747564 0.442932
vt 0.747564 0.420018
vt 0.724650 0.420018
vt 0.252756 0.297498
vt 0.275673 0.297498
vt 0.275673 0.274581
vt 0.252756 0.274581
vt 0.752408 0.416629
vt 0.775321 0.416629
vt 0.775321 0.393717
vt 0.752408 0.393717
vt 0.724650 0.390164
vt 0.747564 0.390164
vt 0.747564 0.367249
vt 0.724650 0.367249
vt 0.363790 0.297498
vt 0.386706 0.297498
vt 0.386706 0.274581
vt 0.363790 0.274581
vt 0.752408 0.390247
vt 0.775321 0.390247
vt 0.775321 0.367334
vt 0.752408 0.367334
vt 0.724650 0.469316
vt 0.747564 0.469316
vt 0.747564 0.446402
vt 0.724650 0.446402
vt 0.197239 0.297498
vt 0.220156 0.297498
vt 0.220156 0.274581
vt 0.197239 0.274581
vt 0.752408 0.443011
vt 0.775321 0.443011
vt 0.775321 0.420099
vt 0.752408 0.420099
vt 0.724650 0.416548
vt 0.747564 0.416548
vt 0.747564 0.393633
vt 0.724650 0.393633
vt 0.224997 0.297498
vt 0.247914 0.297498
vt 0.247914 0.274581
vt 0.224997 0.274581
vt 0.280514 0.588295
vt 0.303504 0.588295
vt 0.303504 0.565305
vt 0.280514 0.565305
vt 0.280514 0.429569
vt 0.303481 0.429569
vt 0.303481 0.406602
vt 0.280514 0.406602
vt 0.197239 0.456018
vt 0.220215 0.456018
vt 0.220215 0.433042
vt 0.197239 0.433042
vt 0.590484 0.812028
vt 0.613448 0.812028
vt 0.613448 0.789065
vt 0.590484 0.789065
vt 0.641375 0.627273
vt 0.664307 0.627273
vt 0.664307 0.604340
vt 0.641375 0.604340
vt 0.618242 0.812127
vt 0.641184 0.812127
vt 0.641184 0.789185
vt 0.618242 0.789185
vt 0.669133 0.627439
vt 0.692062 0.627439
vt 0.692062 0.604510
vt 0.669133 0.604510
vt 0.724650 0.574856
vt 0.747565 0.574856
vt 0.747565 0.551941
vt 0.724650 0.551941
vt 0.696891 0.284476
vt 0.719808 0.284476
vt 0.719808 0.261560
vt 0.696891 0.261560
vt 0.641375 0.917857
vt 0.664308 0.917857
vt 0.664308 0.894923
vt 0.641375 0.894923
vt 0.141722 0.323896
vt 0.164650 0.323896
vt 0.164650 0.300968
vt 0.141722 0.300968
vt 0.613616 0.547819
vt 0.636559 0.547819
vt 0.636559 0.524876
vt 0.613616 0.524876
vt 0.169481 0.429574
vt 0.192448 0.429574
vt 0.192448 0.406606
vt 0.169481 0.406606
vt 0.252756 0.403133
vt 0.275718 0.403133
vt 0.275718 0.380171
vt 0.252756 0.380171
vt 0.539593 0.732582
vt 0.562570 0.732582
vt 0.562570 0.709605
vt 0.539593 0.709605
vt 0.280514 0.561835
vt 0.303503 0.561835
vt 0.303503 0.538846
vt 0.280514 0.538846
vt 0.308273 0.588293
vt 0.331263 0.588293
vt 0.331263 0.565303
vt 0.308273 0.565303
vt 0.391548 0.429567
vt 0.414515 0.429567
vt 0.414515 0.406600
vt 0.391548 0.406600
vt 0.169481 0.456020
vt 0.192456 0.456020
vt 0.192456 0.433044
vt 0.169481 0.433044
vt 0.590484 0.759161
vt 0.613448 0.759161
vt 0.613448 0.736198
vt 0.590484 0.736198
vt 0.641375 0.653676
vt 0.664307 0.653676
vt 0.664307 0.630743
vt 0.641375 0.630743
vt 0.618242 0.785715
vt 0.641184 0.785715
vt 0.641184 0.762774
vt 0.618242 0.762774
vt 0.669133 0.680238
vt 0.692062 0.680238
vt 0.692062 0.657308
vt 0.669133 0.657308
vt 0.724650 0.522086
vt 0.747565 0.522086
vt 0.747565 0.499171
vt 0.724650 0.499171
vt 0.669133 0.284257
vt 0.692049 0.284257
vt 0.692049 0.261341
vt 0.669133 0.261341
vt 0.641375 0.891453
vt 0.664308 0.891453
vt 0.664308 0.868519
vt 0.641375 0.868519
vt 0.058447 0.323896
vt 0.081375 0.323896
vt 0.081375 0.300968
vt 0.058447 0.300968
vt 0.613616 0.574231
vt 0.636559 0.574231
vt 0.636559 0.551288
vt 0.613616 0.551288
vt 0.113964 0.429576
vt 0.136931 0.429576
vt 0.136931 0.406608
vt 0.113964 0.406608
vt 0.197239 0.403135
vt 0.220201 0.403135
vt 0.220201 0.380172
vt 0.197239 0.380172
vt 0.534967 0.759029
vt 0.557944 0.759029
vt 0.557944 0.736052
vt 0.534967 0.736052
vt 0.224997 0.561839
vt 0.247986 0.561839
vt 0.247986 0.538850
vt 0.224997 0.538850
vt 0.641375 0.284052
vt 0.664291 0.261136
vt 0.641375 0.261136
vt 0.641375 0.865050
vt 0.664308 0.865050
vt 0.664308 0.842116
vt 0.641375 0.842116
vt 0.030688 0.323898
vt 0.053616 0.323898
vt 0.053616 0.300970
vt 0.030688 0.300970
vt 0.613616 0.521406
vt 0.636559 0.521406
vt 0.636559 0.498463
vt 0.613616 0.498463
vt 0.197239 0.429572
vt 0.220207 0.429572
vt 0.220207 0.406604
vt 0.197239 0.406604
vt 0.141722 0.403136
vt 0.164684 0.403136
vt 0.164684 0.380174
vt 0.141722 0.380174
vt 0.002930 0.456030
vt 0.025907 0.456030
vt 0.025907 0.433053
vt 0.002930 0.433053
vt 0.252756 0.561837
vt 0.275745 0.561837
vt 0.275745 0.538848
vt 0.252756 0.538848
vt 0.252756 0.588297
vt 0.275746 0.588297
vt 0.275746 0.565307
vt 0.252756 0.565307
vt 0.224997 0.429572
vt 0.247965 0.429572
vt 0.247965 0.406605
vt 0.224997 0.406605
vt 0.224997 0.456017
vt 0.247973 0.456017
vt 0.247973 0.433042
vt 0.224997 0.433042
vt 0.585858 0.468300
vt 0.608821 0.468300
vt 0.608821 0.445337
vt 0.585858 0.445337
vt 0.641375 0.680079
vt 0.664307 0.680079
vt 0.664307 0.657146
vt 0.641375 0.657146
vt 0.618242 0.759304
vt 0.641184 0.736362
vt 0.618242 0.736362
vt 0.669133 0.891469
vt 0.692062 0.891469
vt 0.692062 0.868539
vt 0.669133 0.868539
vt 0.724650 0.495701
vt 0.747565 0.495701
vt 0.747565 0.472786
vt 0.724650 0.472786
vt 0.613616 0.283731
vt 0.636532 0.283731
vt 0.636532 0.260814
vt 0.613616 0.260814
vt 0.641375 0.838646
vt 0.664308 0.838646
vt 0.664308 0.815713
vt 0.641375 0.815713
vt 0.113964 0.323896
vt 0.136892 0.300968
vt 0.113964 0.300968
vt 0.613616 0.494993
vt 0.636559 0.494993
vt 0.636559 0.472050
vt 0.613616 0.472050
vt 0.141722 0.429574
vt 0.164690 0.429574
vt 0.164690 0.406606
vt 0.141722 0.406606
vt 0.224997 0.403135
vt 0.247960 0.403135
vt 0.247960 0.380173
vt 0.224997 0.380173
vt 0.030688 0.456028
vt 0.053665 0.456028
vt 0.053665 0.433051
vt 0.030688 0.433051
vt 0.197239 0.561841
vt 0.220228 0.561841
vt 0.220228 0.538852
vt 0.197239 0.538852
vt 0.224997 0.588299
vt 0.247988 0.588299
vt 0.247988 0.565309
vt 0.224997 0.565309
vt 0.252756 0.429570
vt 0.275723 0.429570
vt 0.275723 0.406603
vt 0.252756 0.406603
vt 0.252756 0.456015
vt 0.275732 0.456015
vt 0.275732 0.433040
vt 0.252756 0.433040
vt 0.585858 0.494734
vt 0.608821 0.494734
vt 0.608821 0.471770
vt 0.585858 0.471770
vt 0.641375 0.706481
vt 0.664307 0.706481
vt 0.664307 0.683548
vt 0.641375 0.683548
vt 0.622869 0.732893
vt 0.645810 0.732893
vt 0.645810 0.709951
vt 0.622869 0.709951
vt 0.669133 0.865070
vt 0.692062 0.865070
vt 0.692062 0.842140
vt 0.669133 0.842140
vt 0.724650 0.548471
vt 0.747565 0.548471
vt 0.747565 0.525556
vt 0.724650 0.525556
vt 0.530341 0.891270
vt 0.553320 0.891270
vt 0.553320 0.868291
vt 0.530341 0.868291
vt 0.113964 0.614769
vt 0.136956 0.614769
vt 0.136956 0.591777
vt 0.113964 0.591777
vt 0.224997 0.614760
vt 0.247989 0.614760
vt 0.247989 0.591769
vt 0.224997 0.591769
vt 0.363790 0.482460
vt 0.386770 0.482460
vt 0.386770 0.459480
vt 0.363790 0.459480
vt 0.530341 0.838372
vt 0.553320 0.838372
vt 0.553320 0.815393
vt 0.530341 0.815393
vt 0.141722 0.614767
vt 0.164714 0.614767
vt 0.164714 0.591774
vt 0.141722 0.591774
vt 0.197239 0.614763
vt 0.220231 0.614763
vt 0.220231 0.591771
vt 0.197239 0.591771
vt 0.419307 0.480916
vt 0.442287 0.480916
vt 0.442287 0.457937
vt 0.419307 0.457937
vt 0.169481 0.614765
vt 0.192472 0.614765
vt 0.192472 0.591773
vt 0.169481 0.591773
vt 0.530341 0.864821
vt 0.553320 0.864821
vt 0.553320 0.841842
vt 0.530341 0.841842
vt 0.252756 0.614758
vt 0.275748 0.614758
vt 0.275748 0.591766
vt 0.252756 0.591766
vt 0.530341 0.706083
vt 0.553320 0.706083
vt 0.553320 0.683104
vt 0.530341 0.683104
vt 0.141722 0.191968
vt 0.164623 0.191968
vt 0.164623 0.169067
vt 0.141722 0.169067
vt 0.780167 0.917925
vt 0.803078 0.917925
vt 0.803078 0.895014
vt 0.780167 0.895014
vt 0.391548 0.244728
vt 0.414460 0.244728
vt 0.414460 0.221816
vt 0.391548 0.221816
vt 0.113964 0.191968
vt 0.136865 0.191968
vt 0.136865 0.169067
vt 0.113964 0.169067
vt 0.391548 0.191968
vt 0.414449 0.191968
vt 0.414449 0.169067
vt 0.391548 0.169067
vt 0.780167 0.944306
vt 0.803078 0.944306
vt 0.803078 0.921395
vt 0.780167 0.921395
vt 0.757035 0.812389
vt 0.779946 0.812389
vt 0.779946 0.789478
vt 0.757035 0.789478
vt 0.224997 0.191968
vt 0.247899 0.191968
vt 0.247899 0.169067
vt 0.224997 0.169067
vt 0.086205 0.191968
vt 0.109106 0.191968
vt 0.109106 0.169067
vt 0.086205 0.169067
vt 0.757035 0.786008
vt 0.779946 0.786008
vt 0.779946 0.763096
vt 0.757035 0.763096
vt 0.336031 0.191968
vt 0.358933 0.191968
vt 0.358933 0.169067
vt 0.336031 0.169067
vt 0.419307 0.243187
vt 0.442218 0.243187
vt 0.442218 0.220276
vt 0.419307 0.220276
vt 0.585858 0.547601
vt 0.608821 0.547601
vt 0.608821 0.524637
vt 0.585858 0.524637
vt 0.502582 0.838348
vt 0.525566 0.838348
vt 0.525566 0.815365
vt 0.502582 0.815365
vt 0.669133 0.917869
vt 0.692063 0.917869
vt 0.692063 0.894939
vt 0.669133 0.894939
vt 0.780167 0.970687
vt 0.803078 0.970687
vt 0.803078 0.947776
vt 0.780167 0.947776
vt 0.252756 0.350295
vt 0.275687 0.350295
vt 0.275687 0.327365
vt 0.252756 0.327365
vt 0.641375 0.231283
vt 0.664286 0.231283
vt 0.664286 0.208372
vt 0.641375 0.208372
vt 0.585858 0.944199
vt 0.608822 0.944199
vt 0.608822 0.921234
vt 0.585858 0.921234
vt 0.502582 0.600232
vt 0.525566 0.600232
vt 0.525566 0.577249
vt 0.502582 0.577249
vt 0.585858 0.521167
vt 0.608821 0.521167
vt 0.608821 0.498204
vt 0.585858 0.498204
vt 0.502582 0.706045
vt 0.525566 0.706045
vt 0.525566 0.683062
vt 0.502582 0.683062
vt 0.669133 0.944268
vt 0.692063 0.944268
vt 0.692063 0.921338
vt 0.669133 0.921338
vt 0.780167 0.997068
vt 0.803078 0.997068
vt 0.803078 0.974157
vt 0.780167 0.974157
vt 0.308273 0.350295
vt 0.331204 0.350295
vt 0.331204 0.327364
vt 0.308273 0.327364
vt 0.613616 0.230961
vt 0.636528 0.230961
vt 0.636528 0.208050
vt 0.613616 0.208050
vt 0.585858 0.970633
vt 0.608822 0.970633
vt 0.608822 0.947669
vt 0.585858 0.947669
vt 0.502582 0.626686
vt 0.525566 0.626686
vt 0.525566 0.603702
vt 0.502582 0.603702
vt 0.558099 0.336024
vt 0.581030 0.336024
vt 0.581030 0.313093
vt 0.558099 0.313093
vt 0.761661 0.733245
vt 0.784573 0.733245
vt 0.784573 0.710334
vt 0.761661 0.710334
vt 0.585858 0.917765
vt 0.608822 0.917765
vt 0.608822 0.894800
vt 0.502582 0.573779
vt 0.525566 0.573779
vt 0.525566 0.550796
vt 0.502582 0.550796
vt 0.585858 0.600468
vt 0.608821 0.600468
vt 0.608821 0.577504
vt 0.585858 0.577504
vt 0.502582 0.891255
vt 0.525566 0.891255
vt 0.525566 0.868271
vt 0.502582 0.868271
vt 0.474824 0.335778
vt 0.497754 0.335778
vt 0.497754 0.312848
vt 0.474824 0.312848
vt 0.474824 0.230217
vt 0.497735 0.230217
vt 0.497735 0.207305
vt 0.474824 0.207305
vt 0.585858 0.336167
vt 0.608788 0.336167
vt 0.608788 0.313237
vt 0.585858 0.313237
vt 0.757035 0.759627
vt 0.779946 0.759627
vt 0.779946 0.736715
vt 0.757035 0.736715
vt 0.585858 0.891330
vt 0.608822 0.891330
vt 0.608822 0.868366
vt 0.585858 0.868366
vt 0.502582 0.547326
vt 0.525566 0.547326
vt 0.525566 0.524343
vt 0.502582 0.524343
vt 0.585858 0.574034
vt 0.608821 0.574034
vt 0.608821 0.551071
vt 0.585858 0.551071
vt 0.502582 0.864801
vt 0.525566 0.864801
vt 0.525566 0.841818
vt 0.502582 0.841818
vt 0.447065 0.335754
vt 0.469995 0.335754
vt 0.469995 0.312824
vt 0.447065 0.312824
vt 0.447065 0.230193
vt 0.469977 0.230193
vt 0.469977 0.207282
vt 0.447065 0.207282
vt 0.336031 0.535373
vt 0.359019 0.535373
vt 0.359019 0.512385
vt 0.336031 0.512385
vt 0.280514 0.535377
vt 0.303502 0.535377
vt 0.303502 0.512389
vt 0.280514 0.512389
vt 0.784793 0.759647
vt 0.807701 0.759647
vt 0.807701 0.736740
vt 0.784793 0.736740
vt 0.724650 0.205480
vt 0.747557 0.205480
vt 0.747557 0.182572
vt 0.724650 0.182572
vt 0.641375 0.204902
vt 0.664282 0.204902
vt 0.664282 0.181994
vt 0.641375 0.181994
vt 0.308273 0.535375
vt 0.331260 0.535375
vt 0.331260 0.512387
vt 0.308273 0.512387
vt 0.752408 0.205573
vt 0.775316 0.205573
vt 0.775316 0.182665
vt 0.752408 0.182665
vt 0.419307 0.533827
vt 0.442294 0.533827
vt 0.442294 0.510840
vt 0.419307 0.510840
vt 0.724650 0.970682
vt 0.747566 0.970682
vt 0.747566 0.947766
vt 0.724650 0.947766
vt 0.447065 0.891236
vt 0.470053 0.891236
vt 0.470053 0.868248
vt 0.447065 0.868248
vt 0.807925 0.337647
vt 0.830830 0.337647
vt 0.830830 0.314742
vt 0.807925 0.314742
vt 0.558099 0.917735
vt 0.581074 0.917735
vt 0.581074 0.894760
vt 0.558099 0.894760
vt 0.807925 0.390395
vt 0.830830 0.390395
vt 0.830830 0.367491
vt 0.807925 0.367491
vt 0.447065 0.864778
vt 0.470053 0.864778
vt 0.470053 0.841790
vt 0.447065 0.841790
vt 0.447065 0.282962
vt 0.469981 0.282962
vt 0.469981 0.260046
vt 0.447065 0.260046
vt 0.558099 0.997068
vt 0.581074 0.997068
vt 0.581074 0.974093
vt 0.558099 0.974093
vt 0.789420 0.733270
vt 0.812327 0.733270
vt 0.812327 0.710362
vt 0.789420 0.710362
vt 0.474824 0.282985
vt 0.497740 0.282985
vt 0.497740 0.260069
vt 0.474824 0.260069
vt 0.807925 0.364021
vt 0.830830 0.364021
vt 0.830830 0.341117
vt 0.807925 0.341117
vt 0.780167 0.205649
vt 0.803074 0.205649
vt 0.803074 0.182741
vt 0.780167 0.182741
vt 0.669133 0.205106
vt 0.692040 0.205106
vt 0.692040 0.182199
vt 0.669133 0.182199
vt 0.724650 0.997068
vt 0.747566 0.997068
vt 0.747566 0.974152
vt 0.724650 0.974152
vt 0.807925 0.311273
vt 0.830830 0.311273
vt 0.830830 0.288368
vt 0.807925 0.288368
vt 0.696891 0.205326
vt 0.719799 0.205326
vt 0.719799 0.182418
vt 0.696891 0.182418
vt 0.224997 0.535380
vt 0.247985 0.535380
vt 0.247985 0.512393
vt 0.224997 0.512393
vt 0.447065 0.944151
vt 0.470053 0.944151
vt 0.470053 0.921163
vt 0.447065 0.921163
vt 0.558099 0.970624
vt 0.581074 0.970624
vt 0.581074 0.947649
vt 0.558099 0.947649
vt 0.391548 0.535374
vt 0.414536 0.535374
vt 0.414536 0.512386
vt 0.391548 0.512386
vt 0.363790 0.535371
vt 0.386777 0.535371
vt 0.386777 0.512383
vt 0.363790 0.512383
vt 0.447065 0.917693
vt 0.470053 0.917693
vt 0.470053 0.894705
vt 0.447065 0.894705
vt 0.558099 0.944179
vt 0.581074 0.944179
vt 0.581074 0.921205
vt 0.558099 0.921205
vt 0.252756 0.535378
vt 0.275743 0.535378
vt 0.275743 0.512391
vt 0.252756 0.512391
vt 0.002930 0.535396
vt 0.025917 0.535396
vt 0.025917 0.512408
vt 0.002930 0.512408
vt 0.451692 0.785405
vt 0.474679 0.785405
vt 0.474679 0.762417
vt 0.451692 0.762417
vt 0.086205 0.535390
vt 0.109193 0.535390
vt 0.109193 0.512402
vt 0.086205 0.512402
vt 0.451692 0.758948
vt 0.474679 0.758948
vt 0.474679 0.735960
vt 0.451692 0.735960
vt 0.807925 0.917937
vt 0.830833 0.917937
vt 0.830833 0.895030
vt 0.807925 0.895030
vt 0.474824 0.203836
vt 0.497731 0.203836
vt 0.497731 0.180928
vt 0.474824 0.180928
vt 0.807925 0.891560
vt 0.830833 0.891560
vt 0.830833 0.868653
vt 0.807925 0.868653
vt 0.502582 0.203872
vt 0.525489 0.203872
vt 0.525489 0.180965
vt 0.502582 0.180965
vt 0.474824 0.388607
vt 0.497779 0.388607
vt 0.497779 0.365652
vt 0.474824 0.365652
vt 0.419307 0.375159
vt 0.442242 0.375159
vt 0.442242 0.352223
vt 0.419307 0.352223
vt 0.696891 0.997068
vt 0.719813 0.974146
vt 0.696891 0.974146
vt 0.474824 0.441481
vt 0.497793 0.441481
vt 0.497793 0.418512
vt 0.474824 0.418512
vt 0.447065 0.388583
vt 0.470020 0.388583
vt 0.470020 0.365628
vt 0.447065 0.365628
vt 0.336031 0.376700
vt 0.358967 0.376700
vt 0.358967 0.353765
vt 0.336031 0.353765
vt 0.696891 0.970676
vt 0.719813 0.970676
vt 0.719813 0.947754
vt 0.696891 0.947754
vt 0.447065 0.441457
vt 0.470035 0.441457
vt 0.470035 0.418487
vt 0.447065 0.418487
vt 0.696891 0.917893
vt 0.719813 0.917893
vt 0.719813 0.894971
vt 0.696891 0.894971
vt 0.502582 0.388646
vt 0.525538 0.388646
vt 0.525538 0.365690
vt 0.502582 0.365690
vt 0.613616 0.997068
vt 0.636571 0.997068
vt 0.636571 0.974113
vt 0.613616 0.974113
vt 0.696891 0.865110
vt 0.719813 0.865110
vt 0.719813 0.842189
vt 0.696891 0.842189
vt 0.696891 0.944285
vt 0.719813 0.944285
vt 0.719813 0.921363
vt 0.530341 0.388730
vt 0.553297 0.388730
vt 0.553297 0.365774
vt 0.530341 0.365774
vt 0.613616 0.970643
vt 0.636571 0.970643
vt 0.636571 0.947688
vt 0.613616 0.947688
vt 0.696891 0.891501
vt 0.719813 0.891501
vt 0.719813 0.868580
vt 0.696891 0.868580
vt 0.270695 0.745851
vt 0.270837 0.720913
vt 0.245902 0.720595
vt 0.245668 0.745633
vt 0.270384 0.770799
vt 0.245434 0.770647
vt 0.143830 0.744733
vt 0.143642 0.769760
vt 0.168591 0.769856
vt 0.168844 0.744907
vt 0.118791 0.744559
vt 0.118707 0.769495
vt 0.143988 0.719706
vt 0.119049 0.719624
vt 0.168936 0.719957
vt 0.220642 0.745386
vt 0.220486 0.770334
vt 0.220966 0.720451
vt 0.203901 0.700079
vt 0.200919 0.703004
vt 0.204502 0.703674
vt 0.288327 0.700926
vt 0.287619 0.704434
vt 0.291140 0.703791
vt 0.098376 0.786610
vt 0.101309 0.789584
vt 0.101969 0.786000
vt 0.099020 0.702182
vt 0.102530 0.702881
vt 0.101878 0.699362
vt 0.203715 0.786809
vt 0.200139 0.787413
vt 0.203053 0.790380
vt 0.286863 0.787565
vt 0.287469 0.791141
vt 0.290435 0.788226
vt 0.185106 0.786587
vt 0.185719 0.790162
vt 0.188679 0.787241
vt 0.185662 0.703437
vt 0.189237 0.702823
vt 0.186315 0.699864
vt 0.724650 0.047895
vt 0.747246 0.047895
vt 0.747246 0.025299
vt 0.724650 0.025299
vt 0.641375 0.047319
vt 0.663970 0.047319
vt 0.663970 0.024723
vt 0.641375 0.024723
vt 0.780167 0.048030
vt 0.802763 0.048030
vt 0.802763 0.025434
vt 0.780167 0.025434
vt 0.669133 0.047524
vt 0.691729 0.047524
vt 0.691729 0.024928
vt 0.669133 0.024928
vt 0.752408 0.047957
vt 0.775004 0.047957
vt 0.775004 0.025361
vt 0.752408 0.025361
vt 0.696891 0.047740
vt 0.719487 0.047740
vt 0.719487 0.025145
vt 0.696891 0.025145
vt 0.807925 0.048124
vt 0.830521 0.048124
vt 0.830521 0.025528
vt 0.807925 0.025528
vt 0.613616 0.047003
vt 0.636212 0.047003
vt 0.636212 0.024408
vt 0.613616 0.024408
vt 0.918959 0.502807
vt 0.941602 0.107251
vt 0.941602 0.081138
vt 0.113964 0.353768
vt 0.358726 0.086677
vt 0.447065 0.630112
vt 0.086205 0.086677
vt 0.108899 0.086677
vt 0.108899 0.063983
vt 0.086205 0.063983
vt 0.613447 0.785595
vt 0.585858 0.392470
vt 0.918959 0.293635
vt 0.169481 0.063998
vt 0.913924 0.183065
vt 0.474824 0.101992
vt 0.891201 0.658724
vt 0.886274 0.312887
vt 0.580994 0.177701
vt 0.872695 0.711229
vt 0.891201 0.684976
vt 0.141722 0.139256
vt 0.164558 0.139256
vt 0.164558 0.116420
vt 0.141722 0.116420
vt 0.886276 0.575905
vt 0.891201 0.997068
vt 0.913987 0.997068
vt 0.913987 0.974282
vt 0.891201 0.974282
vt 0.442093 0.111427
vt 0.780167 0.130052
vt 0.053477 0.112952
vt 0.840310 0.737215
vt 0.830779 0.153032
vt 0.913934 0.261675
vt 0.886266 0.128789
vt 0.891201 0.107958
vt 0.164510 0.112950
vt 0.858406 0.101371
vt 0.275592 0.139258
vt 0.002930 0.165598
vt 0.025819 0.165598
vt 0.025819 0.142709
vt 0.002930 0.142709
vt 0.109173 0.429577
vt 0.585858 0.260457
vt 0.447065 0.494357
vt 0.470049 0.494357
vt 0.470049 0.471373
vt 0.447065 0.471373
vt 0.585858 0.603938
vt 0.673558 0.733037
vt 0.636547 0.336525
vt 0.558099 0.498079
vt 0.747566 0.944296
vt 0.169481 0.274581
vt 0.197239 0.353766
vt 0.830830 0.495892
vt 0.780167 0.232027
vt 0.803076 0.232027
vt 0.803076 0.209119
vt 0.780167 0.209119
vt 0.830830 0.522267
vt 0.447065 0.233663
vt 0.474824 0.233687
vt 0.664291 0.284052
vt 0.641184 0.759304
vt 0.136892 0.323896
vt 0.585858 0.894800
vt 0.719813 0.997068
vt 0.696891 0.921363
vt 0.209228 0.708490
vt 0.203361 0.708594
vt 0.201596 0.720512
vt 0.207574 0.721042
vt 0.209443 0.702626
vt 0.221809 0.707072
vt 0.221391 0.701086
vt 0.288647 0.709351
vt 0.282796 0.709170
vt 0.284214 0.721753
vt 0.290200 0.721335
vt 0.100910 0.781061
vt 0.106774 0.781262
vt 0.105326 0.768685
vt 0.099341 0.769117
vt 0.107444 0.701841
vt 0.107278 0.707692
vt 0.119857 0.706244
vt 0.119424 0.700260
vt 0.202671 0.781880
vt 0.208526 0.782069
vt 0.207109 0.769485
vt 0.201123 0.769900
vt 0.180180 0.787643
vt 0.180355 0.781787
vt 0.167774 0.783234
vt 0.168203 0.789220
vt 0.246081 0.701177
vt 0.246026 0.707185
vt 0.270243 0.707522
vt 0.270770 0.701545
vt 0.099373 0.744426
vt 0.105381 0.744467
vt 0.105660 0.720250
vt 0.099681 0.719737
vt 0.182256 0.745000
vt 0.188266 0.745042
vt 0.188300 0.720340
vt 0.182315 0.720771
vt 0.245309 0.784059
vt 0.245252 0.790068
vt 0.269954 0.790162
vt 0.269537 0.784176
vt 0.119331 0.782887
vt 0.221082 0.783724
vt 0.283774 0.770201
vt 0.282122 0.782756
vt 0.181979 0.769228
vt 0.168306 0.706568
vt 0.180865 0.708190
vt 0.207231 0.745260
vt 0.284105 0.745975
vt 0.143548 0.783171
vt 0.144080 0.706295
vt 0.290114 0.746031
vt 0.106893 0.787129
vt 0.118815 0.788865
vt 0.144120 0.700287
vt 0.208631 0.787937
vt 0.220553 0.789701
vt 0.186222 0.781668
vt 0.187958 0.769742
vt 0.282723 0.703317
vt 0.101425 0.707780
vt 0.186720 0.708363
vt 0.281935 0.788611
vt 0.201222 0.745202
vt 0.289751 0.770727
vt 0.287990 0.782649
vt 0.143505 0.789180
vt 0.168818 0.700590
vt 0.180744 0.702322
vt 0.306490 0.794388
vt 0.306268 0.790905
vt 0.301078 0.791268
vt 0.301074 0.794899
vt 0.318179 0.794533
vt 0.318223 0.791024
vt 0.342953 0.794644
vt 0.342972 0.791137
vt 0.201753 0.882054
vt 0.198293 0.881705
vt 0.197591 0.887014
vt 0.201130 0.887330
vt 0.201769 0.870058
vt 0.198255 0.870064
vt 0.201724 0.845368
vt 0.198216 0.845372
vt 0.213080 0.996354
vt 0.213310 0.992872
vt 0.207928 0.992345
vt 0.207919 0.995976
vt 0.225083 0.996265
vt 0.225060 0.992755
vt 0.249819 0.996303
vt 0.249822 0.992796
vt 0.002946 0.809234
vt 0.006406 0.809583
vt 0.007108 0.804274
vt 0.003568 0.803958
vt 0.002930 0.821230
vt 0.006444 0.821224
vt 0.002975 0.845920
vt 0.006483 0.845917
vt 0.305227 0.989832
vt 0.305472 0.986351
vt 0.300092 0.985801
vt 0.300068 0.989432
vt 0.317231 0.989795
vt 0.317223 0.986285
vt 0.341966 0.989940
vt 0.341985 0.986433
vt 0.379712 0.791247
vt 0.379466 0.794728
vt 0.384850 0.795294
vt 0.384878 0.791663
vt 0.367708 0.791282
vt 0.367715 0.794792
vt 0.286704 0.797448
vt 0.286473 0.800930
vt 0.291860 0.801473
vt 0.291872 0.797842
vt 0.274700 0.797535
vt 0.274723 0.801045
vt 0.249964 0.797497
vt 0.249960 0.801004
vt 0.201658 0.820658
vt 0.198146 0.820651
vt 0.201669 0.808639
vt 0.198195 0.808916
vt 0.003041 0.870630
vt 0.006553 0.870637
vt 0.003030 0.882650
vt 0.006505 0.882373
vt 0.198288 0.948259
vt 0.201796 0.948270
vt 0.201906 0.923568
vt 0.198391 0.923554
vt 0.198155 0.972965
vt 0.201666 0.972965
vt 0.198180 0.984702
vt 0.201654 0.984985
vt 0.006560 0.947242
vt 0.003052 0.947231
vt 0.002942 0.971934
vt 0.006457 0.971948
vt 0.006693 0.922536
vt 0.003181 0.922536
vt 0.006668 0.910799
vt 0.003194 0.910516
vt 0.274568 0.996309
vt 0.274597 0.992799
vt 0.213496 0.800906
vt 0.213259 0.797424
vt 0.208071 0.797810
vt 0.208083 0.801440
vt 0.225186 0.801001
vt 0.225215 0.797491
vt 0.366715 0.990053
vt 0.366759 0.986544
vt 0.006392 0.983585
vt 0.002930 0.983926
vt 0.003509 0.989201
vt 0.007066 0.988893
vt 0.198457 0.911917
vt 0.201919 0.911575
vt 0.201339 0.906301
vt 0.197782 0.906609
vt 0.201195 0.803456
vt 0.197559 0.803521
vt 0.003504 0.887833
vt 0.007140 0.887767
vt 0.197515 0.990102
vt 0.201154 0.990174
vt 0.007332 0.905399
vt 0.003694 0.905327
vt 0.286524 0.996375
vt 0.286288 0.992894
vt 0.291710 0.995992
vt 0.291694 0.992381
vt 0.378670 0.990171
vt 0.378449 0.986689
vt 0.383858 0.989811
vt 0.383858 0.986200
vt 0.198367 0.892836
vt 0.201705 0.891250
vt 0.290085 0.697806
vt 0.294291 0.702089
vt 0.006332 0.798452
vt 0.002994 0.800038
vt 0.095896 0.700431
vt 0.100169 0.696215
vt 0.002974 0.993087
vt 0.006274 0.994664
vt 0.295440 0.997070
vt 0.297373 0.994044
vt 0.201875 0.902414
vt 0.198574 0.900837
vt 0.387584 0.990905
vt 0.389530 0.987887
vt 0.199504 0.708205
vt 0.197718 0.720164
vt 0.306468 0.798050
vt 0.318135 0.798145
vt 0.194641 0.881639
vt 0.194635 0.870077
vt 0.209126 0.698762
vt 0.221117 0.697202
vt 0.213302 0.989241
vt 0.225039 0.989143
vt 0.292487 0.709019
vt 0.294084 0.721060
vt 0.010058 0.809649
vt 0.010064 0.821211
vt 0.097047 0.781387
vt 0.095458 0.769400
vt 0.305480 0.982720
vt 0.317217 0.982673
vt 0.107103 0.698003
vt 0.119141 0.696377
vt 0.379457 0.798358
vt 0.367721 0.798405
vt 0.198827 0.782208
vt 0.197239 0.770172
vt 0.286480 0.804560
vt 0.274744 0.804658
vt 0.180517 0.791486
vt 0.168485 0.793103
vt 0.194585 0.845377
vt 0.194530 0.820644
vt 0.246117 0.697271
vt 0.271115 0.697667
vt 0.010114 0.845911
vt 0.010169 0.870645
vt 0.095467 0.744400
vt 0.095802 0.719401
vt 0.192171 0.745069
vt 0.192183 0.720057
vt 0.194657 0.948247
vt 0.194538 0.972965
vt 0.245216 0.793974
vt 0.270228 0.794046
vt 0.010191 0.947254
vt 0.010309 0.922536
vt 0.249825 0.989168
vt 0.294019 0.746066
vt 0.106512 0.790987
vt 0.118476 0.792744
vt 0.213490 0.804568
vt 0.225158 0.804613
vt 0.342004 0.982805
vt 0.144147 0.696381
vt 0.208244 0.791795
vt 0.220206 0.793579
vt 0.010045 0.983523
vt 0.010077 0.971969
vt 0.190081 0.782046
vt 0.191837 0.770079
vt 0.194803 0.911978
vt 0.194771 0.923532
vt 0.283124 0.699484
vt 0.194577 0.808970
vt 0.097591 0.707388
vt 0.010122 0.882318
vt 0.194564 0.984644
vt 0.190563 0.708024
vt 0.010284 0.910856
vt 0.282264 0.792455
vt 0.197316 0.745164
vt 0.342934 0.798272
vt 0.274625 0.989187
vt 0.293629 0.771073
vt 0.291848 0.783035
vt 0.286293 0.989233
vt 0.143477 0.793086
vt 0.249957 0.804633
vt 0.366803 0.982932
vt 0.169154 0.696711
vt 0.181120 0.698463
vt 0.378471 0.983028
vt 0.194801 0.887418
vt 0.195421 0.893195
vt 0.300577 0.797778
vt 0.194732 0.803211
vt 0.207447 0.989501
vt 0.197897 0.797575
vt 0.195058 0.797357
vt 0.009898 0.803870
vt 0.009278 0.798093
vt 0.207598 0.804322
vt 0.009968 0.888077
vt 0.299625 0.982955
vt 0.006802 0.893714
vt 0.009641 0.893931
vt 0.385319 0.798155
vt 0.009185 0.995053
vt 0.009846 0.989286
vt 0.010165 0.905086
vt 0.009883 0.899207
vt 0.006997 0.899413
vt 0.292179 0.989513
vt 0.292340 0.804331
vt 0.195664 0.900449
vt 0.195003 0.906216
vt 0.194682 0.990415
vt 0.194964 0.996293
vt 0.197850 0.996088
vt 0.384356 0.983333
vt 0.135984 0.845538
vt 0.120765 0.845587
vt 0.120805 0.870889
vt 0.136022 0.870592
vt 0.135880 0.820483
vt 0.120660 0.820279
vt 0.135819 0.808543
vt 0.120608 0.808201
vt 0.068715 0.845750
vt 0.083933 0.845700
vt 0.083895 0.820398
vt 0.068677 0.820695
vt 0.068819 0.870805
vt 0.084041 0.871008
vt 0.068881 0.882746
vt 0.084090 0.883089
vt 0.136058 0.947923
vt 0.120839 0.947845
vt 0.120676 0.973144
vt 0.135897 0.972972
vt 0.136154 0.922863
vt 0.120938 0.922535
vt 0.136191 0.910919
vt 0.120984 0.910455
vt 0.068790 0.947577
vt 0.084008 0.947655
vt 0.084173 0.922356
vt 0.068951 0.922528
vt 0.068695 0.972638
vt 0.083912 0.972966
vt 0.068657 0.984582
vt 0.083862 0.985048
vt 0.249872 0.930525
vt 0.249880 0.915304
vt 0.224556 0.915268
vt 0.224848 0.930483
vt 0.274898 0.930515
vt 0.275208 0.915300
vt 0.286845 0.930538
vt 0.287312 0.915319
vt 0.249910 0.863275
vt 0.249902 0.878496
vt 0.275226 0.878532
vt 0.274935 0.863317
vt 0.224884 0.863285
vt 0.224575 0.878499
vt 0.212936 0.863263
vt 0.212469 0.878483
vt 0.342304 0.924163
vt 0.342378 0.908942
vt 0.317054 0.908797
vt 0.317281 0.924012
vt 0.367330 0.924262
vt 0.367706 0.909048
vt 0.379277 0.924337
vt 0.379810 0.909120
vt 0.342634 0.856914
vt 0.342560 0.872135
vt 0.367883 0.872280
vt 0.367658 0.857065
vt 0.317608 0.856816
vt 0.317232 0.872028
vt 0.305660 0.856742
vt 0.305127 0.871960
vt 0.212451 0.915274
vt 0.212901 0.930491
vt 0.304950 0.908750
vt 0.305334 0.923969
vt 0.379989 0.872329
vt 0.379605 0.857109
vt 0.287332 0.878528
vt 0.286882 0.863310
vt 0.083870 0.808315
vt 0.068668 0.808755
vt 0.084247 0.910274
vt 0.069041 0.910592
vt 0.120827 0.882970
vt 0.136030 0.882531
vt 0.120599 0.985223
vt 0.135806 0.984907
vt 0.083827 0.802398
vt 0.068626 0.802916
vt 0.083707 0.796480
vt 0.068389 0.797075
vt 0.207080 0.863180
vt 0.206536 0.878440
vt 0.206522 0.915309
vt 0.207045 0.930569
vt 0.136023 0.796861
vt 0.120693 0.796345
vt 0.120614 0.802282
vt 0.135825 0.802703
vt 0.299020 0.908760
vt 0.299478 0.924022
vt 0.068677 0.894428
vt 0.084007 0.894945
vt 0.084085 0.889008
vt 0.068875 0.888586
vt 0.120872 0.888888
vt 0.136073 0.888370
vt 0.120992 0.894806
vt 0.136310 0.894211
vt 0.299804 0.856633
vt 0.299194 0.871891
vt 0.120596 0.991141
vt 0.135799 0.990745
vt 0.120669 0.997060
vt 0.135988 0.996587
vt 0.385132 0.924446
vt 0.385742 0.909188
vt 0.385919 0.872320
vt 0.385461 0.857057
vt 0.068356 0.996264
vt 0.083684 0.996903
vt 0.083809 0.990966
vt 0.068602 0.990423
vt 0.293262 0.878493
vt 0.292738 0.863232
vt 0.136493 0.899238
vt 0.121165 0.898599
vt 0.121039 0.904536
vt 0.136246 0.905079
vt 0.084251 0.904357
vt 0.069048 0.904754
vt 0.084180 0.898438
vt 0.068860 0.898912
vt 0.292701 0.930622
vt 0.293245 0.915362
vt 0.225520 0.948271
vt 0.249861 0.948265
vt 0.224555 0.896886
vt 0.249891 0.896900
vt 0.225579 0.845497
vt 0.249922 0.845535
vt 0.317875 0.941803
vt 0.342216 0.941903
vt 0.317133 0.890415
vt 0.342469 0.890539
vt 0.318380 0.839030
vt 0.342722 0.839175
vt 0.275227 0.896916
vt 0.274203 0.948304
vt 0.367063 0.839274
vt 0.367805 0.890664
vt 0.366558 0.942047
vt 0.274263 0.845530
vt 0.050915 0.821353
vt 0.051006 0.845803
vt 0.102273 0.820330
vt 0.102349 0.845644
vt 0.153652 0.821040
vt 0.153693 0.845485
vt 0.051176 0.923034
vt 0.051082 0.947478
vt 0.102552 0.922437
vt 0.102423 0.947750
vt 0.153913 0.923571
vt 0.153766 0.948023
vt 0.153784 0.869935
vt 0.102422 0.870957
vt 0.051047 0.870249
vt 0.153671 0.972466
vt 0.102292 0.973063
vt 0.050935 0.971930
vt 0.212430 0.896877
vt 0.206492 0.896874
vt 0.102202 0.796325
vt 0.102222 0.802265
vt 0.102240 0.808209
vt 0.102465 0.883079
vt 0.102482 0.889022
vt 0.102502 0.894962
vt 0.299070 0.890325
vt 0.305008 0.890353
vt 0.379930 0.890721
vt 0.385867 0.890751
vt 0.102179 0.997068
vt 0.102206 0.991128
vt 0.102237 0.985185
vt 0.102617 0.910315
vt 0.102647 0.904372
vt 0.102675 0.898432
vt 0.293290 0.896924
vt 0.287352 0.896921
vt 0.051001 0.882012
vt 0.306216 0.941810
vt 0.153687 0.984228
vt 0.213919 0.845423
vt 0.153901 0.881705
vt 0.213860 0.948328
vt 0.050788 0.983702
vt 0.306720 0.838906
vt 0.153699 0.809277
vt 0.050798 0.809582
vt 0.154061 0.911799
vt 0.051161 0.911271
vt 0.285862 0.948378
vt 0.285923 0.845473
vt 0.378217 0.942172
vt 0.378723 0.839268
vt 0.153746 0.803527
vt 0.153844 0.797826
vt 0.208179 0.948377
vt 0.153984 0.887458
vt 0.154098 0.893160
vt 0.301039 0.838825
vt 0.384405 0.839244
vt 0.050687 0.989455
vt 0.050537 0.995155
vt 0.291543 0.948434
vt 0.051069 0.899821
vt 0.051131 0.905522
vt 0.050954 0.887762
vt 0.050855 0.893462
vt 0.300535 0.941834
vt 0.050715 0.803829
vt 0.050601 0.798127
vt 0.208238 0.845367
vt 0.291604 0.845424
vt 0.154161 0.906046
vt 0.154312 0.900346
vt 0.383897 0.942253
vt 0.153778 0.995679
vt 0.153717 0.989978
vt 0.171793 0.845429
vt 0.186837 0.845383
vt 0.186828 0.820614
vt 0.171822 0.820689
vt 0.171941 0.870177
vt 0.186934 0.870148
vt 0.172175 0.882021
vt 0.187155 0.881918
vt 0.032906 0.845859
vt 0.017863 0.845905
vt 0.017871 0.870674
vt 0.032878 0.870600
vt 0.032759 0.821111
vt 0.017764 0.821140
vt 0.032523 0.809266
vt 0.017544 0.809370
vt 0.171866 0.948128
vt 0.186909 0.948206
vt 0.187065 0.923454
vt 0.172071 0.923385
vt 0.171838 0.972873
vt 0.186844 0.972987
vt 0.171970 0.984705
vt 0.186983 0.984801
vt 0.032982 0.947373
vt 0.017939 0.947295
vt 0.017783 0.972047
vt 0.032777 0.972117
vt 0.033010 0.922628
vt 0.018004 0.922514
vt 0.032878 0.910796
vt 0.017864 0.910699
vt 0.249849 0.966397
vt 0.249839 0.981432
vt 0.274690 0.981494
vt 0.274597 0.966493
vt 0.225098 0.966458
vt 0.224979 0.981457
vt 0.213251 0.966585
vt 0.213105 0.981641
vt 0.249934 0.827403
vt 0.249943 0.812369
vt 0.225093 0.812307
vt 0.225185 0.827307
vt 0.274685 0.827343
vt 0.274803 0.812343
vt 0.286532 0.827215
vt 0.286678 0.812160
vt 0.342126 0.960035
vt 0.342051 0.975069
vt 0.366901 0.975239
vt 0.366874 0.960238
vt 0.317375 0.959989
vt 0.317191 0.974987
vt 0.305527 0.960065
vt 0.305316 0.975119
vt 0.342812 0.821042
vt 0.342887 0.806008
vt 0.318037 0.805839
vt 0.318064 0.820839
vt 0.367564 0.821090
vt 0.367747 0.806091
vt 0.379412 0.821013
vt 0.379622 0.805958
vt 0.213251 0.812102
vt 0.213337 0.827160
vt 0.306196 0.805583
vt 0.306218 0.820641
vt 0.286532 0.981699
vt 0.286444 0.966640
vt 0.378742 0.975495
vt 0.378720 0.960436
vt 0.186994 0.808798
vt 0.171985 0.808859
vt 0.187315 0.911682
vt 0.172339 0.911543
vt 0.017705 0.882491
vt 0.032714 0.882430
vt 0.017534 0.983819
vt 0.032509 0.983959
vt 0.300324 0.805410
vt 0.300413 0.820575
vt 0.172368 0.893614
vt 0.187648 0.893686
vt 0.187380 0.887772
vt 0.172322 0.887823
vt 0.187146 0.802963
vt 0.172083 0.803068
vt 0.187293 0.797126
vt 0.172065 0.797273
vt 0.207446 0.966618
vt 0.207251 0.981777
vt 0.207378 0.811955
vt 0.207532 0.827120
vt 0.032331 0.797674
vt 0.017051 0.797602
vt 0.017319 0.803515
vt 0.032377 0.803465
vt 0.017554 0.888325
vt 0.032617 0.888221
vt 0.017407 0.894163
vt 0.032635 0.894016
vt 0.299722 0.960072
vt 0.299462 0.975230
vt 0.017293 0.989674
vt 0.032346 0.989759
vt 0.017006 0.995551
vt 0.032290 0.995562
vt 0.385217 0.821006
vt 0.385479 0.805847
vt 0.292402 0.981845
vt 0.292249 0.966680
vt 0.032823 0.899213
vt 0.017600 0.898998
vt 0.017725 0.904864
vt 0.032796 0.905003
vt 0.187556 0.905827
vt 0.172503 0.905743
vt 0.187842 0.899951
vt 0.172559 0.899939
vt 0.292338 0.827183
vt 0.292534 0.812023
vt 0.384612 0.975667
vt 0.384524 0.960502
vt 0.172025 0.996287
vt 0.187247 0.996503
vt 0.187123 0.990636
vt 0.172051 0.990497
vt 0.002930 0.683720
vt 0.002930 0.684855
vt 0.005263 0.684855
vt 0.005263 0.683720
vt 0.002930 0.685989
vt 0.005263 0.685989
vt 0.002930 0.687124
vt 0.005263 0.687124
vt 0.002930 0.688258
vt 0.005263 0.688258
vt 0.002930 0.689393
vt 0.005263 0.689393
vt 0.002930 0.690527
vt 0.005263 0.690527
vt 0.002930 0.691662
vt 0.005263 0.691662
vt 0.002930 0.692796
vt 0.005263 0.692796
vt 0.007675 0.684854
vt 0.007675 0.683720
vt 0.007675 0.685989
vt 0.007675 0.687123
vt 0.007675 0.688258
vt 0.007675 0.689392
vt 0.007675 0.690527
vt 0.007675 0.691661
vt 0.007675 0.692796
vt 0.009984 0.684854
vt 0.009984 0.683720
vt 0.009984 0.685989
vt 0.009984 0.687123
vt 0.009984 0.688258
vt 0.009984 0.689392
vt 0.009984 0.690527
vt 0.009984 0.691661
vt 0.009984 0.692796
vt 0.012383 0.684854
vt 0.012382 0.683720
vt 0.012383 0.685989
vt 0.012383 0.687123
vt 0.012383 0.688258
vt 0.012383 0.689392
vt 0.012383 0.690526
vt 0.012383 0.691661
vt 0.012383 0.692796
vt 0.014622 0.684854
vt 0.014622 0.683719
vt 0.014623 0.685988
vt 0.014623 0.687123
vt 0.014623 0.688257
vt 0.014623 0.689392
vt 0.014623 0.690526
vt 0.014623 0.691661
vt 0.014623 0.692795
vt 0.016911 0.684854
vt 0.016911 0.683719
vt 0.016911 0.685988
vt 0.016911 0.687123
vt 0.016911 0.688257
vt 0.016912 0.689392
vt 0.016912 0.690526
vt 0.016912 0.691661
vt 0.016912 0.692795
vt 0.019001 0.684854
vt 0.019001 0.683719
vt 0.019001 0.685988
vt 0.019001 0.687123
vt 0.019001 0.688257
vt 0.019001 0.689392
vt 0.019001 0.690526
vt 0.019001 0.691661
vt 0.019001 0.692795
vt 0.020989 0.684853
vt 0.020989 0.683719
vt 0.020989 0.685988
vt 0.020989 0.687122
vt 0.020990 0.688257
vt 0.020990 0.689391
vt 0.020990 0.690526
vt 0.020990 0.691660
vt 0.020990 0.692795
vt 0.022923 0.684853
vt 0.022923 0.683719
vt 0.022923 0.685988
vt 0.022923 0.687122
vt 0.022923 0.688257
vt 0.022923 0.689391
vt 0.022923 0.690526
vt 0.022923 0.691660
vt 0.022924 0.692795
vt 0.024850 0.684853
vt 0.024850 0.683719
vt 0.024850 0.685988
vt 0.024850 0.687122
vt 0.024850 0.688257
vt 0.024850 0.689391
vt 0.024850 0.690526
vt 0.024851 0.691660
vt 0.024851 0.692795
vt 0.026834 0.684853
vt 0.026834 0.683718
vt 0.026834 0.685987
vt 0.026834 0.687122
vt 0.026835 0.688257
vt 0.026835 0.689391
vt 0.026835 0.690525
vt 0.026835 0.691660
vt 0.026835 0.692794
vt 0.028928 0.684853
vt 0.028928 0.683718
vt 0.028928 0.685987
vt 0.028928 0.687122
vt 0.028928 0.688256
vt 0.028928 0.689391
vt 0.028928 0.690525
vt 0.028928 0.691660
vt 0.028928 0.692794
vt 0.031002 0.684853
vt 0.031002 0.683718
vt 0.031002 0.685987
vt 0.031002 0.687122
vt 0.031002 0.688256
vt 0.031002 0.689391
vt 0.031002 0.690525
vt 0.031002 0.691660
vt 0.031002 0.692794
vt 0.033032 0.684853
vt 0.033032 0.683718
vt 0.033032 0.685987
vt 0.033032 0.687122
vt 0.033032 0.688256
vt 0.033032 0.689390
vt 0.033032 0.690525
vt 0.033032 0.691660
vt 0.033033 0.692794
vt 0.035029 0.684852
vt 0.035029 0.683718
vt 0.035029 0.685987
vt 0.035030 0.687121
vt 0.035030 0.688256
vt 0.035030 0.689390
vt 0.035030 0.690525
vt 0.035030 0.691659
vt 0.035030 0.692794
vt 0.036998 0.684852
vt 0.036998 0.683718
vt 0.036998 0.685987
vt 0.036998 0.687121
vt 0.036998 0.688256
vt 0.036998 0.689390
vt 0.036998 0.690525
vt 0.036998 0.691659
vt 0.036999 0.692794
vt 0.038951 0.684852
vt 0.038951 0.683718
vt 0.038952 0.685987
vt 0.038952 0.687121
vt 0.038952 0.688256
vt 0.038952 0.689390
vt 0.038952 0.690525
vt 0.038952 0.691659
vt 0.038952 0.692794
vt 0.040889 0.684852
vt 0.040889 0.683717
vt 0.040889 0.685986
vt 0.040889 0.687121
vt 0.040889 0.688255
vt 0.040889 0.689390
vt 0.040889 0.690524
vt 0.040889 0.691659
vt 0.040889 0.692793
vt 0.042808 0.684852
vt 0.042808 0.683717
vt 0.042808 0.685986
vt 0.042808 0.687121
vt 0.042808 0.688255
vt 0.042808 0.689390
vt 0.042808 0.690524
vt 0.042809 0.691659
vt 0.042809 0.692793
vt 0.044724 0.684852
vt 0.044723 0.683717
vt 0.044724 0.685986
vt 0.044724 0.687121
vt 0.044724 0.688255
vt 0.044724 0.689390
vt 0.044724 0.690524
vt 0.044724 0.691659
vt 0.044724 0.692793
vt 0.046639 0.684852
vt 0.046639 0.683717
vt 0.046639 0.685986
vt 0.046639 0.687121
vt 0.046639 0.688255
vt 0.046639 0.689389
vt 0.046640 0.690524
vt 0.046640 0.691658
vt 0.046640 0.692793
vt 0.048554 0.684851
vt 0.048553 0.683717
vt 0.048554 0.685986
vt 0.048554 0.687120
vt 0.048554 0.688255
vt 0.048554 0.689389
vt 0.048554 0.690524
vt 0.048554 0.691658
vt 0.048554 0.692793
vt 0.050553 0.684851
vt 0.050553 0.683717
vt 0.050553 0.685986
vt 0.050553 0.687120
vt 0.050553 0.688255
vt 0.050553 0.689389
vt 0.050553 0.690524
vt 0.050553 0.691658
vt 0.050553 0.692793
vt 0.052582 0.684851
vt 0.052581 0.683717
vt 0.052582 0.685986
vt 0.052582 0.687120
vt 0.052582 0.688255
vt 0.052582 0.689389
vt 0.052582 0.690524
vt 0.052582 0.691658
vt 0.052582 0.692793
vt 0.054641 0.684851
vt 0.054641 0.683716
vt 0.054641 0.685985
vt 0.054641 0.687120
vt 0.054641 0.688254
vt 0.054641 0.689389
vt 0.054641 0.690523
vt 0.054642 0.691658
vt 0.054642 0.692792
vt 0.056733 0.684851
vt 0.056733 0.683716
vt 0.056733 0.685985
vt 0.056733 0.687120
vt 0.056733 0.688254
vt 0.056733 0.689389
vt 0.056734 0.690523
vt 0.056734 0.691658
vt 0.056734 0.692792
vt 0.058808 0.684851
vt 0.058808 0.683716
vt 0.058808 0.685985
vt 0.058808 0.687120
vt 0.058808 0.688254
vt 0.058808 0.689389
vt 0.058808 0.690523
vt 0.058808 0.691658
vt 0.058808 0.692792
vt 0.060831 0.684850
vt 0.060831 0.683716
vt 0.060831 0.685985
vt 0.060831 0.687119
vt 0.060831 0.688254
vt 0.060831 0.689388
vt 0.060832 0.690523
vt 0.060832 0.691657
vt 0.060832 0.692792
vt 0.062802 0.684850
vt 0.062802 0.683716
vt 0.062802 0.685985
vt 0.062802 0.687119
vt 0.062802 0.688254
vt 0.062802 0.689388
vt 0.062802 0.690523
vt 0.062802 0.691657
vt 0.062802 0.692792
vt 0.064739 0.684850
vt 0.064739 0.683716
vt 0.064739 0.685985
vt 0.064739 0.687119
vt 0.064740 0.688254
vt 0.064740 0.689388
vt 0.064740 0.690523
vt 0.064740 0.691657
vt 0.064740 0.692792
vt 0.066696 0.684850
vt 0.066695 0.683716
vt 0.066696 0.685985
vt 0.066696 0.687119
vt 0.066696 0.688254
vt 0.066696 0.689388
vt 0.066696 0.690523
vt 0.066696 0.691657
vt 0.066696 0.692791
vt 0.068672 0.684850
vt 0.068672 0.683715
vt 0.068672 0.685984
vt 0.068672 0.687119
vt 0.068672 0.688253
vt 0.068672 0.689388
vt 0.068672 0.690522
vt 0.068672 0.691657
vt 0.068672 0.692791
vt 0.070667 0.684850
vt 0.070667 0.683715
vt 0.070667 0.685984
vt 0.070667 0.687119
vt 0.070667 0.688253
vt 0.070667 0.689388
vt 0.070667 0.690522
vt 0.070667 0.691657
vt 0.070668 0.692791
vt 0.072732 0.684850
vt 0.072731 0.683715
vt 0.072732 0.685984
vt 0.072732 0.687119
vt 0.072732 0.688253
vt 0.072732 0.689387
vt 0.072732 0.690522
vt 0.072732 0.691657
vt 0.072732 0.692791
vt 0.074782 0.684849
vt 0.074782 0.683715
vt 0.074782 0.685984
vt 0.074782 0.687118
vt 0.074782 0.688253
vt 0.074782 0.689387
vt 0.074782 0.690522
vt 0.074782 0.691656
vt 0.074783 0.692791
vt 0.076822 0.684849
vt 0.076822 0.683715
vt 0.076822 0.685984
vt 0.076822 0.687118
vt 0.076822 0.688253
vt 0.076822 0.689387
vt 0.076822 0.690522
vt 0.076822 0.691656
vt 0.076823 0.692791
vt 0.078890 0.684849
vt 0.078890 0.683715
vt 0.078890 0.685984
vt 0.078890 0.687118
vt 0.078890 0.688253
vt 0.078891 0.689387
vt 0.078891 0.690522
vt 0.078891 0.691656
vt 0.078891 0.692791
vt 0.081013 0.684849
vt 0.081013 0.683714
vt 0.081013 0.685983
vt 0.081013 0.687118
vt 0.081014 0.688252
vt 0.081014 0.689387
vt 0.081014 0.690521
vt 0.081014 0.691656
vt 0.081014 0.692790
vt 0.083193 0.684849
vt 0.083193 0.683714
vt 0.083193 0.685983
vt 0.083193 0.687118
vt 0.083193 0.688252
vt 0.083193 0.689387
vt 0.083193 0.690521
vt 0.083193 0.691656
vt 0.083194 0.692790
vt 0.085430 0.684849
vt 0.085430 0.683714
vt 0.085430 0.685983
vt 0.085430 0.687118
vt 0.085430 0.688252
vt 0.085431 0.689387
vt 0.085431 0.690521
vt 0.085431 0.691656
vt 0.085431 0.692790
vt 0.087544 0.684848
vt 0.087544 0.683714
vt 0.087544 0.685983
vt 0.087544 0.687117
vt 0.087544 0.688252
vt 0.087545 0.689386
vt 0.087545 0.690521
vt 0.087545 0.691655
vt 0.087545 0.692790
vt 0.089690 0.684848
vt 0.089690 0.683714
vt 0.089690 0.685983
vt 0.089690 0.687117
vt 0.089690 0.688252
vt 0.089690 0.689386
vt 0.089690 0.690521
vt 0.089690 0.691655
vt 0.089690 0.692790
vt 0.091937 0.684848
vt 0.091937 0.683714
vt 0.091937 0.685983
vt 0.091937 0.687117
vt 0.091938 0.688252
vt 0.091938 0.689386
vt 0.091938 0.690521
vt 0.091938 0.691655
vt 0.091938 0.692790
vt 0.094031 0.684848
vt 0.094031 0.683713
vt 0.094031 0.685982
vt 0.094031 0.687117
vt 0.094031 0.688251
vt 0.094031 0.689386
vt 0.094031 0.690521
vt 0.094031 0.691655
vt 0.094032 0.692789
vt 0.096144 0.684848
vt 0.096144 0.683713
vt 0.096144 0.685982
vt 0.096144 0.687117
vt 0.096144 0.688251
vt 0.096144 0.689386
vt 0.096144 0.690520
vt 0.096144 0.691655
vt 0.096144 0.692789
vt 0.098648 0.684848
vt 0.098648 0.683713
vt 0.098648 0.685982
vt 0.098648 0.687117
vt 0.098648 0.688251
vt 0.098648 0.689386
vt 0.098648 0.690520
vt 0.098648 0.691655
vt 0.098648 0.692789
vt 0.101130 0.684847
vt 0.101130 0.683713
vt 0.101130 0.685982
vt 0.101130 0.687116
vt 0.101130 0.688251
vt 0.101130 0.689385
vt 0.101130 0.690520
vt 0.101130 0.691654
vt 0.101130 0.692789
vt 0.103672 0.684847
vt 0.103672 0.683713
vt 0.103672 0.685982
vt 0.103672 0.687116
vt 0.103672 0.688251
vt 0.103672 0.689385
vt 0.103672 0.690520
vt 0.103673 0.691654
vt 0.103673 0.692789
vt 0.106338 0.684847
vt 0.106338 0.683713
vt 0.106338 0.685982
vt 0.106338 0.687116
vt 0.106339 0.688251
vt 0.106339 0.689385
vt 0.106339 0.690520
vt 0.106339 0.691654
vt 0.106339 0.692789
vt 0.108822 0.684847
vt 0.108821 0.683712
vt 0.108822 0.685981
vt 0.108822 0.687116
vt 0.108822 0.688250
vt 0.108822 0.689385
vt 0.108822 0.690519
vt 0.108822 0.691654
vt 0.108822 0.692788
vt 0.110977 0.684847
vt 0.110977 0.683712
vt 0.110977 0.685981
vt 0.110977 0.687116
vt 0.110977 0.688250
vt 0.110977 0.689385
vt 0.110978 0.690519
vt 0.110978 0.691654
vt 0.110978 0.692788
vt 0.113114 0.684847
vt 0.113114 0.683712
vt 0.113114 0.685981
vt 0.113114 0.687116
vt 0.113114 0.688250
vt 0.113114 0.689385
vt 0.113114 0.690519
vt 0.113115 0.691654
vt 0.113115 0.692788
vt 0.115229 0.684846
vt 0.115229 0.683712
vt 0.115229 0.685981
vt 0.115230 0.687115
vt 0.115230 0.688250
vt 0.115230 0.689384
vt 0.115230 0.690519
vt 0.115230 0.691653
vt 0.115230 0.692788
vt 0.117320 0.684846
vt 0.117320 0.683712
vt 0.117320 0.685981
vt 0.117320 0.687115
vt 0.117320 0.688250
vt 0.117320 0.689384
vt 0.117320 0.690519
vt 0.117321 0.691653
vt 0.117321 0.692788
vt 0.119394 0.684846
vt 0.119394 0.683712
vt 0.119394 0.685981
vt 0.119394 0.687115
vt 0.119394 0.688250
vt 0.119394 0.689384
vt 0.119394 0.690519
vt 0.119394 0.691653
vt 0.119394 0.692788
vt 0.121485 0.684846
vt 0.121485 0.683711
vt 0.121485 0.685980
vt 0.121485 0.687115
vt 0.121485 0.688249
vt 0.121485 0.689384
vt 0.121485 0.690518
vt 0.121485 0.691653
vt 0.121485 0.692787
vt 0.123597 0.684846
vt 0.123597 0.683711
vt 0.123597 0.685980
vt 0.123597 0.687115
vt 0.123597 0.688249
vt 0.123597 0.689384
vt 0.123597 0.690518
vt 0.123597 0.691653
vt 0.123597 0.692787
vt 0.125603 0.684846
vt 0.125603 0.683711
vt 0.125603 0.685980
vt 0.125603 0.687115
vt 0.125603 0.688249
vt 0.125603 0.689384
vt 0.125603 0.690518
vt 0.125603 0.691653
vt 0.125604 0.692787
vt 0.127598 0.684845
vt 0.127598 0.683711
vt 0.127598 0.685980
vt 0.127598 0.687115
vt 0.127598 0.688249
vt 0.127598 0.689384
vt 0.127599 0.690518
vt 0.127599 0.691652
vt 0.127599 0.692787
vt 0.129583 0.684845
vt 0.129582 0.683711
vt 0.129583 0.685980
vt 0.129583 0.687114
vt 0.129583 0.688249
vt 0.129583 0.689383
vt 0.129583 0.690518
vt 0.129583 0.691652
vt 0.129583 0.692787
vt 0.131557 0.684845
vt 0.131557 0.683711
vt 0.131557 0.685980
vt 0.131557 0.687114
vt 0.131557 0.688249
vt 0.131557 0.689383
vt 0.131557 0.690518
vt 0.131557 0.691652
vt 0.131557 0.692787
vt 0.133521 0.684845
vt 0.133521 0.683710
vt 0.133521 0.685979
vt 0.133521 0.687114
vt 0.133521 0.688249
vt 0.133521 0.689383
vt 0.133521 0.690518
vt 0.133521 0.691652
vt 0.133521 0.692787
vt 0.135475 0.684845
vt 0.135475 0.683710
vt 0.135475 0.685979
vt 0.135475 0.687114
vt 0.135475 0.688249
vt 0.135475 0.689383
vt 0.135475 0.690517
vt 0.135476 0.691652
vt 0.135476 0.692786
vt 0.137420 0.684845
vt 0.137420 0.683710
vt 0.137420 0.685979
vt 0.137420 0.687114
vt 0.137420 0.688248
vt 0.137420 0.689383
vt 0.137420 0.690517
vt 0.137420 0.691652
vt 0.137420 0.692786
vt 0.139358 0.684845
vt 0.139358 0.683710
vt 0.139358 0.685979
vt 0.139358 0.687114
vt 0.139358 0.688248
vt 0.139359 0.689383
vt 0.139359 0.690517
vt 0.139359 0.691652
vt 0.139359 0.692786
vt 0.141300 0.684844
vt 0.141300 0.683710
vt 0.141300 0.685979
vt 0.141300 0.687113
vt 0.141300 0.688248
vt 0.141301 0.689383
vt 0.141301 0.690517
vt 0.141301 0.691651
vt 0.141301 0.692786
vt 0.143247 0.684844
vt 0.143246 0.683710
vt 0.143247 0.685979
vt 0.143247 0.687113
vt 0.143247 0.688248
vt 0.143247 0.689382
vt 0.143247 0.690517
vt 0.143247 0.691651
vt 0.143247 0.692786
vt 0.145197 0.684844
vt 0.145197 0.683710
vt 0.145197 0.685979
vt 0.145197 0.687113
vt 0.145197 0.688248
vt 0.145198 0.689382
vt 0.145198 0.690517
vt 0.145198 0.691651
vt 0.145198 0.692786
vt 0.147152 0.684844
vt 0.147152 0.683710
vt 0.147152 0.685979
vt 0.147153 0.687113
vt 0.147153 0.688247
vt 0.147153 0.689382
vt 0.147153 0.690516
vt 0.147153 0.691651
vt 0.147153 0.692786
vt 0.149112 0.684844
vt 0.149112 0.683709
vt 0.149112 0.685978
vt 0.149112 0.687113
vt 0.149112 0.688247
vt 0.149112 0.689382
vt 0.149112 0.690516
vt 0.149112 0.691651
vt 0.149112 0.692785
vt 0.151076 0.684844
vt 0.151076 0.683709
vt 0.151076 0.685978
vt 0.151076 0.687113
vt 0.151076 0.688247
vt 0.151076 0.689382
vt 0.151076 0.690516
vt 0.151076 0.691651
vt 0.151077 0.692785
vt 0.153044 0.684844
vt 0.153044 0.683709
vt 0.153045 0.685978
vt 0.153045 0.687113
vt 0.153045 0.688247
vt 0.153045 0.689382
vt 0.153045 0.690516
vt 0.153045 0.691651
vt 0.153045 0.692785
vt 0.155015 0.684843
vt 0.155015 0.683709
vt 0.155015 0.685978
vt 0.155015 0.687112
vt 0.155015 0.688247
vt 0.155015 0.689381
vt 0.155015 0.690516
vt 0.155015 0.691650
vt 0.155015 0.692785
vt 0.156979 0.684843
vt 0.156979 0.683709
vt 0.156979 0.685978
vt 0.156979 0.687112
vt 0.156979 0.688247
vt 0.156980 0.689381
vt 0.156980 0.690516
vt 0.156980 0.691650
vt 0.156980 0.692785
vt 0.158938 0.684843
vt 0.158938 0.683709
vt 0.158938 0.685978
vt 0.158938 0.687112
vt 0.158938 0.688247
vt 0.158938 0.689381
vt 0.158938 0.690516
vt 0.158938 0.691650
vt 0.158938 0.692785
vt 0.160891 0.684843
vt 0.160890 0.683709
vt 0.160891 0.685977
vt 0.160891 0.687112
vt 0.160891 0.688246
vt 0.160891 0.689381
vt 0.160891 0.690515
vt 0.160891 0.691650
vt 0.160891 0.692785
vt 0.162837 0.684843
vt 0.162837 0.683708
vt 0.162838 0.685977
vt 0.162838 0.687112
vt 0.162838 0.688246
vt 0.162838 0.689381
vt 0.162838 0.690515
vt 0.162838 0.691650
vt 0.162838 0.692784
vt 0.164778 0.684843
vt 0.164778 0.683708
vt 0.164779 0.685977
vt 0.164779 0.687112
vt 0.164779 0.688246
vt 0.164779 0.689381
vt 0.164779 0.690515
vt 0.164779 0.691650
vt 0.164779 0.692784
vt 0.166714 0.684843
vt 0.166714 0.683708
vt 0.166714 0.685977
vt 0.166714 0.687112
vt 0.166714 0.688246
vt 0.166714 0.689381
vt 0.166714 0.690515
vt 0.166714 0.691650
vt 0.166714 0.692784
vt 0.168643 0.684842
vt 0.168643 0.683708
vt 0.168643 0.685977
vt 0.168644 0.687111
vt 0.168644 0.688246
vt 0.168644 0.689380
vt 0.168644 0.690515
vt 0.168644 0.691649
vt 0.168644 0.692784
vt 0.170594 0.684842
vt 0.170594 0.683708
vt 0.170594 0.685977
vt 0.170594 0.687111
vt 0.170594 0.688246
vt 0.170594 0.689380
vt 0.170594 0.690515
vt 0.170594 0.691649
vt 0.170594 0.692784
vt 0.172558 0.684842
vt 0.172558 0.683708
vt 0.172558 0.685977
vt 0.172558 0.687111
vt 0.172558 0.688246
vt 0.172558 0.689380
vt 0.172558 0.690515
vt 0.172558 0.691649
vt 0.172558 0.692784
vt 0.174536 0.684842
vt 0.174536 0.683707
vt 0.174536 0.685976
vt 0.174536 0.687111
vt 0.174536 0.688245
vt 0.174536 0.689380
vt 0.174537 0.690515
vt 0.174537 0.691649
vt 0.174537 0.692783
vt 0.176529 0.684842
vt 0.176528 0.683707
vt 0.176529 0.685976
vt 0.176529 0.687111
vt 0.176529 0.688245
vt 0.176529 0.689380
vt 0.176529 0.690514
vt 0.176529 0.691649
vt 0.176529 0.692783
vt 0.178535 0.684842
vt 0.178535 0.683707
vt 0.178536 0.685976
vt 0.178536 0.687111
vt 0.178536 0.688245
vt 0.178536 0.689380
vt 0.178536 0.690514
vt 0.178536 0.691649
vt 0.178536 0.692783
vt 0.180557 0.684842
vt 0.180557 0.683707
vt 0.180557 0.685976
vt 0.180558 0.687111
vt 0.180558 0.688245
vt 0.180558 0.689379
vt 0.180558 0.690514
vt 0.180558 0.691648
vt 0.180558 0.692783
vt 0.182595 0.684841
vt 0.182595 0.683707
vt 0.182595 0.685976
vt 0.182595 0.687110
vt 0.182595 0.688245
vt 0.182595 0.689379
vt 0.182595 0.690514
vt 0.182595 0.691648
vt 0.182595 0.692783
vt 0.184647 0.684841
vt 0.184647 0.683707
vt 0.184647 0.685976
vt 0.184647 0.687110
vt 0.184648 0.688245
vt 0.184648 0.689379
vt 0.184648 0.690514
vt 0.184648 0.691648
vt 0.184648 0.692783
vt 0.186729 0.684841
vt 0.186729 0.683707
vt 0.186729 0.685976
vt 0.186729 0.687110
vt 0.186729 0.688245
vt 0.186729 0.689379
vt 0.186729 0.690514
vt 0.186729 0.691648
vt 0.186729 0.692783
vt 0.188843 0.684841
vt 0.188843 0.683706
vt 0.188843 0.685975
vt 0.188843 0.687110
vt 0.188843 0.688244
vt 0.188843 0.689379
vt 0.188843 0.690513
vt 0.188843 0.691648
vt 0.188843 0.692782
vt 0.191007 0.684841
vt 0.191006 0.683706
vt 0.191007 0.685975
vt 0.191007 0.687110
vt 0.191007 0.688244
vt 0.191007 0.689379
vt 0.191007 0.690513
vt 0.191007 0.691648
vt 0.191007 0.692782
vt 0.193234 0.684841
vt 0.193233 0.683706
vt 0.193234 0.685975
vt 0.193234 0.687110
vt 0.193234 0.688244
vt 0.193234 0.689379
vt 0.193234 0.690513
vt 0.193234 0.691648
vt 0.193234 0.692782
vt 0.195378 0.684840
vt 0.195378 0.683706
vt 0.195378 0.685975
vt 0.195378 0.687109
vt 0.195378 0.688244
vt 0.195378 0.689378
vt 0.195378 0.690513
vt 0.195378 0.691647
vt 0.195378 0.692782
vt 0.197411 0.684840
vt 0.197411 0.683706
vt 0.197411 0.685975
vt 0.197411 0.687109
vt 0.197411 0.688244
vt 0.197411 0.689378
vt 0.197411 0.690513
vt 0.197412 0.691647
vt 0.197412 0.692782
vt 0.199399 0.684840
vt 0.199399 0.683706
vt 0.199399 0.685975
vt 0.199399 0.687109
vt 0.199399 0.688244
vt 0.199399 0.689378
vt 0.199399 0.690513
vt 0.199399 0.691647
vt 0.199399 0.692782
vt 0.201391 0.684840
vt 0.201391 0.683706
vt 0.201391 0.685974
vt 0.201391 0.687109
vt 0.201391 0.688243
vt 0.201391 0.689378
vt 0.201392 0.690513
vt 0.201392 0.691647
vt 0.201392 0.692781
vt 0.203427 0.684840
vt 0.203427 0.683705
vt 0.203427 0.685974
vt 0.203427 0.687109
vt 0.203427 0.688243
vt 0.203427 0.689378
vt 0.203427 0.690512
vt 0.203427 0.691647
vt 0.203427 0.692781
vt 0.205663 0.684840
vt 0.205663 0.683705
vt 0.205663 0.685974
vt 0.205663 0.687109
vt 0.205664 0.688243
vt 0.205664 0.689378
vt 0.205664 0.690512
vt 0.205664 0.691647
vt 0.205664 0.692781
vt 0.207844 0.684839
vt 0.207844 0.683705
vt 0.207844 0.685974
vt 0.207844 0.687109
vt 0.207844 0.688243
vt 0.207844 0.689377
vt 0.207845 0.690512
vt 0.207845 0.691646
vt 0.207845 0.692781
vt 0.209863 0.684839
vt 0.209863 0.683705
vt 0.209863 0.685974
vt 0.209863 0.687108
vt 0.209863 0.688243
vt 0.209863 0.689377
vt 0.209863 0.690512
vt 0.209863 0.691646
vt 0.209863 0.692781
vt 0.212281 0.684839
vt 0.212281 0.683705
vt 0.212281 0.685974
vt 0.212281 0.687108
vt 0.212281 0.688243
vt 0.212281 0.689377
vt 0.212281 0.690512
vt 0.212282 0.691646
vt 0.212282 0.692781
vt 0.214486 0.684839
vt 0.214486 0.683704
vt 0.214486 0.685973
vt 0.214486 0.687108
vt 0.214486 0.688242
vt 0.214486 0.689377
vt 0.214486 0.690512
vt 0.214487 0.691646
vt 0.214487 0.692780
vt 0.216654 0.684839
vt 0.216654 0.683704
vt 0.216654 0.685973
vt 0.216654 0.687108
vt 0.216654 0.688242
vt 0.216654 0.689377
vt 0.216654 0.690511
vt 0.216654 0.691646
vt 0.216655 0.692780
vt 0.218984 0.684839
vt 0.218984 0.683704
vt 0.218984 0.685973
vt 0.218984 0.687108
vt 0.218984 0.688242
vt 0.218984 0.689377
vt 0.218984 0.690511
vt 0.218984 0.691646
vt 0.218985 0.692780
vt 0.221305 0.684838
vt 0.221305 0.683704
vt 0.221305 0.685973
vt 0.221305 0.687108
vt 0.221305 0.688242
vt 0.221305 0.689376
vt 0.221305 0.690511
vt 0.221305 0.691646
vt 0.221305 0.692780
vt 0.223523 0.684838
vt 0.223523 0.683704
vt 0.223523 0.685973
vt 0.223524 0.687107
vt 0.223524 0.688242
vt 0.223524 0.689376
vt 0.223524 0.690511
vt 0.223524 0.691645
vt 0.223524 0.692780
vt 0.225705 0.684838
vt 0.225704 0.683704
vt 0.225705 0.685973
vt 0.225705 0.687107
vt 0.225705 0.688242
vt 0.225705 0.689376
vt 0.225705 0.690511
vt 0.225705 0.691645
vt 0.225705 0.692780
vt 0.227865 0.684838
vt 0.227865 0.683704
vt 0.227865 0.685972
vt 0.227865 0.687107
vt 0.227865 0.688241
vt 0.227865 0.689376
vt 0.227865 0.690511
vt 0.227865 0.691645
vt 0.227865 0.692779
vt 0.229863 0.684838
vt 0.229863 0.683703
vt 0.229863 0.685972
vt 0.229863 0.687107
vt 0.229863 0.688241
vt 0.229863 0.689376
vt 0.229863 0.690510
vt 0.229863 0.691645
vt 0.229863 0.692779
vt 0.231868 0.684838
vt 0.231868 0.683703
vt 0.231868 0.685972
vt 0.231869 0.687107
vt 0.231869 0.688241
vt 0.231869 0.689376
vt 0.231869 0.690510
vt 0.231869 0.691645
vt 0.231869 0.692779
vt 0.233868 0.684838
vt 0.233868 0.683703
vt 0.233868 0.685972
vt 0.233868 0.687107
vt 0.233868 0.688241
vt 0.233868 0.689376
vt 0.233868 0.690510
vt 0.233868 0.691644
vt 0.233868 0.692779
vt 0.235853 0.684837
vt 0.235853 0.683703
vt 0.235853 0.685972
vt 0.235853 0.687106
vt 0.235854 0.688241
vt 0.235854 0.689375
vt 0.235854 0.690510
vt 0.235854 0.691644
vt 0.235854 0.692779
vt 0.237826 0.684837
vt 0.237826 0.683703
vt 0.237826 0.685972
vt 0.237826 0.687106
vt 0.237826 0.688241
vt 0.237826 0.689375
vt 0.237827 0.690510
vt 0.237827 0.691644
vt 0.237827 0.692779
vt 0.239794 0.684837
vt 0.239794 0.683703
vt 0.239794 0.685972
vt 0.239794 0.687106
vt 0.239795 0.688241
vt 0.239795 0.689375
vt 0.239795 0.690510
vt 0.239795 0.691644
vt 0.239795 0.692779
vt 0.241762 0.684837
vt 0.241762 0.683702
vt 0.241762 0.685971
vt 0.241762 0.687106
vt 0.241762 0.688240
vt 0.241762 0.689375
vt 0.241762 0.690509
vt 0.241763 0.691644
vt 0.241763 0.692778
vt 0.243726 0.684837
vt 0.243726 0.683702
vt 0.243726 0.685971
vt 0.243726 0.687106
vt 0.243726 0.688240
vt 0.243727 0.689375
vt 0.243727 0.690509
vt 0.243727 0.691644
vt 0.243727 0.692778
vt 0.245688 0.684837
vt 0.245688 0.683702
vt 0.245688 0.685971
vt 0.245688 0.687106
vt 0.245688 0.688240
vt 0.245688 0.689375
vt 0.245688 0.690509
vt 0.245689 0.691644
vt 0.245689 0.692778
vt 0.247614 0.684837
vt 0.247614 0.683702
vt 0.247614 0.685971
vt 0.247614 0.687106
vt 0.247614 0.688240
vt 0.247615 0.689375
vt 0.247615 0.690509
vt 0.247615 0.691643
vt 0.247615 0.692778
vt 0.249550 0.684836
vt 0.249550 0.683702
vt 0.249550 0.685971
vt 0.249550 0.687105
vt 0.249551 0.688240
vt 0.249551 0.689374
vt 0.249551 0.690509
vt 0.249551 0.691643
vt 0.249551 0.692778
vt 0.251491 0.684836
vt 0.251491 0.683702
vt 0.251492 0.685971
vt 0.251492 0.687105
vt 0.251492 0.688240
vt 0.251492 0.689374
vt 0.251492 0.690509
vt 0.251492 0.691643
vt 0.251492 0.692778
vt 0.253441 0.684836
vt 0.253441 0.683702
vt 0.253441 0.685971
vt 0.253441 0.687105
vt 0.253441 0.688240
vt 0.253441 0.689374
vt 0.253441 0.690509
vt 0.253441 0.691643
vt 0.253441 0.692778
vt 0.255398 0.684836
vt 0.255398 0.683701
vt 0.255398 0.685970
vt 0.255398 0.687105
vt 0.255398 0.688239
vt 0.255398 0.689374
vt 0.255398 0.690508
vt 0.255398 0.691643
vt 0.255398 0.692777
vt 0.257360 0.684836
vt 0.257359 0.683701
vt 0.257360 0.685970
vt 0.257360 0.687105
vt 0.257360 0.688239
vt 0.257360 0.689374
vt 0.257360 0.690508
vt 0.257360 0.691643
vt 0.257360 0.692777
vt 0.259319 0.684836
vt 0.259318 0.683701
vt 0.259319 0.685970
vt 0.259319 0.687105
vt 0.259319 0.688239
vt 0.259319 0.689374
vt 0.259319 0.690508
vt 0.259319 0.691643
vt 0.259319 0.692777
vt 0.261274 0.684836
vt 0.261274 0.683701
vt 0.261274 0.685970
vt 0.261274 0.687104
vt 0.261274 0.688239
vt 0.261275 0.689374
vt 0.261275 0.690508
vt 0.261275 0.691643
vt 0.261275 0.692777
vt 0.263227 0.684835
vt 0.263227 0.683701
vt 0.263227 0.685970
vt 0.263227 0.687104
vt 0.263227 0.688239
vt 0.263227 0.689373
vt 0.263227 0.690508
vt 0.263227 0.691642
vt 0.263227 0.692777
vt 0.265176 0.684835
vt 0.265176 0.683701
vt 0.265176 0.685970
vt 0.265176 0.687104
vt 0.265176 0.688239
vt 0.265176 0.689373
vt 0.265176 0.690508
vt 0.265176 0.691642
vt 0.265177 0.692777
vt 0.267129 0.684835
vt 0.267128 0.683701
vt 0.267129 0.685970
vt 0.267129 0.687104
vt 0.267129 0.688239
vt 0.267129 0.689373
vt 0.267129 0.690508
vt 0.267129 0.691642
vt 0.267129 0.692777
vt 0.269088 0.684835
vt 0.269088 0.683700
vt 0.269088 0.685969
vt 0.269089 0.687104
vt 0.269089 0.688238
vt 0.269089 0.689373
vt 0.269089 0.690507
vt 0.269089 0.691642
vt 0.269089 0.692776
vt 0.271056 0.684835
vt 0.271056 0.683700
vt 0.271056 0.685969
vt 0.271056 0.687104
vt 0.271056 0.688238
vt 0.271057 0.689373
vt 0.271057 0.690507
vt 0.271057 0.691642
vt 0.271057 0.692776
vt 0.273031 0.684835
vt 0.273031 0.683700
vt 0.273031 0.685969
vt 0.273031 0.687104
vt 0.273031 0.688238
vt 0.273031 0.689373
vt 0.273032 0.690507
vt 0.273032 0.691642
vt 0.273032 0.692776
vt 0.275018 0.684834
vt 0.275018 0.683700
vt 0.275018 0.685969
vt 0.275018 0.687104
vt 0.275018 0.688238
vt 0.275018 0.689373
vt 0.275018 0.690507
vt 0.275018 0.691641
vt 0.275018 0.692776
vt 0.277016 0.684834
vt 0.277016 0.683700
vt 0.277016 0.685969
vt 0.277016 0.687103
vt 0.277016 0.688238
vt 0.277016 0.689372
vt 0.277016 0.690507
vt 0.277016 0.691641
vt 0.277016 0.692776
vt 0.279001 0.684834
vt 0.279001 0.683700
vt 0.279001 0.685969
vt 0.279001 0.687103
vt 0.279002 0.688238
vt 0.279002 0.689372
vt 0.279002 0.690507
vt 0.279002 0.691641
vt 0.279002 0.692776
vt 0.280970 0.684834
vt 0.280970 0.683700
vt 0.280970 0.685969
vt 0.280970 0.687103
vt 0.280970 0.688237
vt 0.280970 0.689372
vt 0.280970 0.690507
vt 0.280970 0.691641
vt 0.280971 0.692775
vt 0.282922 0.684834
vt 0.282922 0.683699
vt 0.282922 0.685968
vt 0.282922 0.687103
vt 0.282922 0.688237
vt 0.282922 0.689372
vt 0.282922 0.690506
vt 0.282922 0.691641
vt 0.282922 0.692775
vt 0.284930 0.684834
vt 0.284930 0.683699
vt 0.284930 0.685968
vt 0.284930 0.687103
vt 0.284931 0.688237
vt 0.284931 0.689372
vt 0.284931 0.690506
vt 0.284931 0.691641
vt 0.284931 0.692775
vt 0.287073 0.684834
vt 0.287073 0.683699
vt 0.287073 0.685968
vt 0.287073 0.687103
vt 0.287073 0.688237
vt 0.287074 0.689372
vt 0.287074 0.690506
vt 0.287074 0.691641
vt 0.287074 0.692775
vt 0.289553 0.684833
vt 0.289553 0.683699
vt 0.289553 0.685968
vt 0.289553 0.687102
vt 0.289553 0.688237
vt 0.289553 0.689371
vt 0.289553 0.690506
vt 0.289554 0.691640
vt 0.289554 0.692775
vt 0.291932 0.684833
vt 0.291932 0.683699
vt 0.291932 0.685968
vt 0.291932 0.687102
vt 0.291932 0.688237
vt 0.291932 0.689371
vt 0.291932 0.690506
vt 0.291932 0.691640
vt 0.291932 0.692775
vt 0.294283 0.684833
vt 0.294283 0.683699
vt 0.294283 0.685968
vt 0.294283 0.687102
vt 0.294283 0.688236
vt 0.294283 0.689371
vt 0.294283 0.690506
vt 0.294283 0.691640
vt 0.294283 0.692775
vt 0.296651 0.684833
vt 0.296651 0.683698
vt 0.296651 0.685967
vt 0.296651 0.687102
vt 0.296652 0.688236
vt 0.296652 0.689371
vt 0.296652 0.690505
vt 0.296652 0.691640
vt 0.296652 0.692774
vt 0.298932 0.684833
vt 0.298932 0.683698
vt 0.298933 0.685967
vt 0.298933 0.687102
vt 0.298933 0.688236
vt 0.298933 0.689371
vt 0.298933 0.690505
vt 0.298933 0.691640
vt 0.298933 0.692774
vt 0.301076 0.684833
vt 0.301076 0.683698
vt 0.301077 0.685967
vt 0.301077 0.687102
vt 0.301077 0.688236
vt 0.301077 0.689371
vt 0.301077 0.690505
vt 0.301077 0.691640
vt 0.301077 0.692774
vt 0.303305 0.684832
vt 0.303305 0.683698
vt 0.303305 0.685967
vt 0.303305 0.687101
vt 0.303305 0.688236
vt 0.303305 0.689370
vt 0.303305 0.690505
vt 0.303305 0.691639
vt 0.303306 0.692774
vt 0.305642 0.684832
vt 0.305642 0.683698
vt 0.305643 0.685967
vt 0.305643 0.687101
vt 0.305643 0.688236
vt 0.305643 0.689370
vt 0.305643 0.690505
vt 0.305643 0.691639
vt 0.305643 0.692774
vt 0.308007 0.684832
vt 0.308007 0.683698
vt 0.308007 0.685966
vt 0.308007 0.687101
vt 0.308007 0.688236
vt 0.308007 0.689370
vt 0.308007 0.690505
vt 0.308007 0.691639
vt 0.308007 0.692774
vt 0.310280 0.684832
vt 0.310280 0.683697
vt 0.310280 0.685966
vt 0.310280 0.687101
vt 0.310280 0.688235
vt 0.310280 0.689370
vt 0.310280 0.690504
vt 0.310280 0.691639
vt 0.310280 0.692773
vt 0.312375 0.684832
vt 0.312375 0.683697
vt 0.312375 0.685966
vt 0.312375 0.687101
vt 0.312375 0.688235
vt 0.312375 0.689370
vt 0.312375 0.690504
vt 0.312375 0.691639
vt 0.312375 0.692773
vt 0.314568 0.684832
vt 0.314568 0.683697
vt 0.314568 0.685966
vt 0.314568 0.687101
vt 0.314568 0.688235
vt 0.314568 0.689369
vt 0.314569 0.690504
vt 0.314569 0.691639
vt 0.314569 0.692773
vt 0.316662 0.684831
vt 0.316662 0.683697
vt 0.316662 0.685966
vt 0.316662 0.687100
vt 0.316662 0.688235
vt 0.316662 0.689369
vt 0.316662 0.690504
vt 0.316662 0.691638
vt 0.316662 0.692773
vt 0.318717 0.684831
vt 0.318717 0.683697
vt 0.318717 0.685966
vt 0.318717 0.687100
vt 0.318717 0.688235
vt 0.318718 0.689369
vt 0.318718 0.690504
vt 0.318718 0.691638
vt 0.318718 0.692773
vt 0.320748 0.684831
vt 0.320748 0.683697
vt 0.320749 0.685966
vt 0.320749 0.687100
vt 0.320749 0.688235
vt 0.320749 0.689369
vt 0.320749 0.690504
vt 0.320749 0.691638
vt 0.320749 0.692773
vt 0.322764 0.684831
vt 0.322764 0.683696
vt 0.322765 0.685965
vt 0.322765 0.687100
vt 0.322765 0.688234
vt 0.322765 0.689369
vt 0.322765 0.690503
vt 0.322765 0.691638
vt 0.322765 0.692772
vt 0.324767 0.684831
vt 0.324767 0.683696
vt 0.324768 0.685965
vt 0.324768 0.687100
vt 0.324768 0.688234
vt 0.324768 0.689369
vt 0.324768 0.690503
vt 0.324768 0.691638
vt 0.324768 0.692772
vt 0.326760 0.684831
vt 0.326760 0.683696
vt 0.326760 0.685965
vt 0.326760 0.687100
vt 0.326760 0.688234
vt 0.326760 0.689369
vt 0.326760 0.690503
vt 0.326760 0.691638
vt 0.326761 0.692772
vt 0.328741 0.684830
vt 0.328741 0.683696
vt 0.328741 0.685965
vt 0.328741 0.687099
vt 0.328741 0.688234
vt 0.328741 0.689368
vt 0.328741 0.690503
vt 0.328742 0.691637
vt 0.328742 0.692772
vt 0.330721 0.684830
vt 0.330721 0.683696
vt 0.330721 0.685965
vt 0.330721 0.687099
vt 0.330721 0.688234
vt 0.330721 0.689368
vt 0.330722 0.690503
vt 0.330722 0.691637
vt 0.330722 0.692772
vt 0.332704 0.684830
vt 0.332704 0.683696
vt 0.332704 0.685965
vt 0.332704 0.687099
vt 0.332704 0.688234
vt 0.332704 0.689368
vt 0.332704 0.690503
vt 0.332705 0.691637
vt 0.332705 0.692772
vt 0.334689 0.684830
vt 0.334689 0.683695
vt 0.334689 0.685964
vt 0.334689 0.687099
vt 0.334689 0.688234
vt 0.334689 0.689368
vt 0.334689 0.690503
vt 0.334689 0.691637
vt 0.334689 0.692772
vt 0.336678 0.684830
vt 0.336678 0.683695
vt 0.336679 0.685964
vt 0.336679 0.687099
vt 0.336679 0.688233
vt 0.336679 0.689368
vt 0.336679 0.690502
vt 0.336679 0.691637
vt 0.336679 0.692771
vt 0.338670 0.684830
vt 0.338670 0.683695
vt 0.338670 0.685964
vt 0.338670 0.687099
vt 0.338671 0.688233
vt 0.338671 0.689368
vt 0.338671 0.690502
vt 0.338671 0.691637
vt 0.338671 0.692771
vt 0.340666 0.684830
vt 0.340666 0.683695
vt 0.340666 0.685964
vt 0.340666 0.687099
vt 0.340666 0.688233
vt 0.340666 0.689368
vt 0.340666 0.690502
vt 0.340666 0.691637
vt 0.340666 0.692771
vt 0.342664 0.684829
vt 0.342663 0.683695
vt 0.342664 0.685964
vt 0.342664 0.687098
vt 0.342664 0.688233
vt 0.342664 0.689367
vt 0.342664 0.690502
vt 0.342664 0.691636
vt 0.342664 0.692771
vt 0.344666 0.684829
vt 0.344665 0.683695
vt 0.344666 0.685964
vt 0.344666 0.687098
vt 0.344666 0.688233
vt 0.344666 0.689367
vt 0.344666 0.690502
vt 0.344666 0.691636
vt 0.344666 0.692771
vt 0.346667 0.684829
vt 0.346667 0.683695
vt 0.346667 0.685964
vt 0.346667 0.687098
vt 0.346667 0.688233
vt 0.346667 0.689367
vt 0.346668 0.690502
vt 0.346668 0.691636
vt 0.346668 0.692771
vt 0.348669 0.684829
vt 0.348669 0.683694
vt 0.348669 0.685963
vt 0.348670 0.687098
vt 0.348670 0.688232
vt 0.348670 0.689367
vt 0.348670 0.690502
vt 0.348670 0.691636
vt 0.348670 0.692770
vt 0.350672 0.684829
vt 0.350672 0.683694
vt 0.350672 0.685963
vt 0.350672 0.687098
vt 0.350672 0.688232
vt 0.350672 0.689367
vt 0.350673 0.690501
vt 0.350673 0.691636
vt 0.350673 0.692770
vt 0.352675 0.684829
vt 0.352675 0.683694
vt 0.352676 0.685963
vt 0.352676 0.687098
vt 0.352676 0.688232
vt 0.352676 0.689367
vt 0.352676 0.690501
vt 0.352676 0.691636
vt 0.352676 0.692770
vt 0.354679 0.684829
vt 0.354679 0.683694
vt 0.354680 0.685963
vt 0.354680 0.687097
vt 0.354680 0.688232
vt 0.354680 0.689366
vt 0.354680 0.690501
vt 0.354680 0.691636
vt 0.354680 0.692770
vt 0.356684 0.684828
vt 0.356684 0.683694
vt 0.356684 0.685963
vt 0.356684 0.687097
vt 0.356684 0.688232
vt 0.356684 0.689366
vt 0.356684 0.690501
vt 0.356684 0.691635
vt 0.356685 0.692770
vt 0.358708 0.684828
vt 0.358708 0.683694
vt 0.358708 0.685963
vt 0.358708 0.687097
vt 0.358708 0.688232
vt 0.358708 0.689366
vt 0.358708 0.690501
vt 0.358708 0.691635
vt 0.358708 0.692770
vt 0.360735 0.684828
vt 0.360735 0.683694
vt 0.360736 0.685963
vt 0.360736 0.687097
vt 0.360736 0.688232
vt 0.360736 0.689366
vt 0.360736 0.690501
vt 0.360736 0.691635
vt 0.360736 0.692770
vt 0.362767 0.684828
vt 0.362767 0.683693
vt 0.362767 0.685962
vt 0.362767 0.687097
vt 0.362767 0.688231
vt 0.362767 0.689366
vt 0.362767 0.690500
vt 0.362767 0.691635
vt 0.362767 0.692769
vt 0.364802 0.684828
vt 0.364802 0.683693
vt 0.364802 0.685962
vt 0.364802 0.687097
vt 0.364802 0.688231
vt 0.364803 0.689366
vt 0.364803 0.690500
vt 0.364803 0.691635
vt 0.364803 0.692769
vt 0.366842 0.684828
vt 0.366842 0.683693
vt 0.366842 0.685962
vt 0.366842 0.687097
vt 0.366842 0.688231
vt 0.366842 0.689366
vt 0.366842 0.690500
vt 0.366842 0.691635
vt 0.366842 0.692769
vt 0.368885 0.684827
vt 0.368885 0.683693
vt 0.368885 0.685962
vt 0.368885 0.687096
vt 0.368885 0.688231
vt 0.368886 0.689365
vt 0.368886 0.690500
vt 0.368886 0.691634
vt 0.368886 0.692769
vt 0.370933 0.684827
vt 0.370933 0.683693
vt 0.370933 0.685962
vt 0.370933 0.687096
vt 0.370933 0.688231
vt 0.370933 0.689365
vt 0.370934 0.690500
vt 0.370934 0.691634
vt 0.370934 0.692769
vt 0.372974 0.684827
vt 0.372974 0.683693
vt 0.372974 0.685962
vt 0.372974 0.687096
vt 0.372974 0.688231
vt 0.372974 0.689365
vt 0.372974 0.690500
vt 0.372974 0.691634
vt 0.372974 0.692769
vt 0.374992 0.684827
vt 0.374992 0.683693
vt 0.374992 0.685961
vt 0.374992 0.687096
vt 0.374992 0.688231
vt 0.374992 0.689365
vt 0.374992 0.690499
vt 0.374992 0.691634
vt 0.374992 0.692768
vt 0.377041 0.684827
vt 0.377041 0.683692
vt 0.377041 0.685961
vt 0.377041 0.687096
vt 0.377041 0.688230
vt 0.377041 0.689365
vt 0.377041 0.690499
vt 0.377041 0.691634
vt 0.377041 0.692768
vt 0.379186 0.684827
vt 0.379186 0.683692
vt 0.379186 0.685961
vt 0.379186 0.687096
vt 0.379186 0.688230
vt 0.379186 0.689365
vt 0.379186 0.690499
vt 0.379186 0.691634
vt 0.379186 0.692768
vt 0.381257 0.684826
vt 0.381257 0.683692
vt 0.381257 0.685961
vt 0.381257 0.687096
vt 0.381257 0.688230
vt 0.381257 0.689365
vt 0.381257 0.690499
vt 0.381257 0.691634
vt 0.381257 0.692768
vt 0.383234 0.684826
vt 0.383234 0.683692
vt 0.383234 0.685961
vt 0.383234 0.687095
vt 0.383234 0.688230
vt 0.383235 0.689364
vt 0.383235 0.690499
vt 0.383235 0.691633
vt 0.383235 0.692768
vt 0.385170 0.684826
vt 0.385170 0.683692
vt 0.385170 0.685961
vt 0.385170 0.687095
vt 0.385170 0.688230
vt 0.385170 0.689364
vt 0.385170 0.690499
vt 0.385170 0.691633
vt 0.385170 0.692768
vt 0.387112 0.684826
vt 0.387112 0.683692
vt 0.387112 0.685961
vt 0.387112 0.687095
vt 0.387112 0.688230
vt 0.387112 0.689364
vt 0.387112 0.690499
vt 0.387112 0.691633
vt 0.387112 0.692768
vt 0.389072 0.684826
vt 0.389072 0.683692
vt 0.389072 0.685960
vt 0.389072 0.687095
vt 0.389072 0.688230
vt 0.389072 0.689364
vt 0.389072 0.690498
vt 0.389072 0.691633
vt 0.389072 0.692767
vt 0.391077 0.684826
vt 0.391077 0.683691
vt 0.391078 0.685960
vt 0.391078 0.687095
vt 0.391078 0.688229
vt 0.391078 0.689364
vt 0.391078 0.690498
vt 0.391078 0.691633
vt 0.391078 0.692767
vt 0.393523 0.684826
vt 0.393523 0.683691
vt 0.393523 0.685960
vt 0.393523 0.687095
vt 0.393524 0.688229
vt 0.393524 0.689364
vt 0.393524 0.690498
vt 0.393524 0.691633
vt 0.393524 0.692767
vt 0.002930 0.671174
vt 0.002930 0.672308
vt 0.005263 0.672308
vt 0.005263 0.671173
vt 0.002930 0.673443
vt 0.005263 0.673442
vt 0.002930 0.674577
vt 0.005263 0.674577
vt 0.002930 0.675712
vt 0.005263 0.675712
vt 0.002930 0.676846
vt 0.005263 0.676846
vt 0.002930 0.677981
vt 0.005263 0.677980
vt 0.002930 0.679115
vt 0.005263 0.679115
vt 0.002930 0.680250
vt 0.005263 0.680249
vt 0.007675 0.672308
vt 0.007675 0.671173
vt 0.007675 0.673442
vt 0.007675 0.674577
vt 0.007675 0.675711
vt 0.007675 0.676846
vt 0.007675 0.677980
vt 0.007675 0.679115
vt 0.007675 0.680249
vt 0.009984 0.672308
vt 0.009984 0.671173
vt 0.009984 0.673442
vt 0.009984 0.674577
vt 0.009984 0.675711
vt 0.009984 0.676846
vt 0.009984 0.677980
vt 0.009984 0.679115
vt 0.009984 0.680249
vt 0.012383 0.672307
vt 0.012382 0.671173
vt 0.012383 0.673442
vt 0.012383 0.674576
vt 0.012383 0.675711
vt 0.012383 0.676845
vt 0.012383 0.677980
vt 0.012383 0.679114
vt 0.012383 0.680249
vt 0.014622 0.672307
vt 0.014622 0.671173
vt 0.014623 0.673442
vt 0.014623 0.674576
vt 0.014623 0.675711
vt 0.014623 0.676845
vt 0.014623 0.677980
vt 0.014623 0.679114
vt 0.014623 0.680249
vt 0.016911 0.672307
vt 0.016911 0.671173
vt 0.016911 0.673442
vt 0.016911 0.674576
vt 0.016911 0.675711
vt 0.016912 0.676845
vt 0.016912 0.677980
vt 0.016912 0.679114
vt 0.016912 0.680249
vt 0.019001 0.672307
vt 0.019001 0.671172
vt 0.019001 0.673441
vt 0.019001 0.674576
vt 0.019001 0.675710
vt 0.019001 0.676845
vt 0.019001 0.677979
vt 0.019001 0.679114
vt 0.019001 0.680248
vt 0.020989 0.672307
vt 0.020989 0.671172
vt 0.020989 0.673441
vt 0.020989 0.674576
vt 0.020990 0.675710
vt 0.020990 0.676845
vt 0.020990 0.677979
vt 0.020990 0.679114
vt 0.020990 0.680248
vt 0.022923 0.672307
vt 0.022923 0.671172
vt 0.022923 0.673441
vt 0.022923 0.674576
vt 0.022923 0.675710
vt 0.022923 0.676845
vt 0.022923 0.677979
vt 0.022923 0.679114
vt 0.022924 0.680248
vt 0.024850 0.672307
vt 0.024850 0.671172
vt 0.024850 0.673441
vt 0.024850 0.674576
vt 0.024850 0.675710
vt 0.024850 0.676844
vt 0.024850 0.677979
vt 0.024851 0.679114
vt 0.024851 0.680248
vt 0.026834 0.672306
vt 0.026834 0.671172
vt 0.026834 0.673441
vt 0.026834 0.674575
vt 0.026835 0.675710
vt 0.026835 0.676844
vt 0.026835 0.677979
vt 0.026835 0.679113
vt 0.026835 0.680248
vt 0.028928 0.672306
vt 0.028928 0.671172
vt 0.028928 0.673441
vt 0.028928 0.674575
vt 0.028928 0.675710
vt 0.028928 0.676844
vt 0.028928 0.677979
vt 0.028928 0.679113
vt 0.028928 0.680248
vt 0.031002 0.672306
vt 0.031002 0.671172
vt 0.031002 0.673441
vt 0.031002 0.674575
vt 0.031002 0.675709
vt 0.031002 0.676844
vt 0.031002 0.677979
vt 0.031002 0.679113
vt 0.031002 0.680248
vt 0.033032 0.672306
vt 0.033032 0.671171
vt 0.033032 0.673440
vt 0.033032 0.674575
vt 0.033032 0.675709
vt 0.033032 0.676844
vt 0.033032 0.677978
vt 0.033032 0.679113
vt 0.033033 0.680247
vt 0.035029 0.672306
vt 0.035029 0.671171
vt 0.035029 0.673440
vt 0.035030 0.674575
vt 0.035030 0.675709
vt 0.035030 0.676844
vt 0.035030 0.677978
vt 0.035030 0.679113
vt 0.035030 0.680247
vt 0.036998 0.672306
vt 0.036998 0.671171
vt 0.036998 0.673440
vt 0.036998 0.674575
vt 0.036998 0.675709
vt 0.036998 0.676844
vt 0.036998 0.677978
vt 0.036998 0.679113
vt 0.036999 0.680247
vt 0.038951 0.672305
vt 0.038951 0.671171
vt 0.038952 0.673440
vt 0.038952 0.674574
vt 0.038952 0.675709
vt 0.038952 0.676843
vt 0.038952 0.677978
vt 0.038952 0.679112
vt 0.038952 0.680247
vt 0.040889 0.672305
vt 0.040889 0.671171
vt 0.040889 0.673440
vt 0.040889 0.674574
vt 0.040889 0.675709
vt 0.040889 0.676843
vt 0.040889 0.677978
vt 0.040889 0.679112
vt 0.040889 0.680247
vt 0.042808 0.672305
vt 0.042808 0.671171
vt 0.042808 0.673440
vt 0.042808 0.674574
vt 0.042808 0.675709
vt 0.042808 0.676843
vt 0.042808 0.677978
vt 0.042809 0.679112
vt 0.042809 0.680247
vt 0.044724 0.672305
vt 0.044723 0.671171
vt 0.044724 0.673440
vt 0.044724 0.674574
vt 0.044724 0.675709
vt 0.044724 0.676843
vt 0.044724 0.677978
vt 0.044724 0.679112
vt 0.044724 0.680246
vt 0.046639 0.672305
vt 0.046639 0.671170
vt 0.046639 0.673439
vt 0.046639 0.674574
vt 0.046639 0.675708
vt 0.046639 0.676843
vt 0.046640 0.677977
vt 0.046640 0.679112
vt 0.046640 0.680246
vt 0.048554 0.672305
vt 0.048553 0.671170
vt 0.048554 0.673439
vt 0.048554 0.674574
vt 0.048554 0.675708
vt 0.048554 0.676843
vt 0.048554 0.677977
vt 0.048554 0.679112
vt 0.048554 0.680246
vt 0.050553 0.672305
vt 0.050553 0.671170
vt 0.050553 0.673439
vt 0.050553 0.674574
vt 0.050553 0.675708
vt 0.050553 0.676843
vt 0.050553 0.677977
vt 0.050553 0.679112
vt 0.050553 0.680246
vt 0.052582 0.672304
vt 0.052581 0.671170
vt 0.052582 0.673439
vt 0.052582 0.674573
vt 0.052582 0.675708
vt 0.052582 0.676842
vt 0.052582 0.677977
vt 0.052582 0.679111
vt 0.052582 0.680246
vt 0.054641 0.672304
vt 0.054641 0.671170
vt 0.054641 0.673439
vt 0.054641 0.674573
vt 0.054641 0.675708
vt 0.054641 0.676842
vt 0.054641 0.677977
vt 0.054642 0.679111
vt 0.054642 0.680246
vt 0.056733 0.672304
vt 0.056733 0.671170
vt 0.056733 0.673439
vt 0.056733 0.674573
vt 0.056733 0.675708
vt 0.056733 0.676842
vt 0.056734 0.677977
vt 0.056734 0.679111
vt 0.056734 0.680246
vt 0.058808 0.672304
vt 0.058808 0.671170
vt 0.058808 0.673438
vt 0.058808 0.674573
vt 0.058808 0.675707
vt 0.058808 0.676842
vt 0.058808 0.677976
vt 0.058808 0.679111
vt 0.058808 0.680246
vt 0.060831 0.672304
vt 0.060831 0.671169
vt 0.060831 0.673438
vt 0.060831 0.674573
vt 0.060831 0.675707
vt 0.060831 0.676842
vt 0.060832 0.677976
vt 0.060832 0.679111
vt 0.060832 0.680245
vt 0.062802 0.672304
vt 0.062802 0.671169
vt 0.062802 0.673438
vt 0.062802 0.674573
vt 0.062802 0.675707
vt 0.062802 0.676842
vt 0.062802 0.677976
vt 0.062802 0.679111
vt 0.062802 0.680245
vt 0.064739 0.672304
vt 0.064739 0.671169
vt 0.064739 0.673438
vt 0.064739 0.674573
vt 0.064740 0.675707
vt 0.064740 0.676841
vt 0.064740 0.677976
vt 0.064740 0.679111
vt 0.064740 0.680245
vt 0.066696 0.672303
vt 0.066695 0.671169
vt 0.066696 0.673438
vt 0.066696 0.674572
vt 0.066696 0.675707
vt 0.066696 0.676841
vt 0.066696 0.677976
vt 0.066696 0.679110
vt 0.066696 0.680245
vt 0.068672 0.672303
vt 0.068672 0.671169
vt 0.068672 0.673438
vt 0.068672 0.674572
vt 0.068672 0.675707
vt 0.068672 0.676841
vt 0.068672 0.677976
vt 0.068672 0.679110
vt 0.068672 0.680245
vt 0.070667 0.672303
vt 0.070667 0.671169
vt 0.070667 0.673438
vt 0.070667 0.674572
vt 0.070667 0.675707
vt 0.070667 0.676841
vt 0.070667 0.677976
vt 0.070667 0.679110
vt 0.070668 0.680245
vt 0.072731 0.672303
vt 0.072731 0.671168
vt 0.072732 0.673437
vt 0.072732 0.674572
vt 0.072732 0.675706
vt 0.072732 0.676841
vt 0.072732 0.677975
vt 0.072732 0.679110
vt 0.072732 0.680244
vt 0.074782 0.672303
vt 0.074782 0.671168
vt 0.074782 0.673437
vt 0.074782 0.674572
vt 0.074782 0.675706
vt 0.074782 0.676841
vt 0.074782 0.677975
vt 0.074782 0.679110
vt 0.074783 0.680244
vt 0.076822 0.672303
vt 0.076822 0.671168
vt 0.076822 0.673437
vt 0.076822 0.674572
vt 0.076822 0.675706
vt 0.076822 0.676841
vt 0.076822 0.677975
vt 0.076822 0.679110
vt 0.076822 0.680244
vt 0.078890 0.672302
vt 0.078890 0.671168
vt 0.078890 0.673437
vt 0.078890 0.674571
vt 0.078890 0.675706
vt 0.078891 0.676841
vt 0.078891 0.677975
vt 0.078891 0.679109
vt 0.078891 0.680244
vt 0.081013 0.672302
vt 0.081013 0.671168
vt 0.081013 0.673437
vt 0.081013 0.674571
vt 0.081014 0.675706
vt 0.081014 0.676840
vt 0.081014 0.677975
vt 0.081014 0.679109
vt 0.081014 0.680244
vt 0.083193 0.672302
vt 0.083193 0.671168
vt 0.083193 0.673437
vt 0.083193 0.674571
vt 0.083193 0.675706
vt 0.083193 0.676840
vt 0.083193 0.677975
vt 0.083193 0.679109
vt 0.083194 0.680244
vt 0.085430 0.672302
vt 0.085430 0.671167
vt 0.085430 0.673436
vt 0.085430 0.674571
vt 0.085430 0.675705
vt 0.085431 0.676840
vt 0.085431 0.677975
vt 0.085431 0.679109
vt 0.085431 0.680243
vt 0.087544 0.672302
vt 0.087544 0.671167
vt 0.087544 0.673436
vt 0.087544 0.674571
vt 0.087544 0.675705
vt 0.087545 0.676840
vt 0.087545 0.677974
vt 0.087545 0.679109
vt 0.087545 0.680243
vt 0.089690 0.672302
vt 0.089690 0.671167
vt 0.089690 0.673436
vt 0.089690 0.674571
vt 0.089690 0.675705
vt 0.089690 0.676840
vt 0.089690 0.677974
vt 0.089690 0.679109
vt 0.089690 0.680243
vt 0.091937 0.672302
vt 0.091937 0.671167
vt 0.091937 0.673436
vt 0.091937 0.674570
vt 0.091938 0.675705
vt 0.091938 0.676839
vt 0.091938 0.677974
vt 0.091938 0.679109
vt 0.091938 0.680243
vt 0.094031 0.672301
vt 0.094031 0.671167
vt 0.094031 0.673436
vt 0.094031 0.674570
vt 0.094031 0.675705
vt 0.094031 0.676839
vt 0.094031 0.677974
vt 0.094031 0.679108
vt 0.094032 0.680243
vt 0.096144 0.672301
vt 0.096144 0.671167
vt 0.096144 0.673436
vt 0.096144 0.674570
vt 0.096144 0.675705
vt 0.096144 0.676839
vt 0.096144 0.677974
vt 0.096144 0.679108
vt 0.096144 0.680243
vt 0.098648 0.672301
vt 0.098648 0.671167
vt 0.098648 0.673435
vt 0.098648 0.674570
vt 0.098648 0.675704
vt 0.098648 0.676839
vt 0.098648 0.677974
vt 0.098648 0.679108
vt 0.098648 0.680242
vt 0.101130 0.672301
vt 0.101130 0.671166
vt 0.101130 0.673435
vt 0.101130 0.674570
vt 0.101130 0.675704
vt 0.101130 0.676839
vt 0.101130 0.677973
vt 0.101130 0.679108
vt 0.101130 0.680242
vt 0.103672 0.672301
vt 0.103672 0.671166
vt 0.103672 0.673435
vt 0.103672 0.674570
vt 0.103672 0.675704
vt 0.103672 0.676839
vt 0.103672 0.677973
vt 0.103673 0.679108
vt 0.103673 0.680242
vt 0.106338 0.672300
vt 0.106338 0.671166
vt 0.106338 0.673435
vt 0.106338 0.674569
vt 0.106339 0.675704
vt 0.106339 0.676838
vt 0.106339 0.677973
vt 0.106339 0.679107
vt 0.106339 0.680242
vt 0.108822 0.672300
vt 0.108821 0.671166
vt 0.108822 0.673435
vt 0.108822 0.674569
vt 0.108822 0.675704
vt 0.108822 0.676838
vt 0.108822 0.677973
vt 0.108822 0.679107
vt 0.108822 0.680242
vt 0.110977 0.672300
vt 0.110977 0.671166
vt 0.110977 0.673435
vt 0.110977 0.674569
vt 0.110977 0.675704
vt 0.110977 0.676838
vt 0.110977 0.677973
vt 0.110978 0.679107
vt 0.110978 0.680242
vt 0.113114 0.672300
vt 0.113114 0.671165
vt 0.113114 0.673434
vt 0.113114 0.674569
vt 0.113114 0.675703
vt 0.113114 0.676838
vt 0.113114 0.677972
vt 0.113114 0.679107
vt 0.113115 0.680241
vt 0.115229 0.672300
vt 0.115229 0.671165
vt 0.115229 0.673434
vt 0.115229 0.674569
vt 0.115230 0.675703
vt 0.115230 0.676838
vt 0.115230 0.677972
vt 0.115230 0.679107
vt 0.115230 0.680241
vt 0.117320 0.672300
vt 0.117320 0.671165
vt 0.117320 0.673434
vt 0.117320 0.674569
vt 0.117320 0.675703
vt 0.117320 0.676838
vt 0.117320 0.677972
vt 0.117321 0.679107
vt 0.117321 0.680241
vt 0.119394 0.672299
vt 0.119394 0.671165
vt 0.119394 0.673434
vt 0.119394 0.674568
vt 0.119394 0.675703
vt 0.119394 0.676838
vt 0.119394 0.677972
vt 0.119394 0.679106
vt 0.119394 0.680241
vt 0.121485 0.672299
vt 0.121485 0.671165
vt 0.121485 0.673434
vt 0.121485 0.674568
vt 0.121485 0.675703
vt 0.121485 0.676837
vt 0.121485 0.677972
vt 0.121485 0.679106
vt 0.121485 0.680241
vt 0.123597 0.672299
vt 0.123597 0.671165
vt 0.123597 0.673434
vt 0.123597 0.674568
vt 0.123597 0.675703
vt 0.123597 0.676837
vt 0.123597 0.677972
vt 0.123597 0.679106
vt 0.123597 0.680241
vt 0.125603 0.672299
vt 0.125603 0.671164
vt 0.125603 0.673434
vt 0.125603 0.674568
vt 0.125603 0.675703
vt 0.125603 0.676837
vt 0.125603 0.677972
vt 0.125603 0.679106
vt 0.125604 0.680241
vt 0.127598 0.672299
vt 0.127598 0.671164
vt 0.127598 0.673433
vt 0.127598 0.674568
vt 0.127598 0.675702
vt 0.127598 0.676837
vt 0.127599 0.677971
vt 0.127599 0.679106
vt 0.127599 0.680240
vt 0.129583 0.672299
vt 0.129582 0.671164
vt 0.129583 0.673433
vt 0.129583 0.674568
vt 0.129583 0.675702
vt 0.129583 0.676837
vt 0.129583 0.677971
vt 0.129583 0.679106
vt 0.129583 0.680240
vt 0.131557 0.672299
vt 0.131557 0.671164
vt 0.131557 0.673433
vt 0.131557 0.674567
vt 0.131557 0.675702
vt 0.131557 0.676837
vt 0.131557 0.677971
vt 0.131557 0.679106
vt 0.131557 0.680240
vt 0.133521 0.672298
vt 0.133521 0.671164
vt 0.133521 0.673433
vt 0.133521 0.674567
vt 0.133521 0.675702
vt 0.133521 0.676836
vt 0.133521 0.677971
vt 0.133521 0.679105
vt 0.133521 0.680240
vt 0.135475 0.672298
vt 0.135475 0.671164
vt 0.135475 0.673433
vt 0.135475 0.674567
vt 0.135475 0.675702
vt 0.135475 0.676836
vt 0.135475 0.677971
vt 0.135476 0.679105
vt 0.135476 0.680240
vt 0.137420 0.672298
vt 0.137420 0.671164
vt 0.137420 0.673433
vt 0.137420 0.674567
vt 0.137420 0.675702
vt 0.137420 0.676836
vt 0.137420 0.677971
vt 0.137420 0.679105
vt 0.137420 0.680240
vt 0.139358 0.672298
vt 0.139358 0.671163
vt 0.139358 0.673432
vt 0.139358 0.674567
vt 0.139358 0.675701
vt 0.139359 0.676836
vt 0.139359 0.677970
vt 0.139359 0.679105
vt 0.139359 0.680239
vt 0.141300 0.672298
vt 0.141300 0.671163
vt 0.141300 0.673432
vt 0.141300 0.674567
vt 0.141300 0.675701
vt 0.141301 0.676836
vt 0.141301 0.677970
vt 0.141301 0.679105
vt 0.141301 0.680239
vt 0.143247 0.672298
vt 0.143246 0.671163
vt 0.143247 0.673432
vt 0.143247 0.674567
vt 0.143247 0.675701
vt 0.143247 0.676836
vt 0.143247 0.677970
vt 0.143247 0.679105
vt 0.143247 0.680239
vt 0.145197 0.672298
vt 0.145197 0.671163
vt 0.145197 0.673432
vt 0.145197 0.674567
vt 0.145197 0.675701
vt 0.145198 0.676836
vt 0.145198 0.677970
vt 0.145198 0.679105
vt 0.145198 0.680239
vt 0.147152 0.672297
vt 0.147152 0.671163
vt 0.147152 0.673432
vt 0.147152 0.674566
vt 0.147153 0.675701
vt 0.147153 0.676835
vt 0.147153 0.677970
vt 0.147153 0.679104
vt 0.147153 0.680239
vt 0.149112 0.672297
vt 0.149112 0.671163
vt 0.149112 0.673432
vt 0.149112 0.674566
vt 0.149112 0.675701
vt 0.149112 0.676835
vt 0.149112 0.677970
vt 0.149112 0.679104
vt 0.149112 0.680239
vt 0.151076 0.672297
vt 0.151076 0.671163
vt 0.151076 0.673432
vt 0.151076 0.674566
vt 0.151076 0.675701
vt 0.151076 0.676835
vt 0.151076 0.677970
vt 0.151076 0.679104
vt 0.151076 0.680239
vt 0.153044 0.672297
vt 0.153044 0.671162
vt 0.153045 0.673432
vt 0.153045 0.674566
vt 0.153045 0.675700
vt 0.153045 0.676835
vt 0.153045 0.677969
vt 0.153045 0.679104
vt 0.153045 0.680238
vt 0.155015 0.672297
vt 0.155015 0.671162
vt 0.155015 0.673431
vt 0.155015 0.674566
vt 0.155015 0.675700
vt 0.155015 0.676835
vt 0.155015 0.677969
vt 0.155015 0.679104
vt 0.155015 0.680238
vt 0.156979 0.672297
vt 0.156979 0.671162
vt 0.156979 0.673431
vt 0.156979 0.674566
vt 0.156979 0.675700
vt 0.156980 0.676835
vt 0.156980 0.677969
vt 0.156980 0.679104
vt 0.156980 0.680238
vt 0.158938 0.672297
vt 0.158938 0.671162
vt 0.158938 0.673431
vt 0.158938 0.674566
vt 0.158938 0.675700
vt 0.158938 0.676834
vt 0.158938 0.677969
vt 0.158938 0.679103
vt 0.158938 0.680238
vt 0.160891 0.672296
vt 0.160890 0.671162
vt 0.160891 0.673431
vt 0.160891 0.674565
vt 0.160891 0.675700
vt 0.160891 0.676834
vt 0.160891 0.677969
vt 0.160891 0.679103
vt 0.160891 0.680238
vt 0.162837 0.672296
vt 0.162837 0.671162
vt 0.162837 0.673431
vt 0.162838 0.674565
vt 0.162838 0.675700
vt 0.162838 0.676834
vt 0.162838 0.677969
vt 0.162838 0.679103
vt 0.162838 0.680238
vt 0.164778 0.672296
vt 0.164778 0.671162
vt 0.164779 0.673431
vt 0.164779 0.674565
vt 0.164779 0.675700
vt 0.164779 0.676834
vt 0.164779 0.677969
vt 0.164779 0.679103
vt 0.164779 0.680238
vt 0.166714 0.672296
vt 0.166714 0.671161
vt 0.166714 0.673430
vt 0.166714 0.674565
vt 0.166714 0.675699
vt 0.166714 0.676834
vt 0.166714 0.677968
vt 0.166714 0.679103
vt 0.166714 0.680237
vt 0.168643 0.672296
vt 0.168643 0.671161
vt 0.168643 0.673430
vt 0.168644 0.674565
vt 0.168644 0.675699
vt 0.168644 0.676834
vt 0.168644 0.677968
vt 0.168644 0.679103
vt 0.168644 0.680237
vt 0.170594 0.672296
vt 0.170594 0.671161
vt 0.170594 0.673430
vt 0.170594 0.674565
vt 0.170594 0.675699
vt 0.170594 0.676834
vt 0.170594 0.677968
vt 0.170594 0.679103
vt 0.170594 0.680237
vt 0.172558 0.672296
vt 0.172558 0.671161
vt 0.172558 0.673430
vt 0.172558 0.674564
vt 0.172558 0.675699
vt 0.172558 0.676834
vt 0.172558 0.677968
vt 0.172558 0.679102
vt 0.172558 0.680237
vt 0.174536 0.672295
vt 0.174536 0.671161
vt 0.174536 0.673430
vt 0.174536 0.674564
vt 0.174536 0.675699
vt 0.174536 0.676833
vt 0.174537 0.677968
vt 0.174537 0.679102
vt 0.174537 0.680237
vt 0.176528 0.672295
vt 0.176528 0.671161
vt 0.176529 0.673430
vt 0.176529 0.674564
vt 0.176529 0.675699
vt 0.176529 0.676833
vt 0.176529 0.677968
vt 0.176529 0.679102
vt 0.176529 0.680237
vt 0.178535 0.672295
vt 0.178535 0.671161
vt 0.178536 0.673429
vt 0.178536 0.674564
vt 0.178536 0.675699
vt 0.178536 0.676833
vt 0.178536 0.677968
vt 0.178536 0.679102
vt 0.178536 0.680236
vt 0.180557 0.672295
vt 0.180557 0.671160
vt 0.180557 0.673429
vt 0.180558 0.674564
vt 0.180558 0.675698
vt 0.180558 0.676833
vt 0.180558 0.677967
vt 0.180558 0.679102
vt 0.180558 0.680236
vt 0.182595 0.672295
vt 0.182595 0.671160
vt 0.182595 0.673429
vt 0.182595 0.674564
vt 0.182595 0.675698
vt 0.182595 0.676833
vt 0.182595 0.677967
vt 0.182595 0.679102
vt 0.182595 0.680236
vt 0.184647 0.672294
vt 0.184647 0.671160
vt 0.184647 0.673429
vt 0.184647 0.674564
vt 0.184647 0.675698
vt 0.184648 0.676833
vt 0.184648 0.677967
vt 0.184648 0.679102
vt 0.184648 0.680236
vt 0.186729 0.672294
vt 0.186729 0.671160
vt 0.186729 0.673429
vt 0.186729 0.674563
vt 0.186729 0.675698
vt 0.186729 0.676832
vt 0.186729 0.677967
vt 0.186729 0.679101
vt 0.186729 0.680236
vt 0.188843 0.672294
vt 0.188843 0.671160
vt 0.188843 0.673429
vt 0.188843 0.674563
vt 0.188843 0.675698
vt 0.188843 0.676832
vt 0.188843 0.677967
vt 0.188843 0.679101
vt 0.188843 0.680236
vt 0.191007 0.672294
vt 0.191006 0.671160
vt 0.191007 0.673429
vt 0.191007 0.674563
vt 0.191007 0.675698
vt 0.191007 0.676832
vt 0.191007 0.677967
vt 0.191007 0.679101
vt 0.191007 0.680236
vt 0.193234 0.672294
vt 0.193233 0.671160
vt 0.193234 0.673428
vt 0.193234 0.674563
vt 0.193234 0.675697
vt 0.193234 0.676832
vt 0.193234 0.677966
vt 0.193234 0.679101
vt 0.193234 0.680235
vt 0.195378 0.672294
vt 0.195378 0.671159
vt 0.195378 0.673428
vt 0.195378 0.674563
vt 0.195378 0.675697
vt 0.195378 0.676832
vt 0.195378 0.677966
vt 0.195378 0.679101
vt 0.195378 0.680235
vt 0.197411 0.672294
vt 0.197411 0.671159
vt 0.197411 0.673428
vt 0.197411 0.674563
vt 0.197411 0.675697
vt 0.197411 0.676832
vt 0.197411 0.677966
vt 0.197412 0.679101
vt 0.197412 0.680235
vt 0.199399 0.672293
vt 0.199399 0.671159
vt 0.199399 0.673428
vt 0.199399 0.674562
vt 0.199399 0.675697
vt 0.199399 0.676831
vt 0.199399 0.677966
vt 0.199399 0.679101
vt 0.199399 0.680235
vt 0.201391 0.672293
vt 0.201391 0.671159
vt 0.201391 0.673428
vt 0.201391 0.674562
vt 0.201391 0.675697
vt 0.201391 0.676831
vt 0.201392 0.677966
vt 0.201392 0.679100
vt 0.201392 0.680235
vt 0.203427 0.672293
vt 0.203427 0.671159
vt 0.203427 0.673428
vt 0.203427 0.674562
vt 0.203427 0.675697
vt 0.203427 0.676831
vt 0.203427 0.677966
vt 0.203427 0.679100
vt 0.203427 0.680235
vt 0.205663 0.672293
vt 0.205663 0.671158
vt 0.205663 0.673427
vt 0.205663 0.674562
vt 0.205663 0.675696
vt 0.205664 0.676831
vt 0.205664 0.677966
vt 0.205664 0.679100
vt 0.205664 0.680234
vt 0.207844 0.672293
vt 0.207844 0.671158
vt 0.207844 0.673427
vt 0.207844 0.674562
vt 0.207844 0.675696
vt 0.207844 0.676831
vt 0.207845 0.677965
vt 0.207845 0.679100
vt 0.207845 0.680234
vt 0.209863 0.672293
vt 0.209863 0.671158
vt 0.209863 0.673427
vt 0.209863 0.674562
vt 0.209863 0.675696
vt 0.209863 0.676831
vt 0.209863 0.677965
vt 0.209863 0.679100
vt 0.209863 0.680234
vt 0.212281 0.672293
vt 0.212281 0.671158
vt 0.212281 0.673427
vt 0.212281 0.674562
vt 0.212281 0.675696
vt 0.212281 0.676830
vt 0.212281 0.677965
vt 0.212282 0.679100
vt 0.212282 0.680234
vt 0.214486 0.672292
vt 0.214486 0.671158
vt 0.214486 0.673427
vt 0.214486 0.674561
vt 0.214486 0.675696
vt 0.214486 0.676830
vt 0.214486 0.677965
vt 0.214487 0.679099
vt 0.214487 0.680234
vt 0.216654 0.672292
vt 0.216654 0.671158
vt 0.216654 0.673427
vt 0.216654 0.674561
vt 0.216654 0.675696
vt 0.216654 0.676830
vt 0.216654 0.677965
vt 0.216654 0.679099
vt 0.216655 0.680234
vt 0.218984 0.672292
vt 0.218984 0.671157
vt 0.218984 0.673427
vt 0.218984 0.674561
vt 0.218984 0.675696
vt 0.218984 0.676830
vt 0.218984 0.677965
vt 0.218984 0.679099
vt 0.218985 0.680233
vt 0.221305 0.672292
vt 0.221305 0.671157
vt 0.221305 0.673426
vt 0.221305 0.674561
vt 0.221305 0.675695
vt 0.221305 0.676830
vt 0.221305 0.677964
vt 0.221305 0.679099
vt 0.221305 0.680233
vt 0.223523 0.672292
vt 0.223523 0.671157
vt 0.223523 0.673426
vt 0.223524 0.674561
vt 0.223524 0.675695
vt 0.223524 0.676830
vt 0.223524 0.677964
vt 0.223524 0.679099
vt 0.223524 0.680233
vt 0.225705 0.672292
vt 0.225704 0.671157
vt 0.225705 0.673426
vt 0.225705 0.674561
vt 0.225705 0.675695
vt 0.225705 0.676829
vt 0.225705 0.677964
vt 0.225705 0.679099
vt 0.225705 0.680233
vt 0.227865 0.672291
vt 0.227865 0.671157
vt 0.227865 0.673426
vt 0.227865 0.674560
vt 0.227865 0.675695
vt 0.227865 0.676829
vt 0.227865 0.677964
vt 0.227865 0.679098
vt 0.227865 0.680233
vt 0.229863 0.672291
vt 0.229863 0.671157
vt 0.229863 0.673426
vt 0.229863 0.674560
vt 0.229863 0.675695
vt 0.229863 0.676829
vt 0.229863 0.677964
vt 0.229863 0.679098
vt 0.229863 0.680233
vt 0.231868 0.672291
vt 0.231868 0.671157
vt 0.231868 0.673426
vt 0.231869 0.674560
vt 0.231869 0.675695
vt 0.231869 0.676829
vt 0.231869 0.677964
vt 0.231869 0.679098
vt 0.231869 0.680233
vt 0.233868 0.672291
vt 0.233868 0.671156
vt 0.233868 0.673425
vt 0.233868 0.674560
vt 0.233868 0.675694
vt 0.233868 0.676829
vt 0.233868 0.677963
vt 0.233868 0.679098
vt 0.233868 0.680232
vt 0.235853 0.672291
vt 0.235853 0.671156
vt 0.235853 0.673425
vt 0.235853 0.674560
vt 0.235854 0.675694
vt 0.235854 0.676829
vt 0.235854 0.677963
vt 0.235854 0.679098
vt 0.235854 0.680232
vt 0.237826 0.672291
vt 0.237826 0.671156
vt 0.237826 0.673425
vt 0.237826 0.674560
vt 0.237826 0.675694
vt 0.237826 0.676829
vt 0.237827 0.677963
vt 0.237827 0.679098
vt 0.237827 0.680232
vt 0.239794 0.672290
vt 0.239794 0.671156
vt 0.239794 0.673425
vt 0.239794 0.674559
vt 0.239795 0.675694
vt 0.239795 0.676829
vt 0.239795 0.677963
vt 0.239795 0.679097
vt 0.239795 0.680232
vt 0.241762 0.672290
vt 0.241762 0.671156
vt 0.241762 0.673425
vt 0.241762 0.674559
vt 0.241762 0.675694
vt 0.241762 0.676828
vt 0.241762 0.677963
vt 0.241763 0.679097
vt 0.241763 0.680232
vt 0.243726 0.672290
vt 0.243726 0.671156
vt 0.243726 0.673425
vt 0.243726 0.674559
vt 0.243726 0.675694
vt 0.243727 0.676828
vt 0.243727 0.677963
vt 0.243727 0.679097
vt 0.243727 0.680232
vt 0.245688 0.672290
vt 0.245688 0.671156
vt 0.245688 0.673424
vt 0.245688 0.674559
vt 0.245688 0.675694
vt 0.245688 0.676828
vt 0.245688 0.677963
vt 0.245689 0.679097
vt 0.245689 0.680231
vt 0.247614 0.672290
vt 0.247614 0.671155
vt 0.247614 0.673424
vt 0.247614 0.674559
vt 0.247614 0.675693
vt 0.247614 0.676828
vt 0.247615 0.677962
vt 0.247615 0.679097
vt 0.247615 0.680231
vt 0.249550 0.672290
vt 0.249550 0.671155
vt 0.249550 0.673424
vt 0.249550 0.674559
vt 0.249551 0.675693
vt 0.249551 0.676828
vt 0.249551 0.677962
vt 0.249551 0.679097
vt 0.249551 0.680231
vt 0.251491 0.672290
vt 0.251491 0.671155
vt 0.251492 0.673424
vt 0.251492 0.674559
vt 0.251492 0.675693
vt 0.251492 0.676828
vt 0.251492 0.677962
vt 0.251492 0.679097
vt 0.251492 0.680231
vt 0.253441 0.672289
vt 0.253441 0.671155
vt 0.253441 0.673424
vt 0.253441 0.674558
vt 0.253441 0.675693
vt 0.253441 0.676827
vt 0.253441 0.677962
vt 0.253441 0.679096
vt 0.253441 0.680231
vt 0.255398 0.672289
vt 0.255398 0.671155
vt 0.255398 0.673424
vt 0.255398 0.674558
vt 0.255398 0.675693
vt 0.255398 0.676827
vt 0.255398 0.677962
vt 0.255398 0.679096
vt 0.255398 0.680231
vt 0.257359 0.672289
vt 0.257359 0.671155
vt 0.257360 0.673424
vt 0.257360 0.674558
vt 0.257360 0.675693
vt 0.257360 0.676827
vt 0.257360 0.677962
vt 0.257360 0.679096
vt 0.257360 0.680231
vt 0.259319 0.672289
vt 0.259318 0.671154
vt 0.259319 0.673424
vt 0.259319 0.674558
vt 0.259319 0.675692
vt 0.259319 0.676827
vt 0.259319 0.677962
vt 0.259319 0.679096
vt 0.259319 0.680230
vt 0.261274 0.672289
vt 0.261274 0.671154
vt 0.261274 0.673423
vt 0.261274 0.674558
vt 0.261274 0.675692
vt 0.261275 0.676827
vt 0.261275 0.677961
vt 0.261275 0.679096
vt 0.261275 0.680230
vt 0.263227 0.672289
vt 0.263227 0.671154
vt 0.263227 0.673423
vt 0.263227 0.674558
vt 0.263227 0.675692
vt 0.263227 0.676827
vt 0.263227 0.677961
vt 0.263227 0.679096
vt 0.263227 0.680230
vt 0.265176 0.672289
vt 0.265176 0.671154
vt 0.265176 0.673423
vt 0.265176 0.674558
vt 0.265176 0.675692
vt 0.265176 0.676827
vt 0.265176 0.677961
vt 0.265176 0.679096
vt 0.265177 0.680230
vt 0.267129 0.672288
vt 0.267128 0.671154
vt 0.267129 0.673423
vt 0.267129 0.674557
vt 0.267129 0.675692
vt 0.267129 0.676826
vt 0.267129 0.677961
vt 0.267129 0.679095
vt 0.267129 0.680230
vt 0.269088 0.672288
vt 0.269088 0.671154
vt 0.269088 0.673423
vt 0.269089 0.674557
vt 0.269089 0.675692
vt 0.269089 0.676826
vt 0.269089 0.677961
vt 0.269089 0.679095
vt 0.269089 0.680230
vt 0.271056 0.672288
vt 0.271056 0.671154
vt 0.271056 0.673423
vt 0.271056 0.674557
vt 0.271056 0.675692
vt 0.271057 0.676826
vt 0.271057 0.677961
vt 0.271057 0.679095
vt 0.271057 0.680230
vt 0.273031 0.672288
vt 0.273031 0.671153
vt 0.273031 0.673423
vt 0.273031 0.674557
vt 0.273031 0.675691
vt 0.273031 0.676826
vt 0.273032 0.677961
vt 0.273032 0.679095
vt 0.273032 0.680229
vt 0.275018 0.672288
vt 0.275018 0.671153
vt 0.275018 0.673422
vt 0.275018 0.674557
vt 0.275018 0.675691
vt 0.275018 0.676826
vt 0.275018 0.677960
vt 0.275018 0.679095
vt 0.275018 0.680229
vt 0.277016 0.672288
vt 0.277016 0.671153
vt 0.277016 0.673422
vt 0.277016 0.674557
vt 0.277016 0.675691
vt 0.277016 0.676826
vt 0.277016 0.677960
vt 0.277016 0.679095
vt 0.277016 0.680229
vt 0.279001 0.672288
vt 0.279001 0.671153
vt 0.279001 0.673422
vt 0.279001 0.674557
vt 0.279001 0.675691
vt 0.279002 0.676826
vt 0.279002 0.677960
vt 0.279002 0.679094
vt 0.279002 0.680229
vt 0.280970 0.672287
vt 0.280970 0.671153
vt 0.280970 0.673422
vt 0.280970 0.674556
vt 0.280970 0.675691
vt 0.280970 0.676825
vt 0.280970 0.677960
vt 0.280970 0.679094
vt 0.280970 0.680229
vt 0.282922 0.672287
vt 0.282922 0.671153
vt 0.282922 0.673422
vt 0.282922 0.674556
vt 0.282922 0.675691
vt 0.282922 0.676825
vt 0.282922 0.677960
vt 0.282922 0.679094
vt 0.282922 0.680229
vt 0.284930 0.672287
vt 0.284930 0.671153
vt 0.284930 0.673422
vt 0.284930 0.674556
vt 0.284931 0.675691
vt 0.284931 0.676825
vt 0.284931 0.677960
vt 0.284931 0.679094
vt 0.284931 0.680229
vt 0.287073 0.672287
vt 0.287073 0.671152
vt 0.287073 0.673421
vt 0.287073 0.674556
vt 0.287073 0.675690
vt 0.287074 0.676825
vt 0.287074 0.677960
vt 0.287074 0.679094
vt 0.287074 0.680228
vt 0.289553 0.672287
vt 0.289553 0.671152
vt 0.289553 0.673421
vt 0.289553 0.674556
vt 0.289553 0.675690
vt 0.289553 0.676825
vt 0.289553 0.677959
vt 0.289554 0.679094
vt 0.289554 0.680228
vt 0.291932 0.672287
vt 0.291932 0.671152
vt 0.291932 0.673421
vt 0.291932 0.674556
vt 0.291932 0.675690
vt 0.291932 0.676825
vt 0.291932 0.677959
vt 0.291932 0.679094
vt 0.291932 0.680228
vt 0.294283 0.672286
vt 0.294283 0.671152
vt 0.294283 0.673421
vt 0.294283 0.674555
vt 0.294283 0.675690
vt 0.294283 0.676824
vt 0.294283 0.677959
vt 0.294283 0.679093
vt 0.294283 0.680228
vt 0.296651 0.672286
vt 0.296651 0.671152
vt 0.296651 0.673421
vt 0.296651 0.674555
vt 0.296652 0.675690
vt 0.296652 0.676824
vt 0.296652 0.677959
vt 0.296652 0.679093
vt 0.296652 0.680228
vt 0.298932 0.672286
vt 0.298932 0.671152
vt 0.298933 0.673421
vt 0.298933 0.674555
vt 0.298933 0.675690
vt 0.298933 0.676824
vt 0.298933 0.677959
vt 0.298933 0.679093
vt 0.298933 0.680228
vt 0.301076 0.672286
vt 0.301076 0.671151
vt 0.301076 0.673420
vt 0.301077 0.674555
vt 0.301077 0.675689
vt 0.301077 0.676824
vt 0.301077 0.677958
vt 0.301077 0.679093
vt 0.301077 0.680227
vt 0.303305 0.672286
vt 0.303305 0.671151
vt 0.303305 0.673420
vt 0.303305 0.674555
vt 0.303305 0.675689
vt 0.303305 0.676824
vt 0.303305 0.677958
vt 0.303305 0.679093
vt 0.303305 0.680227
vt 0.305642 0.672286
vt 0.305642 0.671151
vt 0.305643 0.673420
vt 0.305643 0.674554
vt 0.305643 0.675689
vt 0.305643 0.676823
vt 0.305643 0.677958
vt 0.305643 0.679093
vt 0.305643 0.680227
vt 0.308007 0.672285
vt 0.308007 0.671151
vt 0.308007 0.673420
vt 0.308007 0.674554
vt 0.308007 0.675689
vt 0.308007 0.676823
vt 0.308007 0.677958
vt 0.308007 0.679092
vt 0.308007 0.680227
vt 0.310280 0.672285
vt 0.310279 0.671151
vt 0.310280 0.673420
vt 0.310280 0.674554
vt 0.310280 0.675689
vt 0.310280 0.676823
vt 0.310280 0.677958
vt 0.310280 0.679092
vt 0.310280 0.680227
vt 0.312375 0.672285
vt 0.312375 0.671151
vt 0.312375 0.673420
vt 0.312375 0.674554
vt 0.312375 0.675689
vt 0.312375 0.676823
vt 0.312375 0.677958
vt 0.312375 0.679092
vt 0.312375 0.680227
vt 0.314568 0.672285
vt 0.314568 0.671150
vt 0.314568 0.673419
vt 0.314568 0.674554
vt 0.314568 0.675688
vt 0.314568 0.676823
vt 0.314569 0.677957
vt 0.314569 0.679092
vt 0.314569 0.680226
vt 0.316662 0.672285
vt 0.316662 0.671150
vt 0.316662 0.673419
vt 0.316662 0.674554
vt 0.316662 0.675688
vt 0.316662 0.676823
vt 0.316662 0.677957
vt 0.316662 0.679092
vt 0.316662 0.680226
vt 0.318717 0.672285
vt 0.318717 0.671150
vt 0.318717 0.673419
vt 0.318717 0.674554
vt 0.318717 0.675688
vt 0.318718 0.676823
vt 0.318718 0.677957
vt 0.318718 0.679092
vt 0.318718 0.680226
vt 0.320748 0.672284
vt 0.320748 0.671150
vt 0.320749 0.673419
vt 0.320749 0.674553
vt 0.320749 0.675688
vt 0.320749 0.676822
vt 0.320749 0.677957
vt 0.320749 0.679091
vt 0.320749 0.680226
vt 0.322764 0.672284
vt 0.322764 0.671150
vt 0.322764 0.673419
vt 0.322765 0.674553
vt 0.322765 0.675688
vt 0.322765 0.676822
vt 0.322765 0.677957
vt 0.322765 0.679091
vt 0.322765 0.680226
vt 0.324767 0.672284
vt 0.324767 0.671150
vt 0.324768 0.673419
vt 0.324768 0.674553
vt 0.324768 0.675688
vt 0.324768 0.676822
vt 0.324768 0.677957
vt 0.324768 0.679091
vt 0.324768 0.680226
vt 0.326760 0.672284
vt 0.326760 0.671149
vt 0.326760 0.673419
vt 0.326760 0.674553
vt 0.326760 0.675688
vt 0.326760 0.676822
vt 0.326760 0.677956
vt 0.326760 0.679091
vt 0.326761 0.680225
vt 0.328741 0.672284
vt 0.328741 0.671149
vt 0.328741 0.673418
vt 0.328741 0.674553
vt 0.328741 0.675687
vt 0.328741 0.676822
vt 0.328741 0.677956
vt 0.328742 0.679091
vt 0.328742 0.680225
vt 0.330721 0.672284
vt 0.330721 0.671149
vt 0.330721 0.673418
vt 0.330721 0.674553
vt 0.330721 0.675687
vt 0.330721 0.676822
vt 0.330722 0.677956
vt 0.330722 0.679091
vt 0.330722 0.680225
vt 0.332704 0.672284
vt 0.332704 0.671149
vt 0.332704 0.673418
vt 0.332704 0.674553
vt 0.332704 0.675687
vt 0.332704 0.676822
vt 0.332704 0.677956
vt 0.332705 0.679090
vt 0.332705 0.680225
vt 0.334689 0.672283
vt 0.334689 0.671149
vt 0.334689 0.673418
vt 0.334689 0.674552
vt 0.334689 0.675687
vt 0.334689 0.676821
vt 0.334689 0.677956
vt 0.334689 0.679090
vt 0.334689 0.680225
vt 0.336678 0.672283
vt 0.336678 0.671149
vt 0.336679 0.673418
vt 0.336679 0.674552
vt 0.336679 0.675687
vt 0.336679 0.676821
vt 0.336679 0.677956
vt 0.336679 0.679090
vt 0.336679 0.680225
vt 0.338670 0.672283
vt 0.338670 0.671149
vt 0.338670 0.673418
vt 0.338670 0.674552
vt 0.338670 0.675687
vt 0.338671 0.676821
vt 0.338671 0.677956
vt 0.338671 0.679090
vt 0.338671 0.680225
vt 0.340666 0.672283
vt 0.340665 0.671148
vt 0.340666 0.673417
vt 0.340666 0.674552
vt 0.340666 0.675686
vt 0.340666 0.676821
vt 0.340666 0.677955
vt 0.340666 0.679090
vt 0.340666 0.680224
vt 0.342664 0.672283
vt 0.342663 0.671148
vt 0.342664 0.673417
vt 0.342664 0.674552
vt 0.342664 0.675686
vt 0.342664 0.676821
vt 0.342664 0.677955
vt 0.342664 0.679090
vt 0.342664 0.680224
vt 0.344665 0.672283
vt 0.344665 0.671148
vt 0.344666 0.673417
vt 0.344666 0.674552
vt 0.344666 0.675686
vt 0.344666 0.676821
vt 0.344666 0.677955
vt 0.344666 0.679090
vt 0.344666 0.680224
vt 0.346667 0.672282
vt 0.346667 0.671148
vt 0.346667 0.673417
vt 0.346667 0.674551
vt 0.346667 0.675686
vt 0.346667 0.676821
vt 0.346667 0.677955
vt 0.346668 0.679089
vt 0.346668 0.680224
vt 0.348669 0.672282
vt 0.348669 0.671148
vt 0.348669 0.673417
vt 0.348670 0.674551
vt 0.348670 0.675686
vt 0.348670 0.676820
vt 0.348670 0.677955
vt 0.348670 0.679089
vt 0.348670 0.680224
vt 0.350672 0.672282
vt 0.350672 0.671148
vt 0.350672 0.673417
vt 0.350672 0.674551
vt 0.350672 0.675686
vt 0.350672 0.676820
vt 0.350673 0.677955
vt 0.350673 0.679089
vt 0.350673 0.680224
vt 0.352675 0.672282
vt 0.352675 0.671148
vt 0.352676 0.673417
vt 0.352676 0.674551
vt 0.352676 0.675686
vt 0.352676 0.676820
vt 0.352676 0.677955
vt 0.352676 0.679089
vt 0.352676 0.680224
vt 0.354679 0.672282
vt 0.354679 0.671147
vt 0.354679 0.673416
vt 0.354679 0.674551
vt 0.354680 0.675685
vt 0.354680 0.676820
vt 0.354680 0.677954
vt 0.354680 0.679089
vt 0.354680 0.680223
vt 0.356684 0.672282
vt 0.356684 0.671147
vt 0.356684 0.673416
vt 0.356684 0.674551
vt 0.356684 0.675685
vt 0.356684 0.676820
vt 0.356684 0.677954
vt 0.356684 0.679089
vt 0.356685 0.680223
vt 0.358708 0.672282
vt 0.358708 0.671147
vt 0.358708 0.673416
vt 0.358708 0.674551
vt 0.358708 0.675685
vt 0.358708 0.676820
vt 0.358708 0.677954
vt 0.358708 0.679089
vt 0.358708 0.680223
vt 0.360735 0.672281
vt 0.360735 0.671147
vt 0.360736 0.673416
vt 0.360736 0.674550
vt 0.360736 0.675685
vt 0.360736 0.676819
vt 0.360736 0.677954
vt 0.360736 0.679088
vt 0.360736 0.680223
vt 0.362767 0.672281
vt 0.362767 0.671147
vt 0.362767 0.673416
vt 0.362767 0.674550
vt 0.362767 0.675685
vt 0.362767 0.676819
vt 0.362767 0.677954
vt 0.362767 0.679088
vt 0.362767 0.680223
vt 0.364802 0.672281
vt 0.364802 0.671147
vt 0.364802 0.673416
vt 0.364802 0.674550
vt 0.364802 0.675685
vt 0.364802 0.676819
vt 0.364803 0.677954
vt 0.364803 0.679088
vt 0.364803 0.680223
vt 0.366842 0.672281
vt 0.366842 0.671147
vt 0.366842 0.673416
vt 0.366842 0.674550
vt 0.366842 0.675684
vt 0.366842 0.676819
vt 0.366842 0.677953
vt 0.366842 0.679088
vt 0.366842 0.680222
vt 0.368885 0.672281
vt 0.368885 0.671146
vt 0.368885 0.673415
vt 0.368885 0.674550
vt 0.368885 0.675684
vt 0.368886 0.676819
vt 0.368886 0.677953
vt 0.368886 0.679088
vt 0.368886 0.680222
vt 0.370933 0.672281
vt 0.370933 0.671146
vt 0.370933 0.673415
vt 0.370933 0.674550
vt 0.370933 0.675684
vt 0.370933 0.676819
vt 0.370934 0.677953
vt 0.370934 0.679088
vt 0.370934 0.680222
vt 0.372974 0.672280
vt 0.372974 0.671146
vt 0.372974 0.673415
vt 0.372974 0.674549
vt 0.372974 0.675684
vt 0.372974 0.676819
vt 0.372974 0.677953
vt 0.372974 0.679088
vt 0.372974 0.680222
vt 0.374992 0.672280
vt 0.374992 0.671146
vt 0.374992 0.673415
vt 0.374992 0.674549
vt 0.374992 0.675684
vt 0.374992 0.676818
vt 0.374992 0.677953
vt 0.374992 0.679087
vt 0.374992 0.680222
vt 0.377041 0.672280
vt 0.377041 0.671146
vt 0.377041 0.673415
vt 0.377041 0.674549
vt 0.377041 0.675684
vt 0.377041 0.676818
vt 0.377041 0.677953
vt 0.377041 0.679087
vt 0.377041 0.680222
vt 0.379186 0.672280
vt 0.379186 0.671146
vt 0.379186 0.673415
vt 0.379186 0.674549
vt 0.379186 0.675684
vt 0.379186 0.676818
vt 0.379186 0.677953
vt 0.379186 0.679087
vt 0.379186 0.680222
vt 0.381257 0.672280
vt 0.381257 0.671145
vt 0.381257 0.673414
vt 0.381257 0.674549
vt 0.381257 0.675683
vt 0.381257 0.676818
vt 0.381257 0.677952
vt 0.381257 0.679087
vt 0.381257 0.680221
vt 0.383234 0.672280
vt 0.383234 0.671145
vt 0.383234 0.673414
vt 0.383234 0.674549
vt 0.383234 0.675683
vt 0.383235 0.676818
vt 0.383235 0.677952
vt 0.383235 0.679087
vt 0.383235 0.680221
vt 0.385170 0.672280
vt 0.385169 0.671145
vt 0.385170 0.673414
vt 0.385170 0.674549
vt 0.385170 0.675683
vt 0.385170 0.676818
vt 0.385170 0.677952
vt 0.385170 0.679087
vt 0.385170 0.680221
vt 0.387112 0.672279
vt 0.387112 0.671145
vt 0.387112 0.673414
vt 0.387112 0.674549
vt 0.387112 0.675683
vt 0.387112 0.676818
vt 0.387112 0.677952
vt 0.387112 0.679086
vt 0.387112 0.680221
vt 0.389072 0.672279
vt 0.389072 0.671145
vt 0.389072 0.673414
vt 0.389072 0.674548
vt 0.389072 0.675683
vt 0.389072 0.676817
vt 0.389072 0.677952
vt 0.389072 0.679086
vt 0.389072 0.680221
vt 0.391077 0.672279
vt 0.391077 0.671145
vt 0.391077 0.673414
vt 0.391078 0.674548
vt 0.391078 0.675683
vt 0.391078 0.676817
vt 0.391078 0.677952
vt 0.391078 0.679086
vt 0.391078 0.680221
vt 0.393523 0.672279
vt 0.393523 0.671145
vt 0.393523 0.673413
vt 0.393523 0.674548
vt 0.393523 0.675682
vt 0.393524 0.676817
vt 0.393524 0.677951
vt 0.393524 0.679086
vt 0.393524 0.680220
vn -0.0082 0.9917 0.1285
vn 0.0055 0.9917 0.1285
vn 0.0082 0.9917 -0.1285
vn 0.0082 -0.9917 0.1285
vn 0.0055 -0.9917 -0.1285
vn -0.0082 -0.9917 -0.1285
vn -0.9913 -0.1312 0.0059
vn -0.0081 -0.1267 0.9919
vn 0.0055 -0.1267 0.9919
vn 0.0081 0.1267 0.9919
vn 0.9913 0.1312 0.0059
vn 0.0081 -0.1267 -0.9919
vn 0.0055 0.1267 -0.9919
vn -0.0081 0.1267 -0.9919
vn -0.9912 -0.0058 -0.1321
vn 0.9912 -0.0058 0.1321
vn -0.9912 0.0058 0.1321
vn 0.9912 0.0058 -0.1321
vn -0.1271 0.2127 -0.9688
vn -0.1238 0.6029 -0.7882
vn -0.1238 0.6028 -0.7882
vn -0.1258 0.8806 -0.4569
vn -0.9788 0.1649 -0.1218
vn -0.8457 0.1911 -0.4982
vn -0.9304 0.0164 -0.3661
vn -0.9832 -0.1168 -0.1405
vn -0.1186 0.2499 -0.9610
vn -0.1222 0.9925 0.0018
vn -0.8529 0.4857 -0.1916
vn -0.9151 0.3740 -0.1509
vn -0.9832 0.1113 -0.1450
vn -0.9939 0.1103 -0.0004
vn -0.9842 -0.1312 -0.1186
vn -0.1234 0.1268 -0.9842
vn -0.9794 0.1187 0.1633
vn -0.9833 0.1388 -0.1177
vn -0.1202 0.9601 0.2525
vn -0.1208 -0.0024 0.9927
vn -0.8527 0.1891 0.4870
vn -0.9154 0.1484 0.3742
vn -0.9833 0.1439 0.1114
vn -0.9938 0.0001 0.1111
vn -0.1277 0.9682 0.2151
vn -0.1245 0.7840 0.6082
vn -0.1261 0.4514 0.8834
vn -0.1234 -0.1268 0.9842
vn -0.9843 0.1312 0.1185
vn -0.9938 -0.0058 0.1114
vn 0.1271 0.2127 0.9688
vn 0.1238 0.6029 0.7882
vn 0.1258 0.8806 0.4569
vn 0.9788 0.1649 0.1218
vn 0.9832 -0.1168 0.1405
vn 0.1186 0.2499 0.9610
vn 0.1222 0.9925 -0.0018
vn 0.8529 0.4857 0.1916
vn 0.9151 0.3740 0.1509
vn 0.9832 0.1113 0.1450
vn 0.9939 0.1103 0.0004
vn 0.9938 0.0121 0.1104
vn 0.9842 -0.1312 0.1186
vn 0.1234 0.1268 0.9842
vn 0.9794 0.1187 -0.1633
vn 0.9833 0.1388 0.1177
vn 0.1202 0.9601 -0.2525
vn 0.1208 -0.0024 -0.9927
vn 0.8527 0.1891 -0.4870
vn 0.9154 0.1484 -0.3742
vn 0.9833 0.1439 -0.1114
vn 0.9938 0.0001 -0.1111
vn 0.1277 0.9682 -0.2151
vn 0.1245 0.7840 -0.6082
vn 0.1261 0.4514 -0.8834
vn 0.1234 -0.1268 -0.9842
vn 0.9843 0.1312 -0.1185
vn 0.9938 -0.0058 -0.1114
vn -0.1242 0.9839 0.1286
vn -0.9842 0.1177 -0.1321
vn -0.1209 0.0024 -0.9927
vn -0.8526 -0.1892 -0.4871
vn -0.9152 -0.1497 -0.3742
vn -0.9833 -0.1439 -0.1116
vn -0.9938 -0.0001 -0.1111
vn -0.1269 -0.9686 -0.2136
vn -0.1238 -0.7859 -0.6058
vn -0.1257 -0.4532 -0.8825
vn -0.9789 -0.1209 -0.1647
vn -0.9832 -0.1393 0.1177
vn -0.1193 -0.9600 -0.2532
vn -0.9939 -0.1096 -0.0121
vn -0.9842 -0.1177 0.1321
vn -0.1242 -0.9839 -0.1286
vn -0.0107 0.8885 0.4587
vn -0.0118 0.6083 0.7936
vn -0.0107 0.2145 0.9767
vn -0.1217 -0.9926 -0.0025
vn -0.9159 -0.3719 0.1509
vn -0.9832 -0.1108 0.1449
vn -0.1261 -0.2108 0.9694
vn -0.1235 -0.6004 0.7901
vn -0.1262 -0.8798 0.4583
vn -0.9790 -0.1636 0.1218
vn -0.9832 0.1168 0.1403
vn -0.1185 -0.2499 0.9610
vn -0.0107 -0.4535 0.8912
vn -0.0118 -0.7894 0.6138
vn -0.0107 -0.9760 0.2174
vn 0.1242 0.9839 -0.1286
vn 0.9842 0.1177 0.1321
vn 0.1209 0.0024 0.9927
vn 0.9152 -0.1497 0.3742
vn 0.9833 -0.1439 0.1116
vn 0.9938 -0.0001 0.1111
vn 0.1269 -0.9686 0.2136
vn 0.1238 -0.7859 0.6058
vn 0.1257 -0.4532 0.8825
vn 0.9789 -0.1209 0.1647
vn 0.9832 -0.1393 -0.1177
vn 0.1193 -0.9600 0.2532
vn 0.9939 -0.1096 0.0121
vn 0.9842 -0.1177 -0.1321
vn 0.1242 -0.9839 0.1286
vn 0.0107 0.8885 -0.4587
vn 0.0118 0.6083 -0.7936
vn 0.0107 0.2145 -0.9767
vn 0.1217 -0.9926 0.0025
vn 0.9159 -0.3719 -0.1509
vn 0.9832 -0.1108 -0.1449
vn 0.1261 -0.2108 -0.9694
vn 0.1235 -0.6004 -0.7901
vn 0.1262 -0.8798 -0.4583
vn 0.9790 -0.1636 -0.1218
vn 0.9832 0.1168 -0.1403
vn 0.1185 -0.2499 -0.9610
vn 0.0107 -0.4535 -0.8912
vn 0.0118 -0.7894 -0.6138
vn 0.0107 -0.9760 -0.2174
vn 0.0055 0.2145 0.9767
vn 0.0055 0.6084 0.7936
vn 0.0055 0.8886 0.4587
vn 0.0055 0.9761 -0.2174
vn 0.0055 0.7894 -0.6138
vn 0.0055 0.4535 -0.8912
vn 0.0055 -0.2145 -0.9767
vn 0.0055 -0.6084 -0.7936
vn 0.0055 -0.8886 -0.4587
vn 0.0055 -0.9761 0.2174
vn 0.0055 -0.7894 0.6138
vn 0.0055 -0.4535 0.8912
vn -0.0107 0.9760 -0.2174
vn -0.0118 0.7894 -0.6138
vn -0.0107 0.4535 -0.8912
vn -0.0107 -0.2145 -0.9767
vn -0.0118 -0.6083 -0.7936
vn -0.0107 -0.8885 -0.4587
vn 0.0107 0.9760 0.2174
vn 0.0118 0.7894 0.6138
vn 0.0107 0.4535 0.8912
vn 0.0107 -0.2145 0.9767
vn 0.0118 -0.6083 0.7936
vn 0.0107 -0.8885 0.4587
vn -0.1243 0.9839 0.1286
vn -0.8607 0.4919 -0.1313
vn -0.9312 0.3646 -0.0059
vn -0.9842 0.1176 -0.1321
vn -0.9939 0.1096 0.0119
vn 0.1243 0.9839 -0.1286
vn 0.8607 0.4919 0.1313
vn 0.9312 0.3646 0.0059
vn 0.9842 0.1176 0.1321
vn 0.9939 0.1096 -0.0119
vn 0.9938 -0.1106 0.0059
vn 0.8549 -0.5019 0.1312
vn 0.9313 -0.3631 -0.0279
vn 0.9842 -0.1176 -0.1321
vn 0.1243 -0.9839 0.1286
vn -0.9938 -0.1106 -0.0059
vn -0.8549 -0.5019 -0.1312
vn -0.9313 -0.3631 0.0279
vn -0.9842 -0.1176 0.1321
vn -0.1243 -0.9839 -0.1286
vn -0.9938 0.0058 -0.1114
vn -0.9843 -0.1312 -0.1185
vn -0.9842 0.1312 0.1186
vn -0.9938 -0.0121 0.1104
vn 0.9938 0.0058 0.1114
vn 0.9843 -0.1312 0.1185
vn 0.9842 0.1312 -0.1186
vn 0.9938 -0.0121 -0.1104
vn -0.9912 -0.0059 -0.1320
vn -0.9914 -0.1309 -0.0085
vn 0.9914 0.1311 0.0060
vn 0.9912 0.0084 0.1319
vn 0.0055 1.0000 0.0022
vn 0.0055 0.2494 -0.9684
vn 0.0055 -0.9675 -0.2527
vn 0.0055 -0.0022 1.0000
vn 0.0090 0.9675 -0.2527
vn 0.0090 0.2494 0.9684
vn 0.0090 -1.0000 0.0022
vn 0.0090 -0.0022 -1.0000
vn -0.0201 0.9673 -0.2527
vn -0.0199 0.2493 0.9682
vn -0.0201 -0.9998 0.0022
vn -0.0199 -0.0022 -0.9998
vn -0.0090 0.9675 0.2527
vn 0.0055 0.9675 0.2527
vn 0.0201 0.9673 0.2527
vn 0.9912 -0.0059 0.1320
vn 0.9914 -0.1309 0.0085
vn 0.0090 -0.9675 0.2527
vn -0.0055 -0.9675 0.2527
vn -0.0201 -0.9673 0.2527
vn -0.9914 0.1311 -0.0060
vn -0.9912 0.0084 -0.1319
vn -0.9914 -0.1311 0.0060
vn -0.9912 -0.0084 0.1319
vn -0.9912 0.0059 0.1320
vn -0.9914 0.1310 0.0085
vn -0.0090 -0.2494 0.9684
vn 0.0055 -0.2494 0.9684
vn 0.0199 -0.2493 0.9682
vn 0.9914 -0.1311 -0.0060
vn 0.9912 -0.0084 -0.1319
vn 0.9912 0.0059 -0.1320
vn 0.9914 0.1310 -0.0085
vn 0.0090 -0.2494 -0.9684
vn -0.0055 -0.2494 -0.9684
vn -0.0199 -0.2493 -0.9682
vn -0.9913 0.1312 -0.0059
vn 0.9913 -0.1312 -0.0059
vn -0.8593 0.1301 0.4946
vn 0.8457 0.1911 0.4982
vn 0.8593 0.1301 -0.4946
vn -0.8471 -0.4953 -0.1927
vn 0.8471 -0.4953 0.1927
vn -0.8605 0.4922 -0.1313
vn -0.8480 0.4940 0.1919
vn 0.8605 0.4922 0.1313
vn 0.8480 0.4940 -0.1919
vn 0.8548 -0.5022 0.1312
vn 0.8538 -0.4844 -0.1908
vn -0.8548 -0.5022 -0.1312
vn -0.8538 -0.4844 0.1908
vn -0.8533 0.1301 -0.5049
vn -0.8535 0.1301 -0.5046
vn -0.8591 0.1301 0.4949
vn -0.8458 -0.1910 0.4980
vn 0.8533 0.1301 0.5049
vn 0.8535 0.1301 0.5046
vn 0.8592 0.1301 -0.4949
vn 0.8458 -0.1910 -0.4980
vn -0.8422 0.1248 -0.5245
vn -0.8376 0.5313 -0.1271
vn -0.8459 0.5189 0.1228
vn -0.8382 0.1230 0.5313
vn 0.8422 0.1248 0.5245
vn 0.8376 0.5313 0.1271
vn 0.8459 0.5189 -0.1228
vn 0.8382 0.1230 -0.5313
vn -0.8376 -0.1261 -0.5315
vn -0.7971 -0.4728 -0.3756
vn -0.8392 -0.5288 0.1272
vn -0.7966 -0.3727 0.4759
vn 0.8376 -0.1261 0.5315
vn 0.7971 -0.4728 0.3756
vn 0.8392 -0.5288 -0.1272
vn 0.7966 -0.3727 -0.4759
vn -0.3948 0.2004 -0.8966
vn -0.5926 0.1628 -0.7888
vn -0.5521 0.4692 -0.6892
vn -0.3366 0.4261 -0.8397
vn -0.3698 0.2437 -0.8966
vn -0.4121 0.0521 -0.9097
vn -0.6092 -0.0291 -0.7925
vn -0.3787 0.1274 -0.9167
vn -0.4113 -0.0057 -0.9115
vn -0.6193 -0.1285 -0.7746
vn -0.6122 0.7643 -0.2024
vn -0.3757 0.9079 -0.1862
vn -0.3331 0.8048 -0.4913
vn -0.5617 0.7174 -0.4121
vn -0.6107 0.7583 -0.2283
vn -0.6289 0.7762 -0.0444
vn -0.3733 0.9277 0.0091
vn -0.6219 0.7723 -0.1299
vn -0.6283 0.7780 0.0058
vn -0.3809 0.9156 0.1290
vn -0.6124 0.1980 0.7653
vn -0.3756 0.1823 0.9087
vn -0.3354 0.4853 0.8075
vn -0.5634 0.4059 0.7196
vn -0.6100 0.2246 0.7599
vn -0.6263 0.0432 0.7784
vn -0.3718 -0.0103 0.9283
vn -0.6196 0.1285 0.7744
vn -0.6256 -0.0057 0.7802
vn -0.3790 -0.1274 0.9166
vn 0.6122 0.7643 0.2024
vn 0.3757 0.9079 0.1862
vn 0.3331 0.8048 0.4913
vn 0.5617 0.7174 0.4121
vn 0.6107 0.7583 0.2283
vn 0.6289 0.7762 0.0444
vn 0.3733 0.9277 -0.0091
vn 0.6219 0.7723 0.1299
vn 0.6283 0.7780 -0.0058
vn 0.3809 0.9156 -0.1290
vn 0.6124 0.1980 -0.7653
vn 0.3756 0.1823 -0.9087
vn 0.3354 0.4853 -0.8075
vn 0.5634 0.4059 -0.7196
vn 0.6100 0.2246 -0.7599
vn 0.6263 0.0432 -0.7784
vn 0.3718 -0.0103 -0.9283
vn 0.6196 0.1285 -0.7744
vn 0.6256 -0.0057 -0.7802
vn 0.3790 -0.1274 -0.9166
vn -0.6123 -0.1995 -0.7651
vn -0.3756 -0.1851 -0.9081
vn -0.3343 -0.4882 -0.8062
vn -0.5623 -0.4089 -0.7187
vn -0.6099 -0.2246 -0.7600
vn -0.6263 -0.0432 -0.7784
vn -0.3717 0.0103 -0.9283
vn -0.6196 -0.1285 -0.7744
vn -0.3790 0.1274 -0.9166
vn 0.6123 -0.1995 0.7651
vn 0.3756 -0.1851 0.9081
vn 0.3343 -0.4882 0.8062
vn 0.5623 -0.4089 0.7187
vn 0.6263 -0.0432 0.7784
vn 0.3717 0.0103 0.9283
vn 0.6196 -0.1285 0.7744
vn 0.6256 0.0057 0.7802
vn 0.3790 0.1274 0.9166
vn -0.6221 0.7721 -0.1299
vn -0.6289 0.7755 0.0552
vn -0.3812 0.9155 0.1291
vn -0.6129 0.7896 -0.0307
vn -0.6136 0.7607 0.2115
vn -0.3732 0.8947 0.2455
vn 0.6221 0.7721 0.1299
vn 0.6289 0.7755 -0.0552
vn 0.3812 0.9155 -0.1291
vn 0.6129 0.7896 0.0307
vn 0.6136 0.7607 -0.2115
vn 0.3732 0.8947 -0.2455
vn 0.4137 -0.9104 -0.0057
vn 0.6219 -0.7723 -0.1299
vn 0.6289 -0.7754 0.0559
vn 0.3809 -0.9156 0.1290
vn 0.3809 -0.9156 0.1291
vn 0.3812 -0.9155 0.1291
vn 0.4145 -0.9078 -0.0636
vn 0.3740 -0.9274 0.0104
vn 0.3985 -0.8918 -0.2143
vn 0.6122 -0.7574 -0.2271
vn -0.4137 -0.9104 0.0057
vn -0.6219 -0.7723 0.1299
vn -0.6289 -0.7754 -0.0559
vn -0.3809 -0.9156 -0.1290
vn -0.3809 -0.9156 -0.1291
vn -0.3812 -0.9155 -0.1291
vn -0.4145 -0.9078 0.0636
vn -0.6221 -0.7721 0.1299
vn -0.3740 -0.9274 -0.0104
vn -0.3985 -0.8918 0.2143
vn -0.6122 -0.7574 0.2271
vn -0.6193 0.1285 0.7746
vn -0.6263 -0.0553 0.7777
vn -0.3787 -0.1274 0.9167
vn 0.3948 0.2004 0.8966
vn 0.5926 0.1628 0.7888
vn 0.5521 0.4692 0.6892
vn 0.3366 0.4261 0.8397
vn 0.3698 0.2437 0.8966
vn 0.4121 0.0521 0.9097
vn 0.6092 -0.0291 0.7925
vn 0.3787 0.1274 0.9167
vn 0.6193 -0.1285 0.7746
vn 0.6193 0.1285 -0.7746
vn 0.6263 -0.0553 -0.7777
vn 0.3787 -0.1274 -0.9167
vn -0.3971 -0.8954 -0.2014
vn -0.5953 -0.7871 -0.1614
vn -0.5542 -0.6868 -0.4703
vn -0.3387 -0.8378 -0.4282
vn -0.3718 -0.8949 -0.2468
vn -0.6120 -0.7903 0.0294
vn 0.3971 -0.8954 0.2014
vn 0.5953 -0.7871 0.1614
vn 0.5542 -0.6868 0.4703
vn 0.3387 -0.8378 0.4282
vn 0.3718 -0.8949 0.2468
vn 0.6120 -0.7903 -0.0294
vn -0.5976 0.7852 0.1622
vn -0.5561 0.6843 0.4716
vn -0.3404 0.8365 0.4294
vn 0.5976 0.7852 -0.1622
vn 0.5561 0.6843 -0.4716
vn 0.3404 0.8365 -0.4294
vn 0.3777 -0.9068 -0.1875
vn 0.3353 -0.8028 -0.4931
vn 0.5637 -0.7154 -0.4128
vn -0.3777 -0.9068 0.1875
vn -0.3353 -0.8028 0.4931
vn -0.5637 -0.7154 0.4128
vn -0.6093 0.0291 0.7924
vn -0.6089 -0.2099 0.7650
vn -0.3698 -0.2437 0.8966
vn -0.5928 -0.1596 0.7894
vn -0.5532 -0.4662 0.6904
vn -0.3374 -0.4236 0.8406
vn 0.6093 0.0291 -0.7924
vn 0.6089 -0.2099 -0.7650
vn 0.3698 -0.2437 -0.8966
vn 0.5928 -0.1596 -0.7894
vn 0.5532 -0.4662 -0.6904
vn 0.3374 -0.4236 -0.8406
vn -0.3366 0.7483 -0.5717
vn -0.5376 0.4958 -0.6820
vn -0.5419 0.6767 0.4985
vn -0.3389 0.5659 0.7516
vn 0.3366 0.7483 0.5717
vn 0.5376 0.4958 0.6820
vn 0.5419 0.6767 -0.4985
vn 0.3389 0.5659 -0.7516
vn -0.3378 -0.5688 -0.7499
vn -0.5398 -0.6795 -0.4969
vn -0.3383 -0.7459 0.5738
vn -0.5390 -0.4926 0.6832
vn 0.3378 -0.5688 0.7499
vn 0.5398 -0.6795 0.4969
vn 0.3383 -0.7459 -0.5738
vn 0.5390 -0.4926 -0.6832
vn -0.7924 0.1904 -0.5796
vn -0.6408 0.0421 -0.7666
vn -0.3893 0.2219 -0.8940
vn -0.1568 0.0570 -0.9860
vn -0.1519 0.9609 -0.2315
vn -0.3973 0.9161 -0.0534
vn -0.6191 0.7628 -0.1866
vn -0.8167 0.5763 -0.0306
vn -0.1533 0.2279 0.9615
vn -0.3949 0.0522 0.9172
vn -0.6196 0.1832 0.7632
vn -0.8147 0.0298 0.5790
vn 0.1519 0.9609 0.2315
vn 0.3973 0.9161 0.0534
vn 0.6191 0.7628 0.1866
vn 0.8167 0.5763 0.0306
vn 0.1533 0.2279 -0.9615
vn 0.3949 0.0522 -0.9172
vn 0.6196 0.1832 -0.7632
vn 0.8147 0.0298 -0.5790
vn -0.1532 -0.2290 -0.9613
vn -0.3949 -0.0522 -0.9172
vn -0.6194 -0.1849 -0.7630
vn -0.8147 -0.0298 -0.5790
vn 0.1532 -0.2290 0.9613
vn 0.3949 -0.0522 0.9172
vn 0.6194 -0.1849 0.7630
vn 0.8147 -0.0298 0.5790
vn -0.1574 0.9875 -0.0057
vn -0.3973 0.9154 0.0643
vn -0.6427 0.7661 -0.0058
vn -0.8167 0.5756 0.0417
vn 0.1574 0.9875 0.0057
vn 0.3973 0.9154 -0.0643
vn 0.6427 0.7661 0.0058
vn 0.8167 0.5756 -0.0417
vn 0.8161 -0.5779 0.0058
vn 0.6435 -0.7636 -0.0536
vn 0.3968 -0.9179 0.0057
vn 0.1579 -0.9851 -0.0687
vn -0.8161 -0.5779 -0.0058
vn -0.6435 -0.7636 0.0536
vn -0.3968 -0.9179 -0.0057
vn -0.1579 -0.9851 0.0687
vn -0.3944 -0.0057 0.9189
vn -0.8142 -0.0058 0.5806
vn 0.7924 0.1904 0.5796
vn 0.6408 0.0421 0.7666
vn 0.3893 0.2219 0.8940
vn 0.1568 0.0570 0.9860
vn 0.3944 -0.0057 -0.9189
vn 0.8142 -0.0058 -0.5806
vn -0.7943 -0.5769 -0.1905
vn -0.6435 -0.7643 -0.0426
vn -0.3914 -0.8926 -0.2236
vn -0.1579 -0.9858 -0.0578
vn 0.7943 -0.5769 0.1905
vn 0.6435 -0.7643 0.0426
vn 0.3914 -0.8926 0.2236
vn 0.1579 -0.9858 0.0578
vn -0.7965 0.5741 0.1898
vn -0.3936 0.8917 0.2236
vn 0.7965 0.5741 -0.1898
vn 0.3936 0.8917 -0.2236
vn 0.1542 -0.9604 -0.2320
vn 0.6218 -0.7606 -0.1869
vn -0.1542 -0.9604 0.2320
vn -0.6218 -0.7606 0.1869
vn -0.6400 -0.0057 -0.7683
vn -0.1563 -0.0056 -0.9877
vn -0.3949 -0.0640 0.9165
vn -0.8148 -0.0419 0.5783
vn -0.7926 -0.1888 0.5798
vn -0.3894 -0.2208 0.8942
vn -0.3894 -0.2209 0.8942
vn 0.6400 -0.0057 0.7683
vn 0.1563 -0.0056 0.9877
vn 0.3949 -0.0640 -0.9165
vn 0.8148 -0.0419 -0.5783
vn 0.7926 -0.1888 -0.5798
vn 0.3894 -0.2209 -0.8942
vn -0.1160 0.8356 -0.5370
vn -0.1150 0.5221 -0.8451
vn -0.7071 0.4736 -0.5251
vn -0.5322 0.7058 -0.4676
vn -0.3596 0.7928 0.4921
vn -0.7105 0.5194 0.4747
vn -0.5348 0.4617 0.7077
vn -0.1184 0.5313 0.8389
vn 0.1160 0.8356 0.5370
vn 0.1150 0.5221 0.8451
vn 0.7071 0.4736 0.5251
vn 0.5322 0.7058 0.4676
vn 0.7105 0.5194 -0.4747
vn 0.5348 0.4617 -0.7077
vn 0.1184 0.5313 -0.8389
vn -0.5334 -0.4648 -0.7067
vn -0.1176 -0.5335 -0.8376
vn -0.1162 -0.8430 -0.5252
vn -0.7088 -0.5225 -0.4739
vn -0.5344 -0.7031 0.4690
vn -0.1180 -0.8341 0.5389
vn -0.1158 -0.5199 0.8464
vn -0.7085 -0.4704 0.5261
vn 0.5334 -0.4648 0.7067
vn 0.1176 -0.5335 0.8376
vn 0.1162 -0.8430 0.5252
vn 0.7088 -0.5225 0.4739
vn 0.5344 -0.7031 -0.4690
vn 0.1180 -0.8341 -0.5389
vn 0.1158 -0.5199 -0.8464
vn 0.7085 -0.4704 -0.5261
vn -0.1680 0.9858 0.0057
vn -0.0167 0.9916 0.1285
vn 0.0786 0.9943 -0.0722
vn -0.0722 0.9891 -0.1285
vn -0.1693 0.9833 0.0663
vn -0.0761 0.9971 -0.0026
vn -0.1730 0.9563 0.2358
vn -0.0180 0.9674 0.2527
vn 0.1680 0.9858 -0.0057
vn 0.0167 0.9916 -0.1285
vn -0.0786 0.9943 0.0722
vn 0.0722 0.9891 0.1285
vn 0.1693 0.9833 -0.0663
vn 0.0761 0.9971 0.0026
vn 0.1730 0.9563 -0.2358
vn 0.0180 0.9674 -0.2527
vn 0.1680 -0.9858 0.0057
vn 0.0167 -0.9916 0.1285
vn -0.0786 -0.9943 -0.0722
vn 0.0722 -0.9891 -0.1285
vn 0.1693 -0.9833 0.0663
vn 0.0761 -0.9971 -0.0026
vn 0.1730 -0.9563 0.2358
vn 0.0180 -0.9674 0.2527
vn -0.1680 -0.9858 -0.0057
vn -0.0167 -0.9916 -0.1285
vn 0.0786 -0.9943 0.0722
vn -0.0722 -0.9891 0.1285
vn -0.1693 -0.9833 -0.0663
vn -0.0761 -0.9971 0.0026
vn -0.1730 -0.9563 -0.2358
vn -0.0180 -0.9674 -0.2527
vn -0.1668 -0.0056 0.9860
vn -0.0166 -0.1267 0.9918
vn 0.0780 0.0711 0.9944
vn -0.0717 0.1267 0.9893
vn -0.0717 0.1268 0.9893
vn -0.1682 -0.0654 0.9836
vn -0.0756 0.0025 0.9971
vn -0.1720 -0.2327 0.9572
vn -0.0179 -0.2494 0.9682
vn 0.1668 0.0056 0.9860
vn 0.0166 0.1267 0.9918
vn -0.0780 -0.0711 0.9944
vn 0.0717 -0.1267 0.9893
vn 0.0717 -0.1268 0.9893
vn 0.1682 0.0654 0.9836
vn 0.0756 -0.0025 0.9971
vn 0.1720 0.2327 0.9572
vn 0.0179 0.2494 0.9682
vn 0.1668 -0.0056 -0.9860
vn 0.0166 -0.1267 -0.9918
vn -0.0780 0.0711 -0.9944
vn 0.0717 0.1267 -0.9893
vn 0.0717 0.1268 -0.9893
vn 0.1682 -0.0654 -0.9836
vn 0.0756 0.0026 -0.9971
vn 0.1720 -0.2327 -0.9572
vn 0.0179 -0.2494 -0.9682
vn -0.1668 0.0056 -0.9860
vn -0.0166 0.1267 -0.9918
vn 0.0780 -0.0711 -0.9944
vn -0.0717 -0.1267 -0.9893
vn -0.0717 -0.1268 -0.9893
vn -0.1682 0.0654 -0.9836
vn -0.0756 -0.0026 -0.9971
vn -0.1720 0.2327 -0.9572
vn -0.0179 0.2494 -0.9682
vn -0.0179 -0.0022 0.9998
vn 0.0743 0.2410 0.9677
vn -0.0755 0.2490 0.9655
vn 0.0179 -0.0022 -0.9998
vn -0.0743 0.2410 -0.9677
vn 0.0755 0.2490 -0.9655
vn -0.0179 0.0022 -0.9998
vn 0.0743 -0.2410 -0.9677
vn -0.0755 -0.2490 -0.9655
vn 0.0179 0.0022 0.9998
vn -0.0743 -0.2410 0.9677
vn 0.0755 -0.2490 0.9655
vn 0.0181 0.9998 -0.0022
vn -0.0748 0.9668 0.2443
vn 0.0760 0.9646 0.2524
vn -0.0181 -0.9998 -0.0022
vn 0.0748 -0.9668 0.2443
vn -0.0760 -0.9646 0.2524
vn -0.0181 0.9998 0.0022
vn 0.0748 0.9668 -0.2443
vn -0.0760 0.9646 -0.2524
vn 0.0181 -0.9998 0.0022
vn -0.0748 -0.9668 -0.2443
vn 0.0760 -0.9646 -0.2524
vn 0.0205 0.9759 0.2174
vn -0.0693 0.8361 0.5442
vn 0.0833 0.8853 0.4575
vn 0.0219 0.7893 0.6136
vn -0.0692 0.5292 0.8457
vn 0.0876 0.6056 0.7909
vn 0.0204 0.4535 0.8910
vn 0.0831 0.2133 0.9734
vn -0.0204 0.2145 0.9765
vn 0.0691 0.5387 0.8396
vn -0.0830 0.4524 0.8880
vn -0.0219 0.6082 0.7935
vn 0.0694 0.8423 0.5346
vn -0.0878 0.7867 0.6110
vn -0.0205 0.8884 0.4586
vn -0.0837 0.9728 0.2162
vn 0.0204 0.2145 -0.9765
vn -0.0691 0.5387 -0.8396
vn 0.0830 0.4524 -0.8880
vn 0.0219 0.6082 -0.7935
vn -0.0694 0.8423 -0.5346
vn 0.0878 0.7867 -0.6110
vn 0.0205 0.8884 -0.4586
vn 0.0837 0.9728 -0.2162
vn -0.0205 0.9759 -0.2174
vn 0.0693 0.8361 -0.5442
vn -0.0833 0.8853 -0.4575
vn -0.0219 0.7893 -0.6136
vn 0.0692 0.5292 -0.8457
vn -0.0876 0.6056 -0.7909
vn -0.0204 0.4535 -0.8910
vn -0.0831 0.2133 -0.9734
vn 0.0205 -0.9759 -0.2174
vn -0.0693 -0.8361 -0.5442
vn 0.0833 -0.8853 -0.4575
vn 0.0219 -0.7893 -0.6136
vn -0.0692 -0.5292 -0.8457
vn 0.0876 -0.6056 -0.7909
vn 0.0204 -0.4535 -0.8910
vn 0.0831 -0.2133 -0.9734
vn -0.0204 -0.2145 -0.9765
vn 0.0691 -0.5387 -0.8396
vn -0.0830 -0.4524 -0.8880
vn -0.0219 -0.6082 -0.7935
vn 0.0694 -0.8423 -0.5346
vn -0.0878 -0.7867 -0.6110
vn -0.0205 -0.8884 -0.4586
vn -0.0837 -0.9728 -0.2162
vn 0.0204 -0.2145 0.9765
vn -0.0691 -0.5387 0.8396
vn 0.0830 -0.4524 0.8880
vn 0.0219 -0.6082 0.7935
vn -0.0694 -0.8423 0.5346
vn 0.0878 -0.7867 0.6110
vn 0.0205 -0.8884 0.4586
vn 0.0837 -0.9728 0.2162
vn -0.0205 -0.9759 0.2174
vn 0.0693 -0.8361 0.5442
vn -0.0833 -0.8853 0.4575
vn -0.0219 -0.7893 0.6136
vn 0.0692 -0.5292 0.8457
vn -0.0876 -0.6056 0.7909
vn -0.0204 -0.4535 0.8910
vn -0.0831 -0.2133 0.9734
vn 0.0328 0.0700 0.9970
vn -0.2101 -0.0056 0.9777
vn 0.1232 0.0680 0.9900
vn -0.1232 -0.0056 0.9924
vn 0.2126 0.0585 0.9754
vn -0.0356 -0.0056 0.9994
vn -0.0328 0.0700 -0.9970
vn 0.2101 -0.0056 -0.9777
vn -0.1232 0.0680 -0.9900
vn 0.1232 -0.0056 -0.9924
vn -0.2126 0.0585 -0.9754
vn 0.0356 -0.0056 -0.9994
vn -0.1232 -0.0680 0.9900
vn -0.2126 -0.0585 0.9754
vn 0.0328 -0.0700 -0.9970
vn 0.1232 -0.0680 -0.9900
vn 0.2126 -0.0585 -0.9754
vn -0.0328 -0.0700 0.9970
vn -0.0330 0.9969 0.0709
vn 0.2115 0.9774 -0.0057
vn -0.1241 0.9899 0.0689
vn 0.1241 0.9923 -0.0057
vn -0.2141 0.9750 0.0593
vn 0.0358 0.9993 -0.0057
vn 0.0330 -0.9969 0.0709
vn -0.2115 -0.9774 -0.0057
vn 0.1241 -0.9899 0.0689
vn -0.1241 -0.9923 -0.0057
vn 0.2141 -0.9750 0.0593
vn -0.0358 -0.9993 -0.0057
vn 0.0330 0.9969 -0.0709
vn 0.1241 0.9899 -0.0689
vn 0.2141 0.9750 -0.0593
vn -0.0330 -0.9969 -0.0709
vn -0.1241 -0.9899 -0.0689
vn -0.2141 -0.9750 -0.0593
vn 0.1235 0.5344 0.8361
vn -0.1233 0.2255 0.9664
vn 0.1239 0.8388 0.5302
vn 0.1241 0.9656 0.2285
vn 0.1239 0.8326 -0.5398
vn -0.1241 0.9656 -0.2285
vn 0.1235 0.5249 -0.8422
vn 0.1233 0.2255 -0.9664
vn 0.1235 -0.5344 -0.8361
vn 0.1239 -0.8388 -0.5302
vn 0.1241 -0.9656 -0.2285
vn 0.1239 -0.8326 0.5398
vn -0.1241 -0.9656 0.2285
vn 0.1235 -0.5249 0.8422
vn 0.1233 -0.2255 0.9664
vn 0.1241 0.9629 -0.2396
vn 0.1233 0.2365 0.9638
vn -0.1241 -0.9629 -0.2397
vn -0.1233 0.2365 -0.9638
vn 0.2213 0.9489 -0.2248
vn -0.0253 0.2384 -0.9708
vn -0.0255 -0.9700 -0.2416
vn 0.2200 0.2218 0.9499
vn 0.0255 0.9700 -0.2416
vn 0.0253 0.2384 0.9708
vn -0.2213 -0.9489 -0.2248
vn -0.2200 0.2218 -0.9499
vn -0.2213 0.9489 0.2248
vn -0.1241 0.9629 0.2396
vn -0.0255 0.9700 0.2416
vn 0.2213 -0.9489 0.2248
vn 0.1241 -0.9629 0.2396
vn 0.0255 -0.9700 0.2416
vn -0.2200 -0.2218 0.9499
vn -0.1233 -0.2365 0.9638
vn -0.0253 -0.2384 0.9708
vn 0.2200 -0.2218 -0.9499
vn 0.1233 -0.2365 -0.9638
vn 0.0253 -0.2384 -0.9708
vn -0.1239 0.8326 0.5398
vn -0.1235 0.5344 -0.8361
vn -0.1239 -0.8326 -0.5398
vn -0.1235 -0.5344 0.8361
vn -0.2317 0.8197 0.5239
vn -0.2308 0.5091 0.8292
vn 0.0147 0.8398 -0.5427
vn 0.0148 0.5277 -0.8493
vn 0.0146 -0.5373 -0.8433
vn 0.0149 -0.8459 -0.5331
vn -0.2310 -0.5187 0.8232
vn -0.2315 -0.8258 0.5142
vn 0.2317 0.8197 -0.5239
vn 0.2308 0.5091 -0.8292
vn -0.0147 0.8398 0.5427
vn -0.0148 0.5277 0.8493
vn -0.0146 -0.5373 0.8433
vn -0.0149 -0.8459 0.5331
vn 0.2310 -0.5187 -0.8232
vn 0.2315 -0.8258 -0.5142
vn 0.1542 0.9880 -0.0057
vn 0.0098 0.9917 -0.1285
vn -0.0929 0.9931 0.0710
vn 0.0513 0.9904 0.1285
vn 0.0514 0.9904 0.1285
vn 0.1552 0.9856 -0.0671
vn 0.0540 0.9985 0.0024
vn 0.0103 0.9675 -0.2527
vn -0.1542 0.9880 0.0057
vn -0.0098 0.9917 0.1285
vn 0.0929 0.9931 -0.0710
vn -0.0513 0.9904 -0.1285
vn -0.1552 0.9856 0.0671
vn -0.0540 0.9985 -0.0024
vn -0.1572 0.9585 0.2378
vn -0.0103 0.9675 0.2527
vn -0.1542 -0.9880 -0.0057
vn -0.0098 -0.9917 -0.1285
vn 0.0929 -0.9931 0.0710
vn -0.0513 -0.9904 0.1285
vn -0.0514 -0.9904 0.1285
vn -0.1552 -0.9856 -0.0671
vn -0.0540 -0.9985 0.0024
vn -0.1575 -0.9585 -0.2375
vn -0.0104 -0.9675 -0.2527
vn 0.1542 -0.9880 0.0057
vn 0.0098 -0.9917 0.1285
vn -0.0929 -0.9931 -0.0710
vn 0.0513 -0.9904 -0.1285
vn 0.1552 -0.9856 0.0671
vn 0.0540 -0.9985 -0.0024
vn 0.1575 -0.9585 0.2375
vn 0.0104 -0.9675 0.2527
vn 0.1532 0.0056 0.9882
vn 0.0097 0.1267 0.9919
vn -0.0923 -0.0701 0.9933
vn 0.0510 -0.1267 0.9906
vn 0.1541 0.0661 0.9858
vn 0.0536 -0.0024 0.9986
vn 0.1565 0.2342 0.9595
vn 0.0104 0.2494 0.9684
vn -0.1532 -0.0056 0.9882
vn -0.0097 -0.1267 0.9919
vn 0.0923 0.0701 0.9933
vn -0.0510 0.1267 0.9906
vn -0.1541 -0.0661 0.9858
vn -0.0536 0.0024 0.9986
vn -0.1565 -0.2344 0.9595
vn -0.0104 -0.2494 0.9684
vn -0.1532 0.0056 -0.9882
vn -0.0097 0.1267 -0.9919
vn 0.0923 -0.0701 -0.9933
vn -0.0510 -0.1267 -0.9906
vn -0.1541 0.0661 -0.9858
vn -0.0536 -0.0024 -0.9986
vn -0.1565 0.2342 -0.9595
vn -0.0104 0.2494 -0.9684
vn 0.1532 -0.0056 -0.9882
vn 0.0097 -0.1267 -0.9919
vn -0.0923 0.0701 -0.9933
vn 0.0510 0.1267 -0.9906
vn 0.1541 -0.0661 -0.9858
vn 0.0536 0.0024 -0.9986
vn 0.1565 -0.2344 -0.9595
vn 0.0104 -0.2494 -0.9684
vn -0.0103 -0.0022 0.9999
vn 0.0902 0.2392 0.9668
vn -0.0536 0.2492 0.9670
vn 0.0103 -0.0022 -0.9999
vn -0.0902 0.2392 -0.9668
vn 0.0536 0.2492 -0.9670
vn 0.0103 0.0022 0.9999
vn -0.0902 -0.2390 0.9668
vn 0.0536 -0.2492 0.9670
vn -0.0103 0.0022 -0.9999
vn 0.0902 -0.2390 -0.9668
vn -0.0536 -0.2492 -0.9670
vn 0.0105 0.9999 -0.0022
vn -0.0905 0.9659 0.2426
vn 0.0539 0.9661 0.2525
vn -0.0104 -0.9999 -0.0022
vn 0.0908 -0.9660 0.2422
vn -0.0539 -0.9661 0.2525
vn -0.0105 0.9999 0.0022
vn 0.0905 0.9659 -0.2426
vn -0.0539 0.9661 -0.2525
vn 0.0104 -0.9999 0.0022
vn -0.0908 -0.9660 -0.2422
vn 0.0539 -0.9661 -0.2525
vn 0.0110 0.2145 -0.9767
vn -0.0875 0.5374 -0.8388
vn 0.0584 0.4530 -0.8896
vn 0.0114 0.6083 -0.7936
vn -0.0878 0.8414 -0.5332
vn 0.0616 0.7881 -0.6124
vn 0.0110 0.8885 -0.4587
vn 0.0589 0.9744 -0.2168
vn 0.0118 0.9760 0.2174
vn -0.0871 0.8353 0.5428
vn 0.0589 0.8870 0.4581
vn 0.0124 0.7894 0.6138
vn -0.0869 0.5279 0.8449
vn 0.0618 0.6070 0.7923
vn 0.0117 0.4535 0.8912
vn 0.0587 0.2139 0.9751
vn -0.0110 0.2145 0.9767
vn 0.0875 0.5374 0.8388
vn -0.0584 0.4530 0.8896
vn -0.0114 0.6083 0.7936
vn 0.0878 0.8414 0.5332
vn -0.0616 0.7881 0.6124
vn -0.0110 0.8885 0.4587
vn -0.0589 0.9744 0.2168
vn -0.0118 0.9760 -0.2174
vn 0.0871 0.8353 -0.5428
vn -0.0589 0.8870 -0.4581
vn -0.0124 0.7894 -0.6138
vn 0.0869 0.5279 -0.8449
vn -0.0618 0.6070 -0.7923
vn -0.0117 0.4535 -0.8912
vn -0.0587 0.2139 -0.9751
vn 0.0113 -0.9762 -0.2168
vn -0.0875 -0.8356 -0.5423
vn 0.0588 -0.8870 -0.4581
vn 0.0119 -0.7902 -0.6127
vn -0.0871 -0.5284 -0.8445
vn 0.0617 -0.6070 -0.7923
vn 0.0114 -0.4541 -0.8909
vn 0.0586 -0.2139 -0.9751
vn 0.0113 -0.2139 0.9768
vn -0.0873 -0.5369 0.8391
vn 0.0585 -0.4530 0.8896
vn 0.0119 -0.6073 0.7944
vn -0.0874 -0.8411 0.5338
vn 0.0618 -0.7881 0.6124
vn 0.0115 -0.8882 0.4592
vn 0.0590 -0.9744 0.2168
vn -0.0113 -0.9762 0.2168
vn 0.0875 -0.8356 0.5423
vn -0.0588 -0.8870 0.4581
vn -0.0119 -0.7902 0.6127
vn 0.0871 -0.5284 0.8445
vn -0.0617 -0.6070 0.7923
vn -0.0114 -0.4541 0.8909
vn -0.0586 -0.2139 0.9751
vn -0.0113 -0.2139 -0.9768
vn 0.0873 -0.5369 -0.8391
vn -0.0585 -0.4530 -0.8896
vn -0.0119 -0.6073 -0.7944
vn 0.0874 -0.8411 -0.5338
vn -0.0618 -0.7881 -0.6124
vn -0.0115 -0.8882 -0.4592
vn -0.0590 -0.9744 -0.2168
vn 0.1848 0.0611 0.9809
vn -0.0631 -0.0056 0.9980
vn 0.0612 0.0689 0.9957
vn -0.1830 -0.0056 0.9831
vn -0.1848 0.0611 -0.9809
vn 0.0631 -0.0056 -0.9980
vn -0.0612 0.0689 -0.9957
vn 0.1830 -0.0056 -0.9831
vn -0.0612 -0.0689 0.9957
vn 0.1848 -0.0611 -0.9809
vn 0.0612 -0.0689 -0.9957
vn -0.1848 -0.0611 0.9809
vn -0.1860 0.9806 0.0619
vn 0.0636 0.9980 -0.0057
vn -0.0617 0.9956 0.0699
vn 0.1842 0.9829 -0.0057
vn 0.1860 -0.9806 0.0619
vn -0.0636 -0.9980 -0.0057
vn 0.0617 -0.9956 0.0699
vn -0.1842 -0.9829 -0.0057
vn 0.1860 0.9806 -0.0619
vn 0.0617 0.9956 -0.0699
vn -0.1860 -0.9806 -0.0619
vn -0.0617 -0.9956 -0.0699
vn -0.1261 0.5358 -0.8348
vn 0.1224 0.2250 -0.9666
vn -0.1265 0.8375 -0.5316
vn -0.1249 0.9661 -0.2257
vn -0.1252 0.8314 0.5414
vn 0.1236 0.9660 0.2271
vn -0.1248 0.5265 0.8410
vn -0.1237 0.2229 0.9669
vn 0.1261 0.5358 0.8348
vn -0.1224 0.2250 0.9666
vn 0.1265 0.8375 0.5316
vn 0.1249 0.9661 0.2257
vn 0.1252 0.8314 -0.5414
vn -0.1236 0.9660 -0.2271
vn 0.1248 0.5265 -0.8410
vn 0.1237 0.2229 -0.9669
vn -0.1261 -0.8322 -0.5399
vn 0.1232 -0.9660 -0.2274
vn -0.1252 -0.5278 -0.8401
vn -0.1237 -0.2235 -0.9668
vn -0.1257 -0.5346 0.8357
vn 0.1224 -0.2244 0.9668
vn -0.1256 -0.8367 0.5331
vn -0.1245 -0.9660 0.2265
vn 0.1261 -0.8322 0.5399
vn -0.1232 -0.9660 0.2274
vn 0.1252 -0.5278 0.8401
vn 0.1237 -0.2235 0.9668
vn 0.1257 -0.5346 -0.8357
vn -0.1224 -0.2244 -0.9668
vn 0.1256 -0.8367 -0.5331
vn 0.1245 -0.9660 -0.2265
vn -0.1232 0.0568 0.9908
vn 0.1232 0.0569 -0.9907
vn 0.1241 -0.9906 -0.0577
vn -0.1241 0.9906 -0.0577
vn -0.1241 0.9906 -0.0576
vn 0.1232 0.0568 -0.9908
vn 0.1241 -0.9906 -0.0576
vn -0.1232 0.0569 0.9907
vn 0.0565 0.9690 -0.2404
vn 0.0561 0.2373 0.9698
vn -0.1910 -0.9545 -0.2288
vn -0.1899 0.2258 -0.9555
vn 0.1910 0.9545 -0.2289
vn -0.0561 0.2373 -0.9698
vn -0.0565 -0.9690 -0.2404
vn 0.1899 0.2258 0.9555
vn 0.1241 0.9906 0.0576
vn -0.0565 0.9690 0.2404
vn -0.1910 0.9545 0.2289
vn 0.1241 0.9906 0.0577
vn -0.1241 -0.9906 0.0577
vn 0.0565 -0.9690 0.2404
vn 0.1910 -0.9545 0.2288
vn -0.1241 -0.9906 0.0576
vn 0.1232 -0.0569 0.9907
vn -0.0561 -0.2372 0.9698
vn -0.1899 -0.2258 0.9555
vn 0.1232 -0.0568 0.9908
vn -0.1232 -0.0569 -0.9907
vn 0.0561 -0.2372 -0.9698
vn 0.1899 -0.2258 -0.9555
vn -0.1232 -0.0568 -0.9908
vn 0.1976 0.5236 0.8288
vn -0.0489 0.8391 0.5418
vn 0.1981 -0.8252 0.5289
vn -0.0488 -0.5363 0.8426
vn -0.1976 0.5236 -0.8288
vn 0.0489 0.8391 -0.5418
vn -0.1981 -0.8252 -0.5289
vn 0.0488 -0.5363 -0.8426
vn 0.1981 0.8252 -0.5289
vn 0.1974 0.5140 -0.8348
vn 0.1976 -0.5237 -0.8287
vn 0.1980 -0.8314 -0.5192
vn -0.1981 0.8252 0.5289
vn -0.1974 0.5140 0.8348
vn -0.1976 -0.5237 0.8287
vn -0.1980 -0.8314 0.5192
vn -1.0000 0.0000 -0.0000
vn 1.0000 0.0000 -0.0000
vn -0.5565 0.7142 -0.4245
vn -0.5565 0.4245 -0.7142
vn -0.8497 0.3729 -0.3729
vn -0.5596 0.7130 0.4226
vn -0.8521 0.3700 0.3700
vn -0.5596 0.4226 0.7130
vn 0.5565 0.7142 0.4245
vn 0.5565 0.4245 0.7142
vn 0.8497 0.3729 0.3729
vn 0.5596 0.7130 -0.4226
vn 0.8521 0.3700 -0.3700
vn 0.5596 0.4226 -0.7130
vn -0.8509 -0.3732 -0.3696
vn -0.5585 -0.4258 -0.7119
vn -0.5576 -0.7153 -0.4213
vn -0.8509 -0.3697 0.3732
vn -0.5585 -0.7119 0.4258
vn -0.5576 -0.4213 0.7153
vn 0.8509 -0.3732 0.3696
vn 0.5585 -0.4258 0.7119
vn 0.5576 -0.7153 0.4213
vn 0.8509 -0.3697 -0.3732
vn 0.5585 -0.7119 -0.4258
vn 0.5576 -0.4213 -0.7153
vn 0.8526 -0.1892 0.4871
vn 0.6099 -0.2246 0.7600
vn 0.6221 -0.7721 -0.1299
vn 0.3596 0.7928 -0.4921
vn -0.1233 -0.2255 -0.9664
vn 0.1572 0.9585 -0.2378
vn -0.9952 0.0692 -0.0692
vn -0.9070 0.1033 -0.4084
vn -0.9052 0.0170 -0.4246
vn -0.9972 0.0029 -0.0746
vn -0.9070 0.4084 -0.1033
vn -0.9972 0.0746 -0.0029
vn -0.9052 0.4246 -0.0170
vn -0.9078 0.1017 0.4069
vn -0.9953 0.0688 0.0688
vn -0.9972 0.0028 0.0745
vn -0.9053 0.0168 0.4243
vn 0.9070 0.4084 0.1033
vn 0.9952 0.0692 0.0692
vn 0.9972 0.0746 0.0029
vn 0.9052 0.4246 0.0170
vn 0.9078 0.1017 -0.4069
vn 0.9953 0.0688 -0.0688
vn 0.9972 0.0028 -0.0745
vn 0.9053 0.0168 -0.4243
vn -0.9077 -0.1026 -0.4070
vn -0.9952 -0.0691 -0.0690
vn -0.9972 -0.0028 -0.0745
vn -0.9053 -0.0168 -0.4243
vn 0.9077 -0.1026 0.4070
vn 0.9952 -0.0691 0.0690
vn 0.9972 -0.0028 0.0745
vn 0.9053 -0.0168 0.4243
vn -0.9084 0.4180 -0.0000
vn -0.9974 0.0723 -0.0000
vn -0.9972 0.0745 0.0028
vn -0.9053 0.4244 0.0168
vn 0.9084 0.4180 0.0000
vn 0.9974 0.0723 0.0000
vn 0.9972 0.0745 -0.0028
vn 0.9053 0.4244 -0.0168
vn 0.9974 -0.0723 0.0000
vn 0.9084 -0.4180 0.0000
vn 0.9053 -0.4243 -0.0168
vn 0.9972 -0.0745 -0.0028
vn -0.9974 -0.0723 -0.0000
vn -0.9084 -0.4180 -0.0000
vn -0.9053 -0.4243 0.0168
vn -0.9972 -0.0745 0.0028
vn 0.9972 0.0029 0.0746
vn -0.9972 -0.0746 -0.0029
vn -0.9972 -0.0029 0.0745
vn -0.9952 -0.0690 0.0691
vn 0.9972 -0.0746 0.0029
vn 0.9972 -0.0029 -0.0745
vn 0.9952 -0.0690 -0.0691
vn -0.9974 0.0000 -0.0723
vn -0.9974 -0.0000 0.0723
vn 0.9974 0.0000 0.0723
vn 0.9974 -0.0000 -0.0723
vn -0.9084 -0.0000 0.4180
vn 0.9070 0.1033 0.4084
vn 0.9052 0.0170 0.4246
vn 0.9084 -0.0000 -0.4180
vn -0.9071 -0.4083 -0.1024
vn -0.9052 -0.4246 -0.0170
vn 0.9071 -0.4083 0.1024
vn 0.9052 -0.4246 0.0170
vn -0.9078 0.4069 0.1018
vn 0.9078 0.4069 -0.1018
vn 0.9077 -0.4070 -0.1026
vn -0.9077 -0.4070 0.1026
vn -0.9084 0.0000 -0.4180
vn -0.9052 -0.0170 0.4246
vn -0.9071 -0.1024 0.4083
vn 0.9084 0.0000 0.4180
vn 0.9052 -0.0170 -0.4246
vn 0.9071 -0.1024 -0.4083
vn -0.4044 0.1747 -0.8977
vn -0.6397 0.1521 -0.7534
vn -0.5565 0.4245 -0.7143
vn -0.3560 0.4789 -0.8024
vn -0.4102 0.0378 -0.9112
vn -0.6481 0.0313 -0.7609
vn -0.4128 -0.0000 -0.9108
vn -0.6514 -0.0000 -0.7587
vn -0.6397 0.7534 -0.1521
vn -0.4044 0.8977 -0.1746
vn -0.3560 0.8024 -0.4790
vn -0.5565 0.7143 -0.4245
vn -0.6481 0.7609 -0.0312
vn -0.4102 0.9112 -0.0378
vn -0.6514 0.7587 -0.0000
vn -0.4128 0.9108 -0.0000
vn -0.6413 0.1502 0.7525
vn -0.4065 0.1727 0.8972
vn -0.3597 0.4775 0.8016
vn -0.6483 0.0309 0.7607
vn -0.4106 0.0374 0.9111
vn -0.6514 0.0000 0.7587
vn -0.4128 0.0000 0.9108
vn 0.6397 0.7534 0.1521
vn 0.4044 0.8977 0.1746
vn 0.3560 0.8024 0.4790
vn 0.5565 0.7143 0.4245
vn 0.6481 0.7609 0.0312
vn 0.4102 0.9112 0.0378
vn 0.6514 0.7587 0.0000
vn 0.4128 0.9108 0.0000
vn 0.6413 0.1502 -0.7525
vn 0.4065 0.1727 -0.8972
vn 0.3597 0.4775 -0.8016
vn 0.6483 0.0309 -0.7607
vn 0.4106 0.0374 -0.9111
vn 0.6514 0.0000 -0.7587
vn 0.4128 0.0000 -0.9108
vn -0.6412 -0.1512 -0.7523
vn -0.4064 -0.1736 -0.8971
vn -0.3585 -0.4807 -0.8003
vn -0.5585 -0.4257 -0.7119
vn -0.6483 -0.0309 -0.7607
vn -0.4106 -0.0374 -0.9111
vn 0.6412 -0.1512 0.7523
vn 0.4064 -0.1736 0.8971
vn 0.3585 -0.4807 0.8003
vn 0.5585 -0.4257 0.7119
vn 0.6484 -0.0309 0.7607
vn 0.4106 -0.0374 0.9111
vn 0.6514 0.0000 0.7587
vn 0.4128 0.0000 0.9108
vn -0.6484 0.7607 0.0309
vn -0.4106 0.9110 0.0374
vn -0.6413 0.7524 0.1502
vn -0.4065 0.8972 0.1727
vn 0.6484 0.7607 -0.0309
vn 0.4106 0.9110 -0.0374
vn 0.6413 0.7524 -0.1502
vn 0.4065 0.8972 -0.1727
vn 0.4128 -0.9108 0.0000
vn 0.6514 -0.7587 -0.0000
vn 0.6481 -0.7609 0.0313
vn 0.4102 -0.9112 0.0378
vn 0.4106 -0.9111 -0.0374
vn 0.6484 -0.7607 -0.0309
vn 0.4064 -0.8971 -0.1736
vn 0.6412 -0.7523 -0.1512
vn -0.4128 -0.9108 -0.0000
vn -0.6514 -0.7587 0.0000
vn -0.6481 -0.7609 -0.0313
vn -0.4102 -0.9112 -0.0378
vn -0.4106 -0.9111 0.0374
vn -0.6484 -0.7607 0.0309
vn -0.4064 -0.8971 0.1736
vn -0.6412 -0.7523 0.1512
vn -0.6481 -0.0312 0.7609
vn -0.4102 -0.0378 0.9112
vn 0.4044 0.1747 0.8977
vn 0.6397 0.1521 0.7534
vn 0.3560 0.4789 0.8024
vn 0.4102 0.0378 0.9112
vn 0.6481 0.0313 0.7609
vn 0.6481 -0.0312 -0.7609
vn 0.4102 -0.0378 -0.9112
vn -0.4045 -0.8979 -0.1737
vn -0.6398 -0.7535 -0.1511
vn -0.3573 -0.8038 -0.4757
vn 0.4045 -0.8979 0.1737
vn 0.6398 -0.7535 0.1511
vn 0.3573 -0.8038 0.4757
vn -0.3597 0.8016 0.4775
vn 0.3597 0.8016 -0.4775
vn 0.3585 -0.8002 -0.4807
vn 0.5585 -0.7119 -0.4257
vn -0.3585 -0.8002 0.4807
vn -0.5585 -0.7119 0.4257
vn -0.6398 -0.1512 0.7535
vn -0.4045 -0.1738 0.8979
vn -0.3573 -0.4757 0.8038
vn 0.6398 -0.1512 -0.7535
vn 0.4045 -0.1738 -0.8979
vn 0.3573 -0.4757 -0.8038
vn -0.3585 -0.8003 0.4807
vn 0.3585 -0.8003 -0.4807
vn -0.6397 0.1522 -0.7534
vn -0.6481 0.0312 -0.7609
vn -0.0868 0.1926 -0.9774
vn -0.0921 0.0404 -0.9949
vn -0.0868 0.9774 -0.1926
vn -0.0921 0.9949 -0.0404
vn -0.6397 0.7534 -0.1522
vn -0.0866 0.1923 0.9775
vn -0.0919 0.0404 0.9949
vn 0.0868 0.9774 0.1926
vn 0.0921 0.9949 0.0403
vn 0.6397 0.7534 0.1522
vn 0.0866 0.1923 -0.9775
vn 0.0919 0.0404 -0.9949
vn -0.0868 -0.1926 -0.9774
vn -0.0919 -0.0404 -0.9949
vn 0.0868 -0.1926 0.9774
vn 0.0919 -0.0404 0.9949
vn 0.6483 -0.0309 0.7607
vn -0.0922 0.9957 -0.0000
vn -0.0919 0.9949 0.0404
vn 0.0922 0.9957 0.0000
vn 0.0919 0.9949 -0.0404
vn 0.6483 -0.7607 -0.0309
vn 0.0922 -0.9957 0.0000
vn 0.0919 -0.9949 -0.0404
vn -0.6483 -0.7607 0.0309
vn -0.0922 -0.9957 -0.0000
vn -0.0919 -0.9949 0.0404
vn -0.0922 -0.0000 0.9957
vn 0.6397 0.1522 0.7534
vn 0.6481 0.0312 0.7609
vn 0.0868 0.1926 0.9774
vn 0.0921 0.0404 0.9949
vn 0.0922 -0.0000 -0.9957
vn -0.6398 -0.7536 -0.1511
vn -0.6481 -0.7609 -0.0312
vn -0.0866 -0.9775 -0.1923
vn -0.0921 -0.9949 -0.0404
vn 0.6398 -0.7536 0.1511
vn 0.6481 -0.7609 0.0312
vn 0.0866 -0.9775 0.1923
vn 0.0921 -0.9949 0.0404
vn -0.6413 0.7525 0.1502
vn -0.0866 0.9775 0.1923
vn 0.6413 0.7525 -0.1502
vn 0.0866 0.9775 -0.1923
vn 0.0868 -0.9774 -0.1926
vn -0.0868 -0.9774 0.1926
vn -0.0922 -0.0000 -0.9957
vn -0.0921 -0.0404 0.9949
vn -0.6398 -0.1511 0.7536
vn -0.0866 -0.1923 0.9775
vn 0.0922 -0.0000 0.9957
vn 0.0921 -0.0404 -0.9949
vn 0.0866 -0.1923 -0.9775
vn -0.0740 0.8434 -0.5321
vn -0.0740 0.5321 -0.8434
vn -0.0726 0.8434 0.5324
vn -0.0726 0.5324 0.8434
vn -0.0727 0.5324 0.8434
vn 0.0740 0.8434 0.5321
vn 0.0740 0.5321 0.8434
vn 0.0726 0.8434 -0.5324
vn 0.0726 0.5324 -0.8434
vn 0.0727 0.5324 -0.8434
vn -0.0732 -0.5337 -0.8425
vn -0.0734 -0.8443 -0.5308
vn -0.0732 -0.8425 0.5337
vn -0.0734 -0.5308 0.8443
vn 0.0732 -0.5337 0.8425
vn 0.0734 -0.8443 0.5308
vn 0.0732 -0.8425 -0.5337
vn 0.0734 -0.5308 -0.8443
vn -0.0697 0.9976 0.0000
vn -0.0207 0.9998 -0.0000
vn -0.0209 0.9989 -0.0410
vn -0.0709 0.9966 -0.0410
vn -0.0709 0.9966 0.0410
vn -0.0209 0.9989 0.0410
vn -0.0762 0.9775 0.1969
vn -0.0224 0.9801 0.1972
vn 0.0697 0.9976 -0.0000
vn 0.0207 0.9998 0.0000
vn 0.0209 0.9989 0.0410
vn 0.0709 0.9966 0.0410
vn 0.0709 0.9966 -0.0410
vn 0.0209 0.9989 -0.0410
vn 0.0762 0.9775 -0.1969
vn 0.0224 0.9801 -0.1972
vn 0.0697 -0.9976 0.0000
vn 0.0207 -0.9998 -0.0000
vn 0.0209 -0.9989 -0.0410
vn 0.0709 -0.9966 -0.0410
vn 0.0709 -0.9966 0.0410
vn 0.0209 -0.9989 0.0410
vn 0.0762 -0.9775 0.1969
vn 0.0224 -0.9801 0.1972
vn -0.0697 -0.9976 -0.0000
vn -0.0207 -0.9998 0.0000
vn -0.0209 -0.9989 0.0410
vn -0.0709 -0.9966 0.0410
vn -0.0709 -0.9966 -0.0410
vn -0.0209 -0.9989 -0.0410
vn -0.0762 -0.9775 -0.1969
vn -0.0224 -0.9801 -0.1972
vn -0.0697 0.0000 0.9976
vn -0.0206 0.0000 0.9998
vn -0.0209 0.0410 0.9989
vn -0.0709 0.0410 0.9966
vn -0.0709 -0.0410 0.9966
vn -0.0209 -0.0410 0.9989
vn -0.0762 -0.1969 0.9775
vn -0.0224 -0.1972 0.9801
vn 0.0698 -0.0000 0.9976
vn 0.0206 -0.0000 0.9998
vn 0.0209 -0.0410 0.9989
vn 0.0709 -0.0410 0.9966
vn 0.0709 0.0410 0.9966
vn 0.0209 0.0410 0.9989
vn 0.0762 0.1969 0.9775
vn 0.0224 0.1972 0.9801
vn 0.0697 -0.0000 -0.9976
vn 0.0206 0.0000 -0.9998
vn 0.0209 0.0410 -0.9989
vn 0.0709 0.0410 -0.9966
vn 0.0709 -0.0410 -0.9966
vn 0.0209 -0.0410 -0.9989
vn 0.0762 -0.1969 -0.9775
vn 0.0224 -0.1972 -0.9801
vn -0.0697 -0.0000 -0.9976
vn -0.0206 -0.0000 -0.9998
vn -0.0209 -0.0410 -0.9989
vn -0.0709 -0.0410 -0.9966
vn -0.0709 0.0410 -0.9966
vn -0.0209 0.0410 -0.9989
vn -0.0762 0.1969 -0.9775
vn -0.0224 0.1972 -0.9801
vn -0.0224 0.1972 0.9801
vn -0.0763 0.1969 0.9775
vn 0.0224 0.1972 -0.9801
vn 0.0763 0.1969 -0.9775
vn -0.0224 -0.1972 -0.9801
vn -0.0763 -0.1969 -0.9775
vn 0.0224 -0.1972 0.9801
vn 0.0763 -0.1969 0.9775
vn 0.0224 0.9801 0.1972
vn 0.0763 0.9775 0.1969
vn -0.0224 -0.9801 0.1972
vn -0.0763 -0.9775 0.1969
vn -0.0224 0.9801 -0.1972
vn -0.0763 0.9775 -0.1969
vn 0.0224 -0.9801 -0.1972
vn 0.0763 -0.9775 -0.1969
vn 0.0254 0.8437 0.5362
vn 0.0860 0.8407 0.5346
vn 0.0253 0.5362 0.8437
vn 0.0861 0.5346 0.8407
vn -0.0253 0.5362 0.8437
vn -0.0861 0.5346 0.8407
vn -0.0254 0.8437 0.5362
vn -0.0861 0.8407 0.5346
vn 0.0253 0.5362 -0.8437
vn 0.0861 0.5346 -0.8407
vn 0.0254 0.8437 -0.5362
vn 0.0860 0.8407 -0.5346
vn -0.0253 0.8437 -0.5362
vn -0.0861 0.8407 -0.5346
vn -0.0253 0.5362 -0.8437
vn -0.0861 0.5346 -0.8407
vn 0.0253 -0.8437 -0.5362
vn 0.0860 -0.8407 -0.5346
vn 0.0253 -0.5362 -0.8437
vn 0.0861 -0.5346 -0.8407
vn -0.0253 -0.5362 -0.8437
vn -0.0861 -0.5346 -0.8407
vn -0.0254 -0.8437 -0.5362
vn -0.0861 -0.8407 -0.5346
vn 0.0253 -0.5362 0.8437
vn 0.0861 -0.5346 0.8407
vn 0.0254 -0.8437 0.5362
vn 0.0861 -0.8407 0.5346
vn -0.0253 -0.8437 0.5362
vn -0.0861 -0.8407 0.5346
vn -0.0253 -0.5362 0.8437
vn -0.0861 -0.5346 0.8407
vn -0.0140 0.0395 0.9991
vn -0.0140 0.0000 0.9999
vn 0.0000 0.0407 0.9992
vn 0.0000 0.0000 1.0000
vn 0.0140 0.0395 0.9991
vn 0.0140 -0.0000 0.9999
vn 0.0140 0.0395 -0.9991
vn 0.0140 -0.0000 -0.9999
vn -0.0000 0.0407 -0.9992
vn -0.0000 -0.0000 -1.0000
vn -0.0140 0.0395 -0.9991
vn -0.0140 0.0000 -0.9999
vn 0.0000 -0.0407 0.9992
vn -0.0140 -0.0395 0.9991
vn -0.0140 -0.0395 -0.9991
vn 0.0000 -0.0407 -0.9992
vn 0.0140 -0.0395 -0.9991
vn 0.0140 -0.0395 0.9991
vn 0.0140 0.9991 0.0395
vn 0.0140 0.9999 -0.0000
vn -0.0000 0.9992 0.0407
vn 0.0000 1.0000 0.0000
vn -0.0140 0.9991 0.0395
vn -0.0140 0.9999 0.0000
vn -0.0140 -0.9991 0.0395
vn -0.0140 -0.9999 -0.0000
vn 0.0000 -0.9992 0.0407
vn 0.0000 -1.0000 0.0000
vn 0.0140 -0.9991 0.0395
vn 0.0140 -0.9999 0.0000
vn -0.0140 0.9991 -0.0395
vn 0.0000 0.9992 -0.0407
vn 0.0140 0.9991 -0.0395
vn 0.0140 -0.9991 -0.0395
vn -0.0000 -0.9992 -0.0407
vn -0.0140 -0.9991 -0.0395
vn 0.0000 0.1966 0.9805
vn 0.0000 0.5358 0.8443
vn 0.0000 0.8443 0.5359
vn 0.0000 0.9805 0.1966
vn 0.0000 0.9805 -0.1966
vn 0.0000 0.8443 -0.5359
vn 0.0000 0.5358 -0.8443
vn 0.0000 0.1966 -0.9805
vn 0.0000 -0.1966 -0.9805
vn 0.0000 -0.5358 -0.8443
vn 0.0000 -0.8443 -0.5359
vn 0.0000 -0.9805 -0.1966
vn 0.0000 -0.9805 0.1966
vn 0.0000 -0.8443 0.5359
vn 0.0000 -0.5358 0.8443
vn 0.0000 -0.1966 0.9805
vn 0.0151 0.9808 -0.1944
vn 0.0151 0.1944 -0.9808
vn 0.0151 -0.9808 -0.1944
vn 0.0151 0.1944 0.9808
vn -0.0151 0.9808 -0.1944
vn -0.0151 0.1944 0.9808
vn -0.0151 -0.9808 -0.1944
vn -0.0151 0.1944 -0.9808
vn -0.0151 0.9808 0.1944
vn 0.0151 0.9808 0.1944
vn 0.0151 -0.9808 0.1944
vn -0.0151 -0.9808 0.1944
vn -0.0151 -0.1944 0.9808
vn 0.0151 -0.1944 0.9808
vn 0.0151 -0.1944 -0.9808
vn -0.0151 -0.1944 -0.9808
vn -0.0171 0.8454 0.5339
vn -0.0171 0.5339 0.8454
vn -0.0172 0.8454 -0.5339
vn -0.0171 0.5339 -0.8454
vn -0.0171 -0.5339 -0.8454
vn -0.0172 -0.8454 -0.5339
vn -0.0171 -0.5339 0.8454
vn -0.0174 -0.8454 0.5338
vn 0.0172 0.8454 -0.5339
vn 0.0171 0.5339 -0.8454
vn 0.0172 0.8454 0.5339
vn 0.0171 0.5339 0.8454
vn 0.0171 -0.5339 0.8454
vn 0.0171 -0.8454 0.5339
vn 0.0171 -0.5339 -0.8454
vn 0.0172 -0.8454 -0.5339
vn 0.0482 0.9988 -0.0000
vn 0.0206 0.9998 0.0000
vn 0.0210 0.9989 0.0409
vn 0.0491 0.9980 0.0409
vn 0.0491 0.9980 -0.0409
vn 0.0210 0.9989 -0.0407
vn 0.0526 0.9789 -0.1972
vn 0.0223 0.9801 -0.1975
vn -0.0482 0.9988 -0.0000
vn -0.0206 0.9998 -0.0000
vn -0.0210 0.9989 -0.0409
vn -0.0491 0.9980 -0.0409
vn -0.0491 0.9980 0.0409
vn -0.0210 0.9989 0.0407
vn -0.0526 0.9789 0.1972
vn -0.0223 0.9801 0.1975
vn -0.0482 -0.9988 -0.0000
vn -0.0206 -0.9998 0.0000
vn -0.0210 -0.9989 0.0408
vn -0.0491 -0.9980 0.0409
vn -0.0491 -0.9980 -0.0409
vn -0.0210 -0.9989 -0.0409
vn -0.0526 -0.9790 -0.1971
vn -0.0224 -0.9800 -0.1975
vn 0.0482 -0.9988 -0.0000
vn 0.0206 -0.9998 -0.0000
vn 0.0210 -0.9989 -0.0408
vn 0.0491 -0.9980 -0.0409
vn 0.0491 -0.9980 0.0409
vn 0.0210 -0.9989 0.0409
vn 0.0526 -0.9790 0.1971
vn 0.0224 -0.9800 0.1975
vn 0.0482 0.0000 0.9988
vn 0.0210 -0.0408 0.9989
vn 0.0491 -0.0409 0.9980
vn 0.0491 0.0409 0.9980
vn 0.0210 0.0409 0.9989
vn 0.0527 0.1971 0.9790
vn 0.0224 0.1974 0.9801
vn -0.0482 -0.0000 0.9988
vn -0.0210 0.0408 0.9989
vn -0.0491 0.0409 0.9980
vn -0.0491 -0.0409 0.9980
vn -0.0210 -0.0409 0.9989
vn -0.0526 -0.1971 0.9790
vn -0.0224 -0.1975 0.9800
vn -0.0482 0.0000 -0.9988
vn -0.0210 -0.0408 -0.9989
vn -0.0491 -0.0409 -0.9980
vn -0.0491 0.0409 -0.9980
vn -0.0210 0.0409 -0.9989
vn -0.0527 0.1971 -0.9790
vn -0.0224 0.1974 -0.9801
vn 0.0482 -0.0000 -0.9988
vn 0.0210 0.0408 -0.9989
vn 0.0491 0.0409 -0.9980
vn 0.0491 -0.0409 -0.9980
vn 0.0210 -0.0408 -0.9989
vn 0.0526 -0.1971 -0.9790
vn 0.0224 -0.1975 -0.9800
vn -0.0223 0.1975 0.9801
vn -0.0522 0.1972 0.9790
vn 0.0223 0.1975 -0.9801
vn 0.0522 0.1972 -0.9790
vn 0.0223 -0.1974 0.9801
vn 0.0522 -0.1972 0.9790
vn -0.0223 -0.1974 -0.9801
vn -0.0522 -0.1972 -0.9790
vn 0.0224 0.9801 0.1974
vn 0.0523 0.9790 0.1971
vn -0.0223 -0.9801 0.1974
vn -0.0522 -0.9790 0.1972
vn -0.0224 0.9801 -0.1974
vn -0.0523 0.9790 -0.1971
vn 0.0223 -0.9801 -0.1974
vn 0.0522 -0.9790 -0.1972
vn 0.0238 0.5361 -0.8438
vn 0.0589 0.5355 -0.8425
vn 0.0238 0.8438 -0.5361
vn 0.0589 0.8425 -0.5355
vn 0.0246 0.8437 0.5362
vn 0.0592 0.8425 0.5355
vn 0.0247 0.5362 0.8437
vn 0.0593 0.5354 0.8425
vn 0.0593 0.5355 0.8425
vn -0.0238 0.5361 0.8438
vn -0.0589 0.5355 0.8425
vn -0.0238 0.8438 0.5361
vn -0.0590 0.8425 0.5355
vn -0.0247 0.8437 -0.5362
vn -0.0592 0.8425 -0.5355
vn -0.0247 0.5362 -0.8437
vn -0.0593 0.5354 -0.8425
vn -0.0593 0.5355 -0.8425
vn 0.0241 -0.8442 -0.5355
vn 0.0591 -0.8426 -0.5353
vn 0.0244 -0.5368 -0.8433
vn 0.0591 -0.5357 -0.8423
vn 0.0243 -0.5369 -0.8433
vn 0.0242 -0.5355 0.8442
vn 0.0591 -0.5353 0.8426
vn 0.0241 -0.5355 0.8442
vn 0.0243 -0.8433 0.5368
vn 0.0591 -0.8424 0.5357
vn -0.0242 -0.8442 0.5355
vn -0.0590 -0.8426 0.5353
vn -0.0243 -0.5368 0.8433
vn -0.0591 -0.5357 0.8423
vn -0.0243 -0.5369 0.8433
vn -0.0242 -0.5355 -0.8442
vn -0.0591 -0.5353 -0.8426
vn -0.0243 -0.8433 -0.5368
vn -0.0592 -0.8423 -0.5357
vn 0.0000 0.7510 0.6603
vn 0.6979 0.5379 0.4729
vn 0.6945 0.5395 0.4760
vn -0.0000 0.7498 0.6616
vn 1.0000 -0.0059 -0.0051
vn 1.0000 -0.0006 -0.0005
vn 0.6904 -0.5435 -0.4776
vn 0.6937 -0.5401 -0.4765
vn -0.0000 -0.7511 -0.6602
vn -0.0000 -0.7498 -0.6616
vn -0.6904 -0.5434 -0.4776
vn -0.6937 -0.5401 -0.4765
vn -1.0000 -0.0059 -0.0051
vn -1.0000 -0.0004 -0.0003
vn -0.6980 0.5379 0.4728
vn -0.6945 0.5395 0.4760
vn 0.6881 0.5557 0.4666
vn 0.0000 0.7658 0.6431
vn 0.9999 0.0095 0.0077
vn 0.7002 -0.5462 -0.4598
vn 0.0000 -0.7649 -0.6441
vn -0.7001 -0.5462 -0.4599
vn -0.9999 0.0096 0.0078
vn -0.6881 0.5557 0.4666
vn 0.6799 0.6039 0.4159
vn -0.0000 0.8236 0.5672
vn 0.9996 0.0245 0.0164
vn 0.7088 -0.5801 -0.4013
vn 0.0000 -0.8224 -0.5689
vn -0.7088 -0.5802 -0.4013
vn -0.9996 0.0246 0.0164
vn -0.6799 0.6039 0.4159
vn 0.6827 0.6460 0.3415
vn -0.0000 0.8840 0.4674
vn 0.9997 0.0203 0.0114
vn 0.7055 -0.6276 -0.3293
vn -0.0000 -0.8856 -0.4645
vn -0.7055 -0.6276 -0.3293
vn -0.9997 0.0203 0.0114
vn -0.6827 0.6460 0.3415
vn 0.6882 0.6653 0.2893
vn 0.0000 0.9171 0.3988
vn 0.9999 0.0110 0.0047
vn 0.7000 -0.6548 -0.2851
vn 0.0000 -0.9169 -0.3990
vn -0.7000 -0.6548 -0.2851
vn -0.9999 0.0110 0.0047
vn -0.6882 0.6653 0.2893
vn 0.6844 0.6866 0.2454
vn -0.0000 0.9417 0.3365
vn 0.9998 0.0192 0.0068
vn 0.7043 -0.6684 -0.2391
vn -0.0000 -0.9415 -0.3369
vn -0.7043 -0.6684 -0.2391
vn -0.9998 0.0192 0.0068
vn -0.6844 0.6866 0.2454
vn 0.6886 0.6986 0.1944
vn 0.0000 0.9634 0.2681
vn 0.9999 0.0108 0.0032
vn 0.6996 -0.6886 -0.1908
vn 0.0000 -0.9637 -0.2669
vn -0.6997 -0.6885 -0.1908
vn -0.9999 0.0108 0.0032
vn -0.6886 0.6986 0.1944
vn 0.6952 0.6960 0.1797
vn -0.0000 0.9682 0.2501
vn 1.0000 -0.0018 -0.0005
vn 0.6932 -0.6978 -0.1803
vn -0.0000 -0.9682 -0.2501
vn -0.6932 -0.6978 -0.1803
vn -1.0000 -0.0018 -0.0005
vn -0.6952 0.6960 0.1797
vn 0.6973 0.6906 0.1921
vn 0.0000 0.9634 0.2680
vn 1.0000 -0.0061 -0.0017
vn 0.6911 -0.6963 -0.1937
vn -0.0000 -0.9634 -0.2680
vn -0.6911 -0.6963 -0.1937
vn -1.0000 -0.0061 -0.0017
vn -0.6973 0.6906 0.1921
vn 0.6957 0.6877 0.2074
vn -0.0000 0.9574 0.2888
vn 1.0000 -0.0030 -0.0009
vn 0.6926 -0.6906 -0.2082
vn 0.0000 -0.9574 -0.2888
vn -0.6926 -0.6906 -0.2082
vn -1.0000 -0.0030 -0.0009
vn -0.6958 0.6877 0.2074
vn 0.6886 0.6975 0.1982
vn 0.0000 0.9619 0.2733
vn 0.9999 0.0109 0.0029
vn 0.6997 -0.6870 -0.1961
vn 0.0000 -0.9617 -0.2741
vn -0.6997 -0.6870 -0.1962
vn -0.9999 0.0110 0.0029
vn -0.6886 0.6975 0.1982
vn 0.6832 0.7150 0.1484
vn 0.0000 0.9791 0.2032
vn 0.9997 0.0223 0.0046
vn 0.7055 -0.6939 -0.1443
vn -0.0000 -0.9791 -0.2035
vn -0.7055 -0.6939 -0.1443
vn -0.9997 0.0223 0.0046
vn -0.6832 0.7150 0.1484
vn 0.6847 0.7240 0.0837
vn 0.0000 0.9934 0.1149
vn 0.9998 0.0195 0.0024
vn 0.7038 -0.7057 -0.0810
vn -0.0000 -0.9934 -0.1143
vn -0.7038 -0.7058 -0.0810
vn -0.9998 0.0194 0.0024
vn -0.6847 0.7240 0.0837
vn 0.6877 0.7252 0.0342
vn 0.0000 0.9989 0.0471
vn 0.9999 0.0133 0.0007
vn 0.7009 -0.7125 -0.0333
vn -0.0000 -0.9989 -0.0468
vn -0.7007 -0.7126 -0.0333
vn -0.9999 0.0133 0.0007
vn -0.6877 0.7252 0.0342
vn 0.6902 0.7237 0.0019
vn -0.0000 1.0000 0.0026
vn 1.0000 0.0082 0.0001
vn 0.6982 -0.7159 -0.0017
vn -0.0000 -1.0000 -0.0025
vn -0.6982 -0.7159 -0.0017
vn -1.0000 0.0082 0.0001
vn -0.6902 0.7237 0.0019
vn 0.6919 0.7218 -0.0174
vn -0.0000 0.9997 -0.0241
vn 1.0000 0.0048 -0.0001
vn 0.6965 -0.7173 0.0173
vn -0.0000 -0.9997 0.0241
vn -0.6966 -0.7173 0.0173
vn -1.0000 0.0047 -0.0001
vn -0.6919 0.7218 -0.0174
vn 0.6931 0.7203 -0.0277
vn 0.0000 0.9993 -0.0384
vn 1.0000 0.0022 -0.0001
vn 0.6953 -0.7182 0.0277
vn -0.0000 -0.9993 0.0385
vn -0.6953 -0.7182 0.0277
vn -1.0000 0.0021 -0.0001
vn -0.6931 0.7203 -0.0277
vn 0.6945 0.7189 -0.0301
vn 0.0000 0.9991 -0.0419
vn 1.0000 -0.0003 0.0000
vn 0.6939 -0.7194 0.0302
vn -0.0000 -0.9991 0.0419
vn -0.6939 -0.7195 0.0302
vn -1.0000 -0.0003 0.0000
vn -0.6945 0.7189 -0.0301
vn 0.6953 0.7182 -0.0255
vn 0.0000 0.9994 -0.0355
vn 1.0000 -0.0023 0.0001
vn 0.6931 -0.7204 0.0256
vn -0.0000 -0.9994 0.0355
vn -0.6930 -0.7205 0.0256
vn -1.0000 -0.0023 0.0001
vn -0.6954 0.7182 -0.0255
vn 0.6955 0.7183 -0.0179
vn -0.0000 0.9997 -0.0249
vn 1.0000 -0.0028 0.0001
vn 0.6929 -0.7208 0.0179
vn 0.0000 -0.9997 0.0249
vn -0.6929 -0.7209 0.0179
vn -1.0000 -0.0028 0.0001
vn -0.6955 0.7183 -0.0179
vn 0.6956 0.7184 -0.0097
vn -0.0000 0.9999 -0.0135
vn 1.0000 -0.0027 0.0000
vn 0.6928 -0.7210 0.0097
vn 0.0000 -0.9999 0.0135
vn -0.6928 -0.7210 0.0097
vn -1.0000 -0.0027 0.0000
vn -0.6956 0.7184 -0.0097
vn 0.6952 0.7188 -0.0021
vn 0.0000 1.0000 -0.0030
vn 1.0000 -0.0020 0.0000
vn 0.6932 -0.7207 0.0022
vn -0.0000 -1.0000 0.0031
vn -0.6932 -0.7207 0.0022
vn -1.0000 -0.0020 0.0000
vn -0.6952 0.7189 -0.0021
vn 0.6934 0.7206 -0.0015
vn -0.0000 1.0000 -0.0020
vn 1.0000 0.0018 -0.0000
vn 0.6950 -0.7190 0.0014
vn 0.0000 -1.0000 0.0020
vn -0.6950 -0.7190 0.0014
vn -1.0000 0.0018 -0.0000
vn -0.6933 0.7206 -0.0015
vn -0.0000 1.0000 -0.0021
vn 0.6910 0.7227 -0.0139
vn -0.0000 0.9998 -0.0193
vn 1.0000 0.0065 -0.0002
vn 0.6973 -0.7166 0.0137
vn 0.0000 -0.9998 0.0191
vn -0.6974 -0.7166 0.0137
vn -1.0000 0.0064 -0.0002
vn -0.6910 0.7227 -0.0139
vn 0.6885 0.7240 -0.0416
vn 0.0000 0.9983 -0.0574
vn 0.9999 0.0116 -0.0007
vn 0.6999 -0.7131 0.0407
vn 0.0000 -0.9984 0.0572
vn -0.6999 -0.7131 0.0407
vn -0.9999 0.0116 -0.0007
vn -0.6885 0.7241 -0.0416
vn 0.6877 0.7216 -0.0804
vn 0.0000 0.9939 -0.1107
vn 0.9999 0.0133 -0.0014
vn 0.7009 -0.7089 0.0791
vn -0.0000 -0.9938 0.1108
vn -0.7009 -0.7089 0.0791
vn -0.9999 0.0133 -0.0014
vn -0.6877 0.7216 -0.0804
vn -0.0000 0.9938 -0.1107
vn 0.6906 0.7145 -0.1121
vn 0.0000 0.9879 -0.1550
vn 1.0000 0.0072 -0.0011
vn 0.6978 -0.7076 0.1113
vn -0.0000 -0.9878 0.1555
vn -0.6978 -0.7076 0.1113
vn -1.0000 0.0073 -0.0011
vn -0.6906 0.7145 -0.1121
vn 0.6947 0.7090 -0.1211
vn 0.0000 0.9857 -0.1683
vn 1.0000 -0.0009 0.0001
vn 0.6936 -0.7100 0.1212
vn 0.0000 -0.9857 0.1683
vn -0.6937 -0.7100 0.1212
vn -1.0000 -0.0009 0.0001
vn -0.6947 0.7090 -0.1211
vn 0.6983 0.7079 -0.1060
vn 0.0000 0.9890 -0.1481
vn 1.0000 -0.0083 0.0012
vn 0.6901 -0.7157 0.1070
vn 0.0000 -0.9890 0.1480
vn -0.6902 -0.7157 0.1070
vn -1.0000 -0.0082 0.0012
vn -0.6983 0.7079 -0.1060
vn 0.6987 0.7110 -0.0791
vn 0.0000 0.9939 -0.1105
vn 1.0000 -0.0091 0.0010
vn 0.6898 -0.7196 0.0802
vn -0.0000 -0.9939 0.1107
vn -0.6898 -0.7196 0.0802
vn -1.0000 -0.0091 0.0010
vn -0.6987 0.7110 -0.0791
vn 0.6971 0.7147 -0.0565
vn 0.0000 0.9969 -0.0788
vn 1.0000 -0.0059 0.0005
vn 0.6913 -0.7203 0.0571
vn -0.0000 -0.9969 0.0789
vn -0.6913 -0.7203 0.0571
vn -1.0000 -0.0060 0.0005
vn -0.6971 0.7147 -0.0565
vn 0.6956 0.7171 -0.0433
vn 0.0000 0.9982 -0.0603
vn 1.0000 -0.0028 0.0002
vn 0.6928 -0.7198 0.0435
vn -0.0000 -0.9982 0.0604
vn -0.6928 -0.7198 0.0435
vn -1.0000 -0.0027 0.0002
vn -0.6956 0.7171 -0.0433
vn 0.6946 0.7184 -0.0382
vn 0.0000 0.9986 -0.0531
vn 0.6938 -0.7192 0.0382
vn 0.0000 -0.9986 0.0531
vn -0.6938 -0.7192 0.0382
vn -0.6946 0.7184 -0.0382
vn -0.0000 0.9986 -0.0530
vn 0.6951 0.7181 -0.0343
vn 0.0000 0.9989 -0.0477
vn 1.0000 -0.0017 0.0001
vn 0.6933 -0.7199 0.0344
vn 0.0000 -0.9989 0.0477
vn -0.6933 -0.7199 0.0344
vn -1.0000 -0.0017 0.0001
vn -0.6951 0.7181 -0.0343
vn 0.6961 0.7175 -0.0252
vn -0.0000 0.9994 -0.0351
vn 1.0000 -0.0039 0.0001
vn 0.6923 -0.7212 0.0253
vn -0.0000 -0.9994 0.0350
vn -0.6923 -0.7212 0.0253
vn -1.0000 -0.0039 0.0001
vn -0.6961 0.7175 -0.0252
vn 0.0000 0.9994 -0.0350
vn 0.6957 0.7182 -0.0138
vn -0.0000 0.9998 -0.0192
vn 1.0000 -0.0031 0.0001
vn 0.6927 -0.7211 0.0139
vn 0.0000 -0.9998 0.0192
vn -0.6927 -0.7211 0.0139
vn -1.0000 -0.0031 0.0001
vn -0.6957 0.7182 -0.0138
vn 0.6922 0.7216 -0.0150
vn 0.0000 0.9998 -0.0208
vn 1.0000 0.0040 -0.0001
vn 0.6962 -0.7177 0.0148
vn 0.0000 -0.9998 0.0207
vn -0.6962 -0.7177 0.0148
vn -1.0000 0.0042 -0.0001
vn -0.6922 0.7216 -0.0150
vn 0.6879 0.7246 -0.0415
vn 0.0000 0.9984 -0.0572
vn 0.9999 0.0128 -0.0009
vn 0.7005 -0.7125 0.0403
vn -0.0000 -0.9984 0.0564
vn -0.7006 -0.7124 0.0403
vn -0.9999 0.0129 -0.0009
vn -0.6879 0.7246 -0.0415
vn 0.6834 0.7236 -0.0966
vn 0.0000 0.9912 -0.1324
vn 0.9998 0.0220 -0.0031
vn 0.7051 -0.7029 0.0930
vn 0.0000 -0.9914 0.1311
vn -0.7051 -0.7029 0.0930
vn -0.9998 0.0220 -0.0031
vn -0.6834 0.7236 -0.0966
vn -0.0000 0.9912 -0.1323
vn 0.6852 0.7106 -0.1601
vn 0.0000 0.9756 -0.2198
vn 0.9998 0.0181 -0.0037
vn 0.7032 -0.6933 0.1576
vn -0.0000 -0.9751 0.2217
vn -0.7032 -0.6933 0.1574
vn -0.9998 0.0181 -0.0037
vn -0.6852 0.7106 -0.1601
vn 0.6938 0.6955 -0.1867
vn 0.0000 0.9658 -0.2592
vn 1.0000 0.0005 -0.0001
vn 0.6945 -0.6949 0.1866
vn -0.0000 -0.9658 0.2595
vn -0.6945 -0.6949 0.1866
vn -1.0000 0.0005 -0.0001
vn -0.6938 0.6955 -0.1867
vn 0.6907 0.6959 -0.1969
vn 0.0000 0.9622 -0.2723
vn 1.0000 0.0067 -0.0020
vn 0.6976 -0.6896 0.1947
vn 0.0000 -0.9623 0.2720
vn -0.6976 -0.6896 0.1947
vn -1.0000 0.0068 -0.0020
vn -0.6907 0.6958 -0.1969
vn 0.6914 0.6886 -0.2185
vn -0.0000 0.9531 -0.3025
vn 1.0000 0.0051 -0.0015
vn 0.6967 -0.6837 0.2173
vn 0.0000 -0.9531 0.3028
vn -0.6967 -0.6837 0.2173
vn -1.0000 0.0052 -0.0015
vn -0.6914 0.6886 -0.2185
vn 0.7004 0.6843 -0.2030
vn -0.0000 0.9587 -0.2844
vn 0.9999 -0.0118 0.0035
vn 0.6883 -0.6954 0.2065
vn 0.0000 -0.9587 0.2845
vn -0.6883 -0.6954 0.2065
vn -0.9999 -0.0118 0.0035
vn -0.7004 0.6843 -0.2030
vn 0.0000 0.9587 -0.2845
vn 0.6811 0.6974 -0.2232
vn 0.0000 0.9523 -0.3051
vn 0.9997 0.0226 -0.0088
vn 0.7047 -0.6777 0.2100
vn 0.0000 -0.9554 0.2953
vn -0.7047 -0.6777 0.2100
vn -0.9997 0.0226 -0.0088
vn -0.6811 0.6974 -0.2232
vn 0.6711 0.6574 -0.3428
vn 0.0000 0.8866 -0.4625
vn 0.9988 0.0443 -0.0217
vn 0.7196 -0.6137 0.3249
vn -0.0000 -0.8837 0.4681
vn -0.7196 -0.6137 0.3249
vn -0.9988 0.0443 -0.0217
vn -0.6711 0.6574 -0.3428
vn 0.6798 0.5824 -0.4456
vn -0.0000 0.7943 -0.6075
vn 0.9996 0.0220 -0.0172
vn 0.7071 -0.5618 0.4294
vn -0.0000 -0.7943 0.6075
vn -0.7071 -0.5618 0.4294
vn -0.9996 0.0220 -0.0172
vn -0.6798 0.5824 -0.4456
vn 0.6691 0.5011 -0.5488
vn 0.0000 0.6744 -0.7384
vn 0.9986 0.0347 -0.0395
vn 0.7209 -0.4700 0.5093
vn -0.0000 -0.6784 0.7347
vn -0.7209 -0.4700 0.5093
vn -0.9986 0.0347 -0.0395
vn -0.6692 0.5011 -0.5488
vn 0.6725 0.3693 -0.6414
vn -0.0000 0.4990 -0.8666
vn 0.9990 0.0231 -0.0377
vn 0.7158 -0.3438 0.6079
vn -0.0000 -0.4917 0.8707
vn -0.7158 -0.3438 0.6079
vn -0.9990 0.0231 -0.0377
vn -0.6725 0.3693 -0.6414
vn 0.6833 0.2693 -0.6787
vn 0.0000 0.3689 -0.9295
vn 0.9998 0.0085 -0.0204
vn 0.7048 -0.2604 0.6599
vn 0.0000 -0.3670 0.9302
vn -0.7049 -0.2604 0.6598
vn -0.9998 0.0084 -0.0204
vn -0.6833 0.2693 -0.6787
vn 0.6873 0.2137 -0.6942
vn 0.0000 0.2942 -0.9558
vn 0.9999 0.0042 -0.0135
vn 0.7012 -0.2096 0.6815
vn -0.0000 -0.2940 0.9558
vn -0.7012 -0.2096 0.6815
vn -0.9999 0.0042 -0.0135
vn -0.6873 0.2137 -0.6942
vn -0.0000 0.2942 -0.9557
vn 0.6889 0.1760 -0.7032
vn -0.0000 0.2428 -0.9701
vn 0.9999 0.0027 -0.0105
vn 0.6995 -0.1733 0.6933
vn -0.0000 -0.2427 0.9701
vn -0.6995 -0.1733 0.6933
vn -0.9999 0.0027 -0.0105
vn -0.6889 0.1760 -0.7032
vn 0.6907 0.1483 -0.7078
vn -0.0000 0.2052 -0.9787
vn 1.0000 0.0015 -0.0070
vn 0.6977 -0.1468 0.7012
vn -0.0000 -0.2050 0.9788
vn -0.6977 -0.1468 0.7012
vn -1.0000 0.0015 -0.0070
vn -0.6907 0.1483 -0.7078
vn 0.6924 0.1318 -0.7094
vn -0.0000 0.1827 -0.9832
vn 1.0000 0.0007 -0.0036
vn 0.6960 -0.1311 0.7060
vn -0.0000 -0.1827 0.9832
vn -0.6960 -0.1311 0.7060
vn -1.0000 0.0007 -0.0036
vn -0.6924 0.1318 -0.7094
vn 0.6923 0.1209 -0.7114
vn -0.0000 0.1676 -0.9859
vn 1.0000 0.0006 -0.0037
vn 0.6961 -0.1204 0.7078
vn -0.0000 -0.1676 0.9859
vn -0.6961 -0.1204 0.7078
vn -1.0000 0.0006 -0.0037
vn -0.6923 0.1209 -0.7114
vn 0.6908 0.1050 -0.7154
vn 0.0000 0.1451 -0.9894
vn 1.0000 0.0010 -0.0069
vn 0.6976 -0.1041 0.7089
vn 0.0000 -0.1452 0.9894
vn -0.6976 -0.1041 0.7089
vn -1.0000 0.0010 -0.0069
vn -0.6908 0.1050 -0.7154
vn 0.6898 0.0810 -0.7194
vn 0.0000 0.1118 -0.9937
vn 1.0000 0.0010 -0.0089
vn 0.6986 -0.0801 0.7110
vn -0.0000 -0.1117 0.9937
vn -0.6986 -0.0801 0.7110
vn -1.0000 0.0010 -0.0089
vn -0.6898 0.0810 -0.7194
vn 0.6904 0.0550 -0.7214
vn -0.0000 0.0760 -0.9971
vn 1.0000 0.0006 -0.0079
vn 0.6981 -0.0543 0.7140
vn -0.0000 -0.0759 0.9971
vn -0.6980 -0.0543 0.7140
vn -1.0000 0.0006 -0.0079
vn -0.6904 0.0550 -0.7214
vn 0.6913 0.0341 -0.7218
vn -0.0000 0.0472 -0.9989
vn 1.0000 0.0003 -0.0060
vn 0.6971 -0.0338 0.7161
vn -0.0000 -0.0472 0.9989
vn -0.6971 -0.0338 0.7161
vn -1.0000 0.0003 -0.0060
vn -0.6913 0.0341 -0.7218
vn 0.6921 0.0187 -0.7216
vn -0.0000 0.0259 -0.9997
vn 1.0000 0.0001 -0.0043
vn 0.6963 -0.0186 0.7176
vn -0.0000 -0.0259 0.9997
vn -0.6963 -0.0186 0.7176
vn -1.0000 0.0001 -0.0043
vn -0.6921 0.0187 -0.7216
vn 0.6929 0.0084 -0.7210
vn -0.0000 0.0117 -0.9999
vn 1.0000 0.0000 -0.0026
vn 0.6955 -0.0084 0.7185
vn -0.0000 -0.0116 0.9999
vn -0.6955 -0.0084 0.7185
vn -1.0000 0.0000 -0.0026
vn -0.6929 0.0084 -0.7210
vn 0.6937 0.0029 -0.7203
vn -0.0000 0.0041 -1.0000
vn 1.0000 0.0000 -0.0010
vn 0.6947 -0.0029 0.7193
vn -0.0000 -0.0041 1.0000
vn -0.6947 -0.0029 0.7193
vn -1.0000 0.0000 -0.0010
vn -0.6937 0.0029 -0.7203
vn 0.6944 0.0021 -0.7195
vn -0.0000 0.0029 -1.0000
vn 1.0000 -0.0000 0.0003
vn 0.6940 -0.0021 0.7200
vn -0.0000 -0.0030 1.0000
vn -0.6940 -0.0021 0.7200
vn -1.0000 -0.0000 0.0003
vn -0.6944 0.0021 -0.7195
vn 0.6951 0.0058 -0.7189
vn -0.0000 0.0081 -1.0000
vn 1.0000 -0.0000 0.0018
vn 0.6933 -0.0058 0.7207
vn 0.0000 -0.0081 1.0000
vn -0.6933 -0.0058 0.7206
vn -1.0000 -0.0000 0.0018
vn -0.6951 0.0058 -0.7189
vn 0.6952 0.0118 -0.7187
vn 0.0000 0.0164 -0.9999
vn 1.0000 -0.0000 0.0020
vn 0.6932 -0.0118 0.7207
vn 0.0000 -0.0164 0.9999
vn -0.6932 -0.0118 0.7206
vn -1.0000 -0.0000 0.0020
vn -0.6952 0.0118 -0.7187
vn 0.6949 0.0170 -0.7189
vn -0.0000 0.0236 -0.9997
vn 1.0000 -0.0000 0.0013
vn 0.6935 -0.0170 0.7202
vn 0.0000 -0.0236 0.9997
vn -0.6935 -0.0170 0.7203
vn -1.0000 -0.0000 0.0010
vn -0.6949 0.0170 -0.7189
vn 0.6945 0.0201 -0.7192
vn -0.0000 0.0279 -0.9996
vn 1.0000 -0.0000 0.0004
vn 0.6939 -0.0201 0.7198
vn 0.0000 -0.0279 0.9996
vn -0.6939 -0.0201 0.7198
vn -1.0000 -0.0000 0.0004
vn -0.6945 0.0201 -0.7192
vn 0.0000 0.0280 -0.9996
vn 0.6942 0.0211 -0.7195
vn -0.0000 0.0293 -0.9996
vn 0.6942 -0.0211 0.7195
vn -0.0000 -0.0293 0.9996
vn -0.6942 -0.0211 0.7195
vn -0.6942 0.0211 -0.7195
vn 0.6938 0.0199 -0.7199
vn -0.0000 0.0277 -0.9996
vn 1.0000 0.0000 -0.0007
vn 0.6945 -0.0199 0.7192
vn 0.0000 -0.0277 0.9996
vn -0.6946 -0.0199 0.7191
vn -1.0000 0.0000 -0.0007
vn -0.6938 0.0199 -0.7199
vn 0.6935 0.0166 -0.7203
vn -0.0000 0.0230 -0.9997
vn 1.0000 0.0000 -0.0013
vn 0.6949 -0.0166 0.7189
vn 0.0000 -0.0231 0.9997
vn -0.6949 -0.0166 0.7189
vn -1.0000 0.0000 -0.0015
vn -0.6935 0.0166 -0.7203
vn 0.0000 0.0231 -0.9997
vn 0.6931 0.0111 -0.7207
vn -0.0000 0.0154 -0.9999
vn 1.0000 0.0000 -0.0022
vn 0.6953 -0.0111 0.7187
vn -0.0000 -0.0154 0.9999
vn -0.6953 -0.0111 0.7187
vn -1.0000 0.0000 -0.0022
vn -0.6931 0.0111 -0.7207
vn 0.6928 0.0035 -0.7211
vn 0.0000 0.0049 -1.0000
vn 1.0000 0.0000 -0.0027
vn 0.6955 -0.0035 0.7185
vn -0.0000 -0.0049 1.0000
vn -0.6955 -0.0035 0.7185
vn -1.0000 0.0000 -0.0027
vn -0.6929 0.0036 -0.7211
vn 0.6930 -0.0043 -0.7209
vn 0.0000 -0.0059 -1.0000
vn 0.6954 0.0043 0.7186
vn 0.0000 0.0060 1.0000
vn -0.6954 0.0043 0.7186
vn -1.0000 -0.0000 -0.0023
vn -0.6930 -0.0043 -0.7209
vn 0.6935 -0.0101 -0.7204
vn -0.0000 -0.0140 -0.9999
vn 1.0000 -0.0000 -0.0015
vn 0.6949 0.0101 0.7190
vn 0.0000 0.0140 0.9999
vn -0.6949 0.0101 0.7191
vn -1.0000 -0.0000 -0.0012
vn -0.6935 -0.0101 -0.7204
vn 0.6940 -0.0130 -0.7199
vn -0.0000 -0.0180 -0.9998
vn 1.0000 -0.0000 -0.0003
vn 0.6944 0.0130 0.7194
vn -0.0000 0.0180 0.9998
vn -0.6944 0.0130 0.7194
vn -1.0000 -0.0000 -0.0003
vn -0.6940 -0.0130 -0.7199
vn 0.6944 -0.0130 -0.7194
vn 1.0000 0.0000 0.0002
vn 0.6940 0.0130 0.7199
vn -0.6940 0.0130 0.7199
vn -1.0000 0.0000 0.0002
vn -0.6944 -0.0130 -0.7194
vn 0.6949 -0.0101 -0.7191
vn -0.0000 -0.0141 -0.9999
vn 1.0000 0.0000 0.0012
vn 0.6935 0.0101 0.7204
vn -0.0000 0.0141 0.9999
vn -0.6935 0.0101 0.7204
vn -1.0000 0.0000 0.0012
vn -0.6949 -0.0101 -0.7191
vn 0.6953 -0.0045 -0.7187
vn 0.0000 -0.0062 -1.0000
vn 1.0000 0.0000 0.0023
vn 0.6930 0.0045 0.7209
vn 0.0000 0.0062 1.0000
vn -0.6930 0.0045 0.7209
vn -1.0000 0.0000 0.0023
vn -0.6953 -0.0045 -0.7187
vn 0.6958 0.0040 -0.7182
vn -0.0000 0.0055 -1.0000
vn 1.0000 -0.0000 0.0032
vn 0.6926 -0.0040 0.7213
vn 0.0000 -0.0055 1.0000
vn -0.6926 -0.0040 0.7213
vn -1.0000 -0.0000 0.0033
vn -0.6958 0.0040 -0.7182
vn 0.6959 0.0144 -0.7180
vn -0.0000 0.0201 -0.9998
vn 1.0000 -0.0001 0.0035
vn 0.6925 -0.0145 0.7213
vn 0.0000 -0.0200 0.9998
vn -0.6924 -0.0145 0.7213
vn -1.0000 -0.0001 0.0035
vn -0.6959 0.0144 -0.7180
vn 0.0000 0.0200 -0.9998
vn 0.6952 0.0228 -0.7185
vn -0.0000 0.0318 -0.9995
vn 1.0000 -0.0001 0.0019
vn 0.6932 -0.0229 0.7204
vn -0.0000 -0.0317 0.9995
vn -0.6932 -0.0229 0.7203
vn -1.0000 -0.0001 0.0019
vn -0.6952 0.0228 -0.7185
vn 0.6940 0.0253 -0.7195
vn -0.0000 0.0351 -0.9994
vn 1.0000 0.0000 -0.0002
vn 0.6944 -0.0253 0.7192
vn 0.0000 -0.0352 0.9994
vn -0.6944 -0.0253 0.7192
vn -1.0000 0.0000 -0.0002
vn -0.6940 0.0253 -0.7195
vn 0.0000 0.0353 -0.9994
vn 0.6930 0.0210 -0.7207
vn 0.0000 0.0292 -0.9996
vn 1.0000 0.0001 -0.0025
vn 0.6954 -0.0210 0.7183
vn -0.0000 -0.0292 0.9996
vn -0.6954 -0.0210 0.7183
vn -1.0000 0.0001 -0.0025
vn -0.6930 0.0210 -0.7207
vn 0.6918 0.0099 -0.7220
vn -0.0000 0.0137 -0.9999
vn 1.0000 0.0001 -0.0049
vn 0.6966 -0.0098 0.7174
vn -0.0000 -0.0137 0.9999
vn -0.6966 -0.0098 0.7174
vn -1.0000 0.0001 -0.0048
vn -0.6918 0.0099 -0.7220
vn 0.6907 -0.0085 -0.7231
vn 0.0000 -0.0117 -0.9999
vn 1.0000 -0.0001 -0.0073
vn 0.6978 0.0083 0.7163
vn 0.0000 0.0116 0.9999
vn -0.6978 0.0083 0.7163
vn -1.0000 -0.0001 -0.0073
vn -0.6906 -0.0085 -0.7232
vn 0.6894 -0.0342 -0.7235
vn 0.0000 -0.0472 -0.9989
vn 1.0000 -0.0005 -0.0098
vn 0.6989 0.0337 0.7144
vn 0.0000 0.0471 0.9989
vn -0.6990 0.0337 0.7143
vn -1.0000 -0.0005 -0.0098
vn -0.6894 -0.0342 -0.7235
vn 0.6882 -0.0676 -0.7224
vn -0.0000 -0.0932 -0.9956
vn 0.9999 -0.0012 -0.0123
vn 0.7003 0.0664 0.7108
vn 0.0000 0.0931 0.9957
vn -0.7004 0.0664 0.7107
vn -0.9999 -0.0012 -0.0123
vn -0.6882 -0.0676 -0.7224
vn 0.6865 -0.1099 -0.7187
vn -0.0000 -0.1512 -0.9885
vn 0.9999 -0.0025 -0.0156
vn 0.7020 0.1075 0.7040
vn 0.0000 0.1509 0.9885
vn -0.7020 0.1075 0.7040
vn -0.9999 -0.0025 -0.0156
vn -0.6865 -0.1099 -0.7187
vn 0.6840 -0.1651 -0.7105
vn -0.0000 -0.2263 -0.9741
vn 0.9998 -0.0048 -0.0204
vn 0.7045 0.1601 0.6914
vn -0.0000 0.2254 0.9743
vn -0.7045 0.1601 0.6914
vn -0.9998 -0.0048 -0.0204
vn -0.6840 -0.1651 -0.7105
vn 0.6809 -0.2366 -0.6931
vn 0.0000 -0.3231 -0.9464
vn 0.9996 -0.0090 -0.0258
vn 0.7077 0.2274 0.6690
vn 0.0000 0.3219 0.9468
vn -0.7077 0.2274 0.6690
vn -0.9996 -0.0090 -0.0258
vn -0.6809 -0.2366 -0.6931
vn 0.6764 -0.3287 -0.6591
vn -0.0000 -0.4463 -0.8949
vn 0.9993 -0.0167 -0.0327
vn 0.7124 0.3116 0.6288
vn 0.0000 0.4440 0.8960
vn -0.7124 0.3117 0.6288
vn -0.9993 -0.0167 -0.0327
vn -0.6764 -0.3287 -0.6591
vn 0.6762 -0.4277 -0.5999
vn 0.0000 -0.5804 -0.8143
vn 0.9993 -0.0215 -0.0309
vn 0.7131 0.4086 0.5697
vn -0.0000 0.5830 0.8125
vn -0.7131 0.4086 0.5697
vn -0.9993 -0.0215 -0.0309
vn -0.6762 -0.4277 -0.5999
vn 0.6849 -0.4907 -0.5386
vn -0.0000 -0.6734 -0.7393
vn 0.9998 -0.0124 -0.0141
vn 0.7032 0.4800 0.5245
vn -0.0000 0.6753 0.7376
vn -0.7032 0.4800 0.5245
vn -0.9998 -0.0124 -0.0141
vn -0.6849 -0.4907 -0.5386
vn 0.6907 -0.5141 -0.5085
vn -0.0000 -0.7110 -0.7032
vn 1.0000 -0.0049 -0.0049
vn 0.6976 0.5096 0.5036
vn -0.0000 0.7111 0.7031
vn -0.6976 0.5096 0.5036
vn -1.0000 -0.0049 -0.0049
vn -0.6907 -0.5141 -0.5085
vn 0.6926 -0.5232 -0.4966
vn -0.0000 -0.7253 -0.6884
vn 1.0000 -0.0024 -0.0023
vn 0.6958 0.5210 0.4944
vn -0.0000 0.7253 0.6884
vn -0.6958 0.5209 0.4944
vn -1.0000 -0.0024 -0.0023
vn -0.6926 -0.5232 -0.4966
vn 0.6905 -0.5351 -0.4867
vn -0.0000 -0.7398 -0.6728
vn 1.0000 -0.0055 -0.0050
vn 0.6978 0.5297 0.4821
vn 0.0000 0.7396 0.6730
vn -0.6979 0.5297 0.4821
vn -1.0000 -0.0056 -0.0050
vn -0.6905 -0.5351 -0.4867
vn 0.6864 -0.5621 -0.4613
vn -0.0000 -0.7730 -0.6344
vn 0.9999 -0.0124 -0.0100
vn 0.7021 0.5500 0.4523
vn -0.0000 0.7726 0.6349
vn -0.7020 0.5501 0.4522
vn -0.9999 -0.0124 -0.0100
vn -0.6864 -0.5621 -0.4613
vn 0.6863 -0.5928 -0.4214
vn -0.0000 -0.8151 -0.5794
vn 0.9999 -0.0131 -0.0095
vn 0.7025 0.5803 0.4120
vn -0.0000 0.8153 0.5790
vn -0.7023 0.5805 0.4120
vn -0.9999 -0.0131 -0.0095
vn -0.6863 -0.5928 -0.4214
vn -0.0000 -0.8150 -0.5794
vn 0.6955 -0.5974 -0.3994
vn -0.0000 -0.8313 -0.5558
vn 1.0000 0.0023 0.0016
vn 0.6926 0.5996 0.4011
vn -0.0000 0.8314 0.5557
vn -0.6925 0.5996 0.4011
vn -1.0000 0.0023 0.0016
vn -0.6955 -0.5974 -0.3994
vn 0.6852 -0.6154 -0.3895
vn 0.0000 -0.8450 -0.5348
vn 0.9999 -0.0138 -0.0075
vn 0.7006 0.6008 0.3850
vn 0.0000 0.8418 0.5397
vn -0.7006 0.6008 0.3850
vn -0.9999 -0.0138 -0.0075
vn -0.6852 -0.6154 -0.3895
vn 0.6769 -0.6614 -0.3229
vn -0.0000 -0.8987 -0.4385
vn 0.9994 -0.0315 -0.0167
vn 0.7119 0.6327 0.3048
vn 0.0000 0.9009 0.4340
vn -0.7119 0.6327 0.3048
vn -0.9994 -0.0315 -0.0167
vn -0.6769 -0.6614 -0.3229
vn 0.6910 -0.6765 -0.2549
vn -0.0000 -0.9358 -0.3526
vn 1.0000 -0.0059 -0.0023
vn 0.6972 0.6710 0.2524
vn -0.0000 0.9360 0.3521
vn -0.6971 0.6710 0.2524
vn -1.0000 -0.0059 -0.0023
vn -0.6910 -0.6765 -0.2549
vn 0.6854 -0.6927 -0.2242
vn -0.0000 -0.9514 -0.3079
vn 0.9998 -0.0168 -0.0050
vn 0.7026 0.6765 0.2207
vn 0.0000 0.9505 0.3106
vn -0.7026 0.6764 0.2209
vn -0.9998 -0.0168 -0.0050
vn -0.6854 -0.6927 -0.2242
vn 0.6792 -0.7187 -0.1492
vn -0.0000 -0.9791 -0.2032
vn 0.9995 -0.0307 -0.0064
vn 0.7099 0.6897 0.1431
vn 0.0000 0.9791 0.2034
vn -0.7099 0.6896 0.1431
vn -0.9995 -0.0307 -0.0064
vn -0.6792 -0.7187 -0.1492
vn 0.6841 -0.7264 -0.0656
vn -0.0000 -0.9959 -0.0900
vn 0.9998 -0.0204 -0.0022
vn 0.7041 0.7073 0.0625
vn -0.0000 0.9961 0.0880
vn -0.7041 0.7073 0.0625
vn -0.9998 -0.0204 -0.0022
vn -0.6841 -0.7264 -0.0656
vn 0.6896 -0.7239 -0.0187
vn -0.0000 -0.9997 -0.0258
vn 1.0000 -0.0093 -0.0003
vn 0.6987 0.7152 0.0182
vn -0.0000 0.9997 0.0256
vn -0.6988 0.7151 0.0182
vn -1.0000 -0.0094 -0.0003
vn -0.6896 -0.7239 -0.0187
vn 0.6917 -0.7222 0.0037
vn 0.0000 -1.0000 0.0051
vn 1.0000 -0.0052 0.0000
vn 0.6968 0.7173 -0.0037
vn -0.0000 1.0000 -0.0052
vn -0.6967 0.7173 -0.0037
vn -1.0000 -0.0052 0.0000
vn -0.6917 -0.7222 0.0037
vn 0.6928 -0.7209 0.0157
vn 0.0000 -0.9998 0.0218
vn 0.6956 0.7183 -0.0157
vn -0.0000 0.9998 -0.0220
vn -0.6956 0.7183 -0.0157
vn -1.0000 -0.0026 0.0001
vn -0.6928 -0.7209 0.0157
vn 0.6927 -0.7208 0.0244
vn 0.0000 -0.9994 0.0339
vn 1.0000 -0.0030 0.0001
vn 0.6957 0.7180 -0.0243
vn 0.0000 0.9994 -0.0339
vn -0.6957 0.7180 -0.0243
vn -1.0000 -0.0029 0.0001
vn -0.6927 -0.7208 0.0244
vn 0.6926 -0.7205 0.0340
vn 0.0000 -0.9989 0.0472
vn 1.0000 -0.0033 0.0002
vn 0.6958 0.7175 -0.0339
vn 0.0000 0.9989 -0.0472
vn -0.6958 0.7174 -0.0339
vn -1.0000 -0.0032 0.0001
vn -0.6926 -0.7205 0.0340
vn 0.6935 -0.7193 0.0414
vn 0.0000 -0.9983 0.0574
vn 1.0000 -0.0015 0.0001
vn 0.6949 0.7179 -0.0413
vn -0.0000 0.9983 -0.0575
vn -0.6949 0.7179 -0.0413
vn -1.0000 -0.0014 0.0001
vn -0.6935 -0.7193 0.0414
vn 0.6945 -0.7182 0.0425
vn 0.0000 -0.9982 0.0592
vn 1.0000 0.0004 -0.0000
vn 0.6939 0.7189 -0.0426
vn -0.0000 0.9983 -0.0591
vn -0.6939 0.7189 -0.0426
vn -1.0000 0.0004 -0.0000
vn -0.6945 -0.7182 0.0425
vn -0.0000 -0.9983 0.0591
vn 0.6952 -0.7178 0.0384
vn 0.0000 -0.9986 0.0534
vn 1.0000 0.0020 -0.0001
vn 0.6932 0.7197 -0.0385
vn 0.0000 0.9986 -0.0534
vn -0.6932 0.7197 -0.0385
vn -1.0000 0.0020 -0.0001
vn -0.6952 -0.7178 0.0384
vn 0.6954 -0.7179 0.0316
vn 0.0000 -0.9990 0.0440
vn 1.0000 0.0024 -0.0001
vn 0.6930 0.7203 -0.0317
vn -0.0000 0.9990 -0.0440
vn -0.6930 0.7203 -0.0317
vn -1.0000 0.0024 -0.0001
vn -0.6954 -0.7179 0.0316
vn 0.6956 -0.7180 0.0237
vn 0.0000 -0.9995 0.0329
vn 1.0000 0.0027 -0.0001
vn 0.6928 0.7207 -0.0237
vn -0.0000 0.9995 -0.0329
vn -0.6928 0.7207 -0.0237
vn -1.0000 0.0027 -0.0001
vn -0.6956 -0.7180 0.0237
vn 0.6958 -0.7181 0.0145
vn -0.0000 -0.9998 0.0201
vn 1.0000 0.0033 -0.0001
vn 0.6926 0.7212 -0.0145
vn 0.0000 0.9998 -0.0201
vn -0.6926 0.7212 -0.0145
vn -1.0000 0.0033 -0.0001
vn -0.6958 -0.7181 0.0145
vn 0.6958 -0.7182 0.0046
vn -0.0000 -1.0000 0.0064
vn 1.0000 0.0032 -0.0000
vn 0.6926 0.7213 -0.0046
vn 0.0000 1.0000 -0.0063
vn -0.6926 0.7213 -0.0046
vn -1.0000 0.0032 -0.0000
vn -0.6958 -0.7182 0.0046
vn 0.6953 -0.7187 -0.0040
vn 0.0000 -1.0000 -0.0056
vn 1.0000 0.0023 0.0000
vn 0.6930 0.7209 0.0040
vn -0.0000 1.0000 0.0055
vn -0.6930 0.7209 0.0040
vn -1.0000 0.0023 0.0000
vn -0.6953 -0.7187 -0.0040
vn 0.6948 -0.7192 -0.0092
vn -0.0000 -0.9999 -0.0129
vn 1.0000 0.0009 0.0000
vn 0.6936 0.7203 0.0093
vn -0.0000 0.9999 0.0129
vn -0.6936 0.7203 0.0093
vn -1.0000 0.0009 0.0000
vn -0.6948 -0.7192 -0.0093
vn 0.0000 -0.9999 -0.0128
vn 0.6941 -0.7198 -0.0109
vn 0.0000 -0.9999 -0.0151
vn 0.6942 0.7197 0.0109
vn 0.0000 0.9999 0.0151
vn -0.6942 0.7197 0.0109
vn -0.6942 -0.7197 -0.0109
vn 0.6936 -0.7203 -0.0089
vn 0.0000 -0.9999 -0.0124
vn 1.0000 -0.0013 -0.0000
vn 0.6948 0.7191 0.0089
vn 0.0000 0.9999 0.0124
vn -0.6948 0.7191 0.0089
vn -1.0000 -0.0013 -0.0000
vn -0.6936 -0.7203 -0.0089
vn 0.6930 -0.7209 -0.0034
vn -0.0000 -1.0000 -0.0048
vn 1.0000 -0.0024 -0.0000
vn 0.6953 0.7187 0.0034
vn -0.0000 1.0000 0.0048
vn -0.6954 0.7187 0.0034
vn -1.0000 -0.0024 -0.0000
vn -0.6930 -0.7209 -0.0034
vn 0.6930 -0.7209 0.0039
vn -0.0000 -1.0000 0.0053
vn 0.6954 0.7186 -0.0039
vn -0.0000 1.0000 -0.0054
vn -0.6954 0.7186 -0.0039
vn -0.6930 -0.7209 0.0039
vn 0.6932 -0.7206 0.0105
vn 0.0000 -0.9999 0.0146
vn 1.0000 -0.0017 0.0000
vn 0.6952 0.7188 -0.0105
vn -0.0000 0.9999 -0.0146
vn -0.6952 0.7188 -0.0105
vn -1.0000 -0.0019 0.0000
vn -0.6932 -0.7206 0.0105
vn 0.6935 -0.7203 0.0156
vn 0.0000 -0.9998 0.0216
vn 1.0000 -0.0012 0.0000
vn 0.6949 0.7189 -0.0155
vn -0.0000 0.9998 -0.0216
vn -0.6949 0.7189 -0.0155
vn -1.0000 -0.0012 0.0000
vn -0.6935 -0.7203 0.0156
vn 0.6937 -0.7200 0.0190
vn 0.0000 -0.9997 0.0264
vn 1.0000 -0.0005 0.0000
vn 0.6946 0.7191 -0.0190
vn -0.0000 0.9997 -0.0264
vn -0.6946 0.7191 -0.0190
vn -1.0000 -0.0005 0.0000
vn -0.6938 -0.7199 0.0190
vn 0.6938 -0.7199 0.0215
vn -0.0000 -0.9996 0.0298
vn 1.0000 -0.0004 0.0000
vn 0.6946 0.7191 -0.0215
vn 0.0000 0.9996 -0.0298
vn -0.6946 0.7191 -0.0215
vn -1.0000 -0.0007 0.0000
vn -0.6938 -0.7199 0.0215
vn 0.6934 -0.7201 0.0253
vn -0.0000 -0.9994 0.0351
vn 0.6950 0.7185 -0.0252
vn -0.6950 0.7185 -0.0252
vn -0.6933 -0.7202 0.0253
vn 0.6928 -0.7205 0.0323
vn -0.0000 -0.9990 0.0448
vn 1.0000 -0.0029 0.0001
vn 0.6956 0.7177 -0.0322
vn 0.0000 0.9990 -0.0448
vn -0.6956 0.7177 -0.0322
vn -0.6928 -0.7205 0.0323
vn 0.6921 -0.7205 0.0430
vn -0.0000 -0.9982 0.0596
vn 1.0000 -0.0042 0.0003
vn 0.6963 0.7165 -0.0427
vn 0.0000 0.9982 -0.0596
vn -0.6963 0.7165 -0.0427
vn -1.0000 -0.0042 0.0003
vn -0.6921 -0.7205 0.0430
vn 0.6914 -0.7202 0.0581
vn -0.0000 -0.9968 0.0803
vn 0.6970 0.7147 -0.0576
vn -0.0000 0.9968 -0.0803
vn -0.6971 0.7147 -0.0576
vn -1.0000 -0.0058 0.0005
vn -0.6914 -0.7202 0.0581
vn 0.6908 -0.7189 0.0776
vn 0.0000 -0.9942 0.1073
vn 1.0000 -0.0070 0.0008
vn 0.6977 0.7122 -0.0768
vn 0.0000 0.9942 -0.1072
vn -0.6977 0.7123 -0.0768
vn -1.0000 -0.0070 0.0008
vn -0.6908 -0.7189 0.0776
vn 0.6912 -0.7161 0.0974
vn 0.0000 -0.9909 0.1348
vn 1.0000 -0.0061 0.0008
vn 0.6972 0.7103 -0.0967
vn -0.0000 0.9909 -0.1349
vn -0.6972 0.7104 -0.0967
vn -1.0000 -0.0061 0.0008
vn -0.6912 -0.7161 0.0974
vn 0.6924 -0.7128 0.1121
vn -0.0000 -0.9879 0.1553
vn 1.0000 -0.0037 0.0006
vn 0.6961 0.7093 -0.1116
vn -0.0000 0.9879 -0.1553
vn -0.6960 0.7093 -0.1116
vn -1.0000 -0.0037 0.0006
vn -0.6923 -0.7128 0.1121
vn 0.6937 -0.7104 0.1190
vn 0.0000 -0.9863 0.1652
vn 1.0000 -0.0010 0.0002
vn 0.6947 0.7094 -0.1188
vn -0.0000 0.9863 -0.1652
vn -0.6947 0.7094 -0.1188
vn -1.0000 -0.0010 0.0002
vn -0.6937 -0.7104 0.1190
vn 0.6926 -0.7106 0.1240
vn -0.0000 -0.9851 0.1719
vn 1.0000 -0.0031 0.0006
vn 0.6957 0.7077 -0.1233
vn 0.0000 0.9852 -0.1717
vn -0.6957 0.7077 -0.1233
vn -1.0000 -0.0031 0.0006
vn -0.6926 -0.7106 0.1240
vn 0.6845 -0.7116 0.1587
vn 0.0000 -0.9760 0.2178
vn 0.9998 -0.0192 0.0047
vn 0.7037 0.6938 -0.1528
vn 0.0000 0.9766 -0.2150
vn -0.7038 0.6938 -0.1528
vn -0.9998 -0.0192 0.0047
vn -0.6844 -0.7116 0.1587
vn 0.6770 -0.6926 0.2489
vn 0.0000 -0.9411 0.3381
vn 0.9994 -0.0336 0.0123
vn 0.7121 0.6608 -0.2370
vn 0.0000 0.9413 -0.3376
vn -0.7121 0.6609 -0.2370
vn -0.9994 -0.0336 0.0123
vn -0.6770 -0.6926 0.2489
vn 0.6800 -0.6496 0.3400
vn 0.0000 -0.8860 0.4637
vn 0.9996 -0.0260 0.0131
vn 0.7084 0.6244 -0.3291
vn -0.0000 0.8846 -0.4663
vn -0.7084 0.6244 -0.3291
vn -0.9996 -0.0260 0.0131
vn -0.6800 -0.6496 0.3401
vn 0.6852 -0.6067 0.4029
vn -0.0000 -0.8331 0.5532
vn 0.9998 -0.0152 0.0100
vn 0.7030 0.5923 -0.3937
vn -0.0000 0.8329 -0.5535
vn -0.7029 0.5924 -0.3937
vn -0.9998 -0.0152 0.0100
vn -0.6852 -0.6067 0.4029
vn 0.6849 -0.5718 0.4516
vn -0.0000 -0.7848 0.6198
vn 0.9998 -0.0149 0.0119
vn 0.7033 0.5579 -0.4406
vn -0.0000 0.7848 -0.6198
vn -0.7037 0.5577 -0.4402
vn -0.9998 -0.0149 0.0119
vn -0.6849 -0.5718 0.4516
vn 0.6876 -0.5355 0.4903
vn 0.0000 -0.7376 0.6752
vn 0.9999 -0.0100 0.0089
vn 0.7007 0.5257 -0.4823
vn -0.0000 0.7369 -0.6760
vn -0.7007 0.5258 -0.4823
vn -0.9999 -0.0100 0.0089
vn -0.6876 -0.5355 0.4903
vn 0.6917 -0.5131 0.5082
vn 0.0000 -0.7105 0.7037
vn 1.0000 -0.0036 0.0035
vn 0.6967 0.5097 -0.5049
vn -0.0000 0.7103 -0.7039
vn -0.6966 0.5097 -0.5049
vn -1.0000 -0.0036 0.0035
vn -0.6917 -0.5131 0.5082
vn 0.6881 -0.4969 0.5288
vn 0.0000 -0.6848 0.7287
vn 0.9999 -0.0083 0.0091
vn 0.7002 0.4894 -0.5197
vn 0.0000 0.6853 -0.7282
vn -0.7002 0.4895 -0.5198
vn -0.9999 -0.0083 0.0091
vn -0.6881 -0.4969 0.5288
vn 0.0000 -0.6848 0.7288
vn 0.6803 -0.4525 0.5766
vn 0.0000 -0.6173 0.7867
vn 0.9996 -0.0172 0.0227
vn 0.7082 0.4374 -0.5542
vn 0.0000 0.6197 -0.7848
vn -0.7082 0.4374 -0.5542
vn -0.9996 -0.0172 0.0227
vn -0.6803 -0.4525 0.5766
vn 0.6752 -0.3653 0.6408
vn 0.0000 -0.4953 0.8687
vn 0.9992 -0.0194 0.0343
vn 0.7138 0.3475 -0.6081
vn -0.0000 0.4963 -0.8682
vn -0.7138 0.3475 -0.6081
vn -0.9992 -0.0194 0.0343
vn -0.6752 -0.3653 0.6408
vn 0.6774 -0.2570 0.6893
vn -0.0000 -0.3494 0.9370
vn 0.9994 -0.0126 0.0325
vn 0.7115 0.2434 -0.6592
vn -0.0000 0.3462 -0.9381
vn -0.7115 0.2434 -0.6592
vn -0.9994 -0.0126 0.0325
vn -0.6774 -0.2570 0.6893
vn 0.6884 -0.1842 0.7016
vn 0.0000 -0.2539 0.9672
vn 0.9999 -0.0032 0.0109
vn 0.6995 0.1801 -0.6915
vn -0.0000 0.2520 -0.9677
vn -0.6995 0.1801 -0.6916
vn -0.9999 -0.0032 0.0109
vn -0.6884 -0.1842 0.7016
vn 0.6916 -0.1602 0.7043
vn -0.0000 -0.2217 0.9751
vn 1.0000 -0.0011 0.0051
vn 0.6966 0.1594 -0.6995
vn 0.0000 0.2221 -0.9750
vn -0.6967 0.1594 -0.6995
vn -1.0000 -0.0011 0.0051
vn -0.6916 -0.1602 0.7043
vn 0.6864 -0.1292 0.7157
vn 0.0000 -0.1777 0.9841
vn 0.9999 -0.0028 0.0159
vn 0.7022 0.1267 -0.7006
vn 0.0000 0.1781 -0.9840
vn -0.7022 0.1266 -0.7006
vn -0.9999 -0.0028 0.0159
vn -0.6864 -0.1292 0.7157
vn 0.6879 -0.0830 0.7211
vn -0.0000 -0.1144 0.9934
vn 0.9999 -0.0016 0.0128
vn 0.7006 0.0813 -0.7089
vn -0.0000 0.1141 -0.9935
vn -0.7005 0.0813 -0.7090
vn -0.9999 -0.0016 0.0129
vn -0.6879 -0.0830 0.7211
vn 0.6903 -0.0513 0.7217
vn -0.0000 -0.0710 0.9975
vn 1.0000 -0.0006 0.0079
vn 0.6981 0.0507 -0.7142
vn -0.0000 0.0708 -0.9975
vn -0.6981 0.0507 -0.7142
vn -1.0000 -0.0006 0.0080
vn -0.6903 -0.0513 0.7217
vn 0.6918 -0.0319 0.7214
vn 0.0000 -0.0442 0.9990
vn 1.0000 -0.0002 0.0048
vn 0.6966 0.0317 -0.7168
vn -0.0000 0.0442 -0.9990
vn -0.6966 0.0317 -0.7168
vn -1.0000 -0.0002 0.0048
vn -0.6918 -0.0319 0.7214
vn 0.6930 -0.0208 0.7207
vn 0.0000 -0.0289 0.9996
vn 1.0000 -0.0001 0.0025
vn 0.6954 0.0207 -0.7183
vn -0.0000 0.0288 -0.9996
vn -0.6955 0.0207 -0.7183
vn -1.0000 -0.0001 0.0025
vn -0.6930 -0.0208 0.7207
vn -0.0000 -0.0288 0.9996
vn 0.6939 -0.0159 0.7199
vn 0.0000 -0.0222 0.9998
vn 0.6945 0.0159 -0.7193
vn -0.0000 0.0221 -0.9998
vn -0.6945 0.0159 -0.7193
vn -0.6939 -0.0159 0.7199
vn -0.0000 -0.0221 0.9998
vn 0.6947 -0.0165 0.7191
vn -0.0000 -0.0230 0.9997
vn 1.0000 0.0000 -0.0011
vn 0.6937 0.0166 -0.7201
vn -0.6937 0.0166 -0.7201
vn -1.0000 0.0000 -0.0009
vn -0.6947 -0.0165 0.7191
vn 0.6952 -0.0215 0.7185
vn -0.0000 -0.0300 0.9996
vn 1.0000 0.0001 -0.0021
vn 0.6932 0.0216 -0.7205
vn -0.0000 0.0300 -0.9996
vn -0.6932 0.0216 -0.7205
vn -1.0000 0.0001 -0.0021
vn -0.6952 -0.0215 0.7185
vn 0.0000 -0.0299 0.9996
vn 0.6951 -0.0279 0.7183
vn 0.0000 -0.0388 0.9992
vn 1.0000 0.0001 -0.0020
vn 0.6932 0.0280 -0.7202
vn 0.0000 0.0388 -0.9992
vn -0.6932 0.0280 -0.7202
vn -1.0000 0.0001 -0.0020
vn -0.6951 -0.0279 0.7183
vn 0.6949 -0.0332 0.7183
vn -0.0000 -0.0462 0.9989
vn 1.0000 0.0001 -0.0014
vn 0.6935 0.0332 -0.7197
vn 0.0000 0.0461 -0.9989
vn -0.6935 0.0332 -0.7197
vn -1.0000 0.0001 -0.0015
vn -0.6949 -0.0332 0.7183
vn 0.0000 -0.0461 0.9989
vn 0.6947 -0.0370 0.7184
vn 0.0000 -0.0515 0.9987
vn 1.0000 0.0000 -0.0005
vn 0.6937 0.0371 -0.7193
vn -0.0000 0.0515 -0.9987
vn -0.6937 0.0371 -0.7193
vn -1.0000 0.0000 -0.0005
vn -0.6947 -0.0370 0.7184
vn -0.0000 -0.0514 0.9987
vn 0.6944 -0.0393 0.7185
vn 0.0000 -0.0545 0.9985
vn 0.6940 0.0393 -0.7189
vn -0.0000 0.0546 -0.9985
vn -0.6940 0.0393 -0.7189
vn -0.6944 -0.0393 0.7185
vn -0.0000 -0.0546 0.9985
vn 0.6941 -0.0398 0.7187
vn 0.0000 -0.0553 0.9985
vn 0.6942 0.0398 -0.7187
vn 0.0000 0.0553 -0.9985
vn -0.6943 0.0398 -0.7186
vn -1.0000 -0.0000 0.0001
vn -0.6941 -0.0398 0.7187
vn 0.6939 -0.0387 0.7191
vn 0.0000 -0.0538 0.9986
vn 0.6945 0.0387 -0.7184
vn -0.0000 0.0538 -0.9986
vn -0.6945 0.0387 -0.7185
vn -0.6939 -0.0387 0.7191
vn 0.6936 -0.0360 0.7194
vn 0.0000 -0.0500 0.9987
vn 1.0000 -0.0000 0.0009
vn 0.6947 0.0360 -0.7184
vn -0.0000 0.0500 -0.9987
vn -0.6947 0.0360 -0.7184
vn -1.0000 -0.0000 0.0009
vn -0.6937 -0.0360 0.7194
vn 0.6936 -0.0324 0.7197
vn 0.0000 -0.0450 0.9990
vn 1.0000 -0.0001 0.0014
vn 0.6948 0.0324 -0.7185
vn -0.0000 0.0450 -0.9990
vn -0.6948 0.0324 -0.7185
vn -1.0000 -0.0001 0.0012
vn -0.6936 -0.0324 0.7196
vn 0.6935 -0.0284 0.7199
vn 0.0000 -0.0394 0.9992
vn 1.0000 -0.0000 0.0010
vn 0.6949 0.0284 -0.7186
vn -0.0000 0.0394 -0.9992
vn -0.6949 0.0284 -0.7186
vn -0.6935 -0.0284 0.7199
vn 0.6935 -0.0241 0.7201
vn -0.0000 -0.0335 0.9994
vn 0.6949 0.0241 -0.7187
vn -0.0000 0.0335 -0.9994
vn -0.6949 0.0241 -0.7187
vn -1.0000 -0.0000 0.0015
vn -0.6935 -0.0241 0.7201
vn 0.6935 -0.0196 0.7202
vn 0.0000 -0.0272 0.9996
vn 1.0000 -0.0000 0.0014
vn 0.6950 0.0196 -0.7188
vn 0.0000 0.0272 -0.9996
vn -0.6950 0.0196 -0.7188
vn -1.0000 -0.0000 0.0014
vn -0.6935 -0.0196 0.7202
vn 0.6934 -0.0148 0.7204
vn -0.0000 -0.0205 0.9998
vn 1.0000 -0.0000 0.0016
vn 0.6950 0.0147 -0.7189
vn -0.0000 0.0205 -0.9998
vn -0.6950 0.0147 -0.7189
vn -1.0000 -0.0000 0.0016
vn -0.6934 -0.0148 0.7204
vn 0.6934 -0.0096 0.7205
vn -0.0000 -0.0134 0.9999
vn 0.6951 0.0096 -0.7189
vn -0.0000 0.0134 -0.9999
vn -0.6950 0.0096 -0.7189
vn -0.6933 -0.0096 0.7206
vn 0.6932 -0.0041 0.7207
vn 0.0000 -0.0057 1.0000
vn 0.6951 0.0041 -0.7189
vn 0.0000 0.0057 -1.0000
vn -0.6951 0.0041 -0.7189
vn -1.0000 -0.0000 0.0019
vn -0.6932 -0.0041 0.7207
vn 0.6930 0.0025 0.7209
vn -0.0000 0.0035 1.0000
vn 1.0000 0.0000 0.0024
vn 0.6954 -0.0025 -0.7186
vn 0.0000 -0.0035 -1.0000
vn -0.6954 -0.0025 -0.7186
vn -1.0000 0.0000 0.0024
vn -0.6930 0.0025 0.7209
vn 0.6927 0.0108 0.7211
vn -0.0000 0.0149 0.9999
vn 1.0000 0.0000 0.0029
vn 0.6957 -0.0107 -0.7183
vn -0.0000 -0.0149 -0.9999
vn -0.6957 -0.0107 -0.7183
vn -1.0000 0.0000 0.0029
vn -0.6927 0.0108 0.7211
vn 0.6924 0.0208 0.7212
vn -0.0000 0.0289 0.9996
vn 1.0000 0.0001 0.0035
vn 0.6960 -0.0207 -0.7177
vn 0.0000 -0.0289 -0.9996
vn -0.6960 -0.0207 -0.7178
vn -1.0000 0.0001 0.0035
vn -0.6924 0.0209 0.7212
vn 0.6921 0.0328 0.7210
vn -0.0000 0.0455 0.9990
vn 1.0000 0.0002 0.0043
vn 0.6963 -0.0327 -0.7170
vn 0.0000 -0.0455 -0.9990
vn -0.6963 -0.0327 -0.7170
vn -1.0000 0.0002 0.0043
vn -0.6921 0.0328 0.7210
vn 0.6918 0.0469 0.7206
vn 0.0000 0.0649 0.9979
vn 1.0000 0.0003 0.0049
vn 0.6966 -0.0465 -0.7159
vn -0.0000 -0.0649 -0.9979
vn -0.6966 -0.0465 -0.7159
vn -1.0000 0.0003 0.0049
vn -0.6918 0.0469 0.7206
vn 0.6914 0.0630 0.7197
vn 0.0000 0.0872 0.9962
vn 1.0000 0.0005 0.0056
vn 0.6970 -0.0625 -0.7144
vn -0.0000 -0.0872 -0.9962
vn -0.6970 -0.0625 -0.7143
vn -1.0000 0.0005 0.0056
vn -0.6914 0.0630 0.7197
vn 0.6914 0.0804 0.7179
vn 0.0000 0.1113 0.9938
vn 1.0000 0.0006 0.0056
vn 0.6970 -0.0799 -0.7127
vn -0.0000 -0.1113 -0.9938
vn -0.6970 -0.0798 -0.7126
vn -1.0000 0.0006 0.0056
vn -0.6914 0.0804 0.7179
vn 0.6927 0.0936 0.7151
vn -0.0000 0.1298 0.9915
vn 1.0000 0.0004 0.0029
vn 0.6957 -0.0933 -0.7123
vn -0.0000 -0.1298 -0.9915
vn -0.6957 -0.0933 -0.7123
vn -1.0000 0.0004 0.0030
vn -0.6927 0.0936 0.7151
vn 0.6928 0.1013 0.7140
vn -0.0000 0.1405 0.9901
vn 1.0000 0.0004 0.0028
vn 0.6956 -0.1008 -0.7114
vn 0.0000 -0.1404 -0.9901
vn -0.6956 -0.1008 -0.7113
vn -1.0000 0.0004 0.0028
vn -0.6928 0.1013 0.7140
vn 0.6874 0.1264 0.7152
vn 0.0000 0.1741 0.9847
vn 0.9999 0.0026 0.0136
vn 0.7009 -0.1232 -0.7025
vn 0.0000 -0.1728 -0.9850
vn -0.7009 -0.1232 -0.7025
vn -0.9999 0.0026 0.0136
vn -0.6874 0.1265 0.7152
vn 0.6824 0.1850 0.7071
vn 0.0000 0.2532 0.9674
vn 0.9997 0.0063 0.0236
vn 0.7064 -0.1789 -0.6849
vn 0.0000 -0.2527 -0.9675
vn -0.7063 -0.1789 -0.6849
vn -0.9997 0.0063 0.0236
vn -0.6824 0.1850 0.7071
vn 0.6859 0.2457 0.6850
vn 0.0000 0.3376 0.9413
vn 0.9999 0.0055 0.0160
vn 0.7024 -0.2413 -0.6696
vn -0.0000 -0.3392 -0.9407
vn -0.7024 -0.2414 -0.6696
vn -0.9999 0.0055 0.0160
vn -0.6859 0.2457 0.6850
vn 0.6916 0.2744 0.6681
vn 0.0000 0.3798 0.9251
vn 1.0000 0.0020 0.0049
vn 0.6968 -0.2726 -0.6635
vn -0.0000 -0.3800 -0.9250
vn -0.6967 -0.2727 -0.6635
vn -1.0000 0.0020 0.0049
vn -0.6916 0.2744 0.6681
vn 0.6929 0.2839 0.6628
vn 0.0000 0.3937 0.9192
vn 1.0000 0.0010 0.0023
vn 0.6955 -0.2829 -0.6605
vn 0.0000 -0.3937 -0.9192
vn -0.6955 -0.2829 -0.6605
vn -1.0000 0.0010 0.0024
vn -0.6929 0.2839 0.6628
vn 0.6919 0.2940 0.6594
vn -0.0000 0.4072 0.9133
vn 1.0000 0.0020 0.0044
vn 0.6965 -0.2921 -0.6554
vn -0.0000 -0.4071 -0.9134
vn -0.6965 -0.2921 -0.6554
vn -1.0000 0.0019 0.0043
vn -0.6919 0.2940 0.6594
vn 0.6894 0.3139 0.6528
vn -0.0000 0.4335 0.9012
vn 1.0000 0.0042 0.0086
vn 0.6989 -0.3097 -0.6447
vn 0.0000 -0.4331 -0.9013
vn -0.6989 -0.3097 -0.6447
vn -1.0000 0.0042 0.0086
vn -0.6895 0.3139 0.6527
vn -0.0000 0.4334 0.9012
vn 0.6710 0.3848 0.6338
vn 0.0000 0.5201 0.8541
vn 0.9991 0.0239 0.0336
vn 0.7108 -0.3483 -0.6110
vn -0.0000 -0.4921 -0.8705
vn -0.7108 -0.3483 -0.6111
vn -0.9991 0.0239 0.0336
vn -0.6711 0.3847 0.6338
vn 0.6364 0.4440 0.6307
vn -0.0000 0.5773 0.8166
vn 0.9941 0.0638 0.0872
vn 0.7422 -0.3676 -0.5604
vn 0.0000 -0.5432 -0.8396
vn -0.7422 -0.3676 -0.5604
vn -0.9942 0.0638 0.0872
vn -0.6364 0.4441 0.6307
vn 0.0000 0.5772 0.8166
vn -0.0000 -0.7510 -0.6603
vn 0.6979 -0.5379 -0.4729
vn 0.6945 -0.5395 -0.4760
vn 1.0000 0.0059 0.0051
vn 1.0000 0.0006 0.0005
vn 0.6903 0.5435 0.4776
vn 0.6937 0.5401 0.4765
vn -0.0000 0.7511 0.6602
vn -0.6904 0.5434 0.4776
vn -0.6937 0.5401 0.4765
vn -1.0000 0.0058 0.0051
vn -1.0000 0.0007 0.0006
vn -0.6980 -0.5379 -0.4728
vn -0.6945 -0.5395 -0.4760
vn 0.6881 -0.5557 -0.4666
vn 0.0000 -0.7658 -0.6431
vn 0.9999 -0.0095 -0.0077
vn 0.7001 0.5462 0.4599
vn -0.0000 0.7649 0.6441
vn -0.7001 0.5462 0.4599
vn -0.9999 -0.0096 -0.0078
vn -0.6881 -0.5557 -0.4666
vn 0.6799 -0.6039 -0.4159
vn -0.0000 -0.8236 -0.5672
vn 0.9996 -0.0245 -0.0164
vn 0.7088 0.5801 0.4013
vn -0.0000 0.8224 0.5690
vn -0.7088 0.5801 0.4013
vn -0.9996 -0.0246 -0.0164
vn -0.6799 -0.6039 -0.4159
vn 0.6827 -0.6460 -0.3415
vn -0.0000 -0.8840 -0.4674
vn 0.9997 -0.0203 -0.0114
vn 0.7055 0.6275 0.3293
vn -0.0000 0.8855 0.4646
vn -0.7055 0.6276 0.3293
vn -0.9997 -0.0203 -0.0114
vn -0.6827 -0.6460 -0.3415
vn 0.6882 -0.6653 -0.2893
vn 0.0000 -0.9171 -0.3988
vn 0.9999 -0.0110 -0.0047
vn 0.7000 0.6548 0.2851
vn 0.0000 0.9169 0.3990
vn -0.7000 0.6548 0.2851
vn -0.9999 -0.0110 -0.0047
vn -0.6882 -0.6653 -0.2893
vn 0.6844 -0.6866 -0.2454
vn -0.0000 -0.9417 -0.3365
vn 0.9998 -0.0192 -0.0068
vn 0.7044 0.6683 0.2392
vn 0.0000 0.9415 0.3369
vn -0.7043 0.6684 0.2391
vn -0.9998 -0.0192 -0.0068
vn -0.6844 -0.6866 -0.2454
vn 0.6886 -0.6986 -0.1944
vn -0.0000 -0.9634 -0.2681
vn 0.9999 -0.0108 -0.0032
vn 0.6997 0.6885 0.1908
vn -0.0000 0.9636 0.2674
vn -0.6996 0.6886 0.1908
vn -0.9999 -0.0108 -0.0032
vn -0.6886 -0.6986 -0.1944
vn 0.6951 -0.6961 -0.1798
vn -0.0000 -0.9682 -0.2500
vn 1.0000 0.0018 0.0005
vn 0.6932 0.6978 0.1803
vn -0.6932 0.6979 0.1803
vn -1.0000 0.0013 0.0003
vn -0.6951 -0.6961 -0.1798
vn 0.6973 -0.6906 -0.1921
vn 1.0000 0.0061 0.0017
vn 0.6911 0.6963 0.1937
vn -0.6911 0.6963 0.1937
vn -1.0000 0.0061 0.0017
vn -0.6973 -0.6906 -0.1921
vn 0.6957 -0.6877 -0.2074
vn 1.0000 0.0030 0.0009
vn 0.6926 0.6906 0.2082
vn -0.6926 0.6906 0.2082
vn -1.0000 0.0030 0.0009
vn -0.6957 -0.6877 -0.2074
vn 0.6886 -0.6975 -0.1982
vn 0.0000 -0.9619 -0.2733
vn 0.9999 -0.0109 -0.0029
vn 0.6997 0.6870 0.1961
vn 0.0000 0.9615 0.2746
vn -0.6997 0.6870 0.1962
vn -0.9999 -0.0110 -0.0029
vn -0.6886 -0.6975 -0.1982
vn 0.6832 -0.7150 -0.1484
vn 0.9997 -0.0223 -0.0046
vn 0.7055 0.6939 0.1443
vn 0.0000 0.9791 0.2035
vn -0.7055 0.6939 0.1443
vn -0.9997 -0.0223 -0.0046
vn -0.6832 -0.7150 -0.1484
vn 0.6847 -0.7240 -0.0837
vn 0.0000 -0.9934 -0.1149
vn 0.9998 -0.0195 -0.0024
vn 0.7038 0.7057 0.0810
vn -0.0000 0.9934 0.1143
vn -0.7039 0.7057 0.0810
vn -0.9998 -0.0194 -0.0024
vn -0.6847 -0.7240 -0.0837
vn 0.6877 -0.7252 -0.0342
vn 0.0000 -0.9989 -0.0471
vn 0.9999 -0.0133 -0.0007
vn 0.7007 0.7127 0.0333
vn 0.0000 0.9989 0.0465
vn -0.7007 0.7126 0.0333
vn -0.9999 -0.0133 -0.0007
vn -0.6877 -0.7252 -0.0342
vn 0.6902 -0.7236 -0.0019
vn -0.0000 -1.0000 -0.0026
vn 1.0000 -0.0082 -0.0001
vn 0.6982 0.7159 0.0017
vn -0.0000 1.0000 0.0025
vn -0.6982 0.7159 0.0017
vn -1.0000 -0.0083 -0.0001
vn -0.6902 -0.7236 -0.0019
vn 0.6919 -0.7218 0.0174
vn 1.0000 -0.0047 0.0001
vn 0.6965 0.7173 -0.0173
vn -0.6965 0.7173 -0.0173
vn -1.0000 -0.0047 0.0001
vn -0.6919 -0.7218 0.0174
vn 0.6931 -0.7203 0.0277
vn 0.0000 -0.9993 0.0384
vn 1.0000 -0.0022 0.0001
vn 0.6953 0.7182 -0.0277
vn -0.0000 0.9993 -0.0385
vn -0.6953 0.7182 -0.0277
vn -1.0000 -0.0022 0.0001
vn -0.6931 -0.7203 0.0277
vn 0.6945 -0.7189 0.0301
vn 1.0000 0.0003 -0.0000
vn 0.6939 0.7194 -0.0302
vn -0.6939 0.7194 -0.0302
vn -1.0000 0.0003 -0.0000
vn -0.6945 -0.7189 0.0301
vn 0.6954 -0.7182 0.0255
vn 1.0000 0.0023 -0.0001
vn 0.6931 0.7204 -0.0256
vn -0.6931 0.7204 -0.0256
vn -0.6954 -0.7182 0.0255
vn 0.6955 -0.7183 0.0179
vn 1.0000 0.0028 -0.0001
vn 0.6929 0.7208 -0.0179
vn -0.6929 0.7208 -0.0179
vn -1.0000 0.0028 -0.0001
vn -0.6955 -0.7183 0.0179
vn 0.6956 -0.7184 0.0097
vn 1.0000 0.0027 -0.0000
vn 0.6928 0.7210 -0.0097
vn -0.6928 0.7210 -0.0097
vn -1.0000 0.0027 -0.0000
vn -0.6956 -0.7184 0.0097
vn 0.6952 -0.7189 0.0021
vn 0.0000 -1.0000 0.0030
vn 1.0000 0.0019 -0.0000
vn 0.6932 0.7207 -0.0022
vn -0.0000 1.0000 -0.0031
vn -0.6932 0.7207 -0.0022
vn -1.0000 0.0019 -0.0000
vn -0.6951 -0.7189 0.0021
vn 0.6934 -0.7206 0.0015
vn 1.0000 -0.0016 0.0000
vn 0.6950 0.7190 -0.0014
vn -0.6950 0.7190 -0.0014
vn -1.0000 -0.0018 0.0000
vn -0.6934 -0.7206 0.0015
vn 0.0000 -1.0000 0.0021
vn 0.6910 -0.7227 0.0139
vn -0.0000 -0.9998 0.0193
vn 1.0000 -0.0065 0.0002
vn 0.6974 0.7166 -0.0137
vn 0.0000 0.9998 -0.0191
vn -0.6974 0.7166 -0.0137
vn -1.0000 -0.0064 0.0002
vn -0.6910 -0.7227 0.0139
vn 0.6885 -0.7240 0.0416
vn 0.9999 -0.0116 0.0007
vn 0.7000 0.7130 -0.0407
vn -0.0000 0.9984 -0.0569
vn -0.6999 0.7131 -0.0407
vn -0.9999 -0.0116 0.0007
vn -0.6885 -0.7240 0.0416
vn 0.6877 -0.7216 0.0804
vn 0.9999 -0.0133 0.0014
vn 0.7009 0.7089 -0.0791
vn -0.0000 0.9938 -0.1108
vn -0.7009 0.7089 -0.0791
vn -0.9999 -0.0133 0.0014
vn -0.6877 -0.7216 0.0804
vn -0.0000 -0.9938 0.1107
vn 0.6906 -0.7145 0.1121
vn 0.0000 -0.9879 0.1550
vn 1.0000 -0.0072 0.0011
vn 0.6978 0.7076 -0.1113
vn -0.0000 0.9879 -0.1552
vn -0.6978 0.7076 -0.1113
vn -1.0000 -0.0072 0.0011
vn -0.6906 -0.7145 0.1121
vn 0.6947 -0.7090 0.1211
vn 1.0000 0.0010 -0.0002
vn 0.6936 0.7100 -0.1212
vn -0.6936 0.7100 -0.1212
vn -1.0000 0.0010 -0.0002
vn -0.6947 -0.7090 0.1211
vn 0.6983 -0.7079 0.1060
vn 0.0000 -0.9890 0.1481
vn 1.0000 0.0083 -0.0012
vn 0.6901 0.7157 -0.1070
vn 0.0000 0.9890 -0.1480
vn -0.6902 0.7157 -0.1070
vn -1.0000 0.0083 -0.0012
vn -0.6983 -0.7079 0.1060
vn 0.6986 -0.7111 0.0791
vn 0.0000 -0.9939 0.1105
vn 1.0000 0.0091 -0.0010
vn 0.6898 0.7196 -0.0802
vn -0.6898 0.7196 -0.0802
vn -1.0000 0.0090 -0.0010
vn -0.6986 -0.7111 0.0791
vn 0.6971 -0.7147 0.0565
vn 0.0000 -0.9969 0.0788
vn 1.0000 0.0060 -0.0005
vn 0.6913 0.7204 -0.0571
vn -0.0000 0.9969 -0.0789
vn -0.6913 0.7203 -0.0571
vn -1.0000 0.0060 -0.0005
vn -0.6971 -0.7147 0.0565
vn 0.6956 -0.7171 0.0433
vn 0.0000 -0.9982 0.0603
vn 1.0000 0.0029 -0.0002
vn 0.6928 0.7198 -0.0435
vn -0.0000 0.9982 -0.0604
vn -0.6928 0.7198 -0.0435
vn -1.0000 0.0028 -0.0002
vn -0.6956 -0.7171 0.0433
vn 0.6946 -0.7184 0.0382
vn 0.6938 0.7192 -0.0382
vn -0.6938 0.7191 -0.0382
vn -0.6946 -0.7184 0.0382
vn -0.0000 -0.9986 0.0530
vn 0.6951 -0.7181 0.0343
vn 1.0000 0.0019 -0.0001
vn 0.6932 0.7199 -0.0344
vn -0.6932 0.7199 -0.0344
vn -1.0000 0.0017 -0.0001
vn -0.6951 -0.7181 0.0343
vn 0.6961 -0.7175 0.0252
vn 1.0000 0.0039 -0.0001
vn 0.6923 0.7212 -0.0253
vn -0.6923 0.7212 -0.0253
vn -1.0000 0.0039 -0.0001
vn -0.6961 -0.7175 0.0252
vn 0.6957 -0.7182 0.0138
vn 1.0000 0.0029 -0.0001
vn 0.6927 0.7211 -0.0139
vn -0.6927 0.7211 -0.0139
vn -1.0000 0.0031 -0.0001
vn -0.6957 -0.7182 0.0138
vn 0.6922 -0.7216 0.0150
vn 0.0000 -0.9998 0.0208
vn 1.0000 -0.0040 0.0001
vn 0.6962 0.7177 -0.0148
vn 0.0000 0.9998 -0.0207
vn -0.6962 0.7177 -0.0148
vn -1.0000 -0.0042 0.0001
vn -0.6922 -0.7216 0.0150
vn 0.6879 -0.7246 0.0415
vn 0.9999 -0.0128 0.0009
vn 0.7005 0.7126 -0.0403
vn -0.0000 0.9984 -0.0563
vn -0.7005 0.7125 -0.0403
vn -0.9999 -0.0129 0.0009
vn -0.6879 -0.7246 0.0415
vn 0.6834 -0.7236 0.0966
vn 0.0000 -0.9912 0.1324
vn 0.9998 -0.0220 0.0031
vn 0.7051 0.7029 -0.0930
vn 0.0000 0.9914 -0.1312
vn -0.7052 0.7029 -0.0930
vn -0.9998 -0.0220 0.0031
vn -0.6834 -0.7236 0.0966
vn -0.0000 -0.9912 0.1323
vn 0.6852 -0.7106 0.1601
vn 0.0000 -0.9756 0.2198
vn 0.9998 -0.0181 0.0037
vn 0.7032 0.6933 -0.1574
vn -0.0000 0.9751 -0.2217
vn -0.7032 0.6933 -0.1576
vn -0.9998 -0.0181 0.0037
vn -0.6852 -0.7106 0.1601
vn 0.6938 -0.6955 0.1867
vn 0.0000 -0.9658 0.2592
vn 1.0000 -0.0004 0.0001
vn 0.6945 0.6949 -0.1866
vn -0.0000 0.9658 -0.2595
vn -0.6945 0.6949 -0.1866
vn -1.0000 -0.0005 0.0001
vn -0.6938 -0.6955 0.1867
vn 0.6907 -0.6958 0.1969
vn 0.0000 -0.9622 0.2723
vn 1.0000 -0.0067 0.0020
vn 0.6975 0.6896 -0.1947
vn 0.0000 0.9623 -0.2720
vn -0.6975 0.6896 -0.1947
vn -1.0000 -0.0067 0.0020
vn -0.6907 -0.6958 0.1969
vn 0.6914 -0.6886 0.2185
vn -0.0000 -0.9531 0.3025
vn 1.0000 -0.0053 0.0015
vn 0.6967 0.6837 -0.2173
vn 0.0000 0.9532 -0.3023
vn -0.6967 0.6837 -0.2173
vn -1.0000 -0.0051 0.0015
vn -0.6914 -0.6886 0.2185
vn 0.7004 -0.6843 0.2030
vn -0.0000 -0.9587 0.2844
vn 0.9999 0.0119 -0.0035
vn 0.6883 0.6954 -0.2065
vn -0.6883 0.6954 -0.2065
vn -0.9999 0.0118 -0.0035
vn -0.7004 -0.6843 0.2030
vn 0.6811 -0.6974 0.2232
vn 0.0000 -0.9523 0.3051
vn 0.9997 -0.0226 0.0088
vn 0.7048 0.6777 -0.2099
vn 0.0000 0.9554 -0.2953
vn -0.7048 0.6777 -0.2099
vn -0.9997 -0.0226 0.0088
vn -0.6811 -0.6974 0.2232
vn 0.6711 -0.6574 0.3428
vn 0.0000 -0.8866 0.4625
vn 0.9988 -0.0443 0.0217
vn 0.7196 0.6137 -0.3249
vn -0.0000 0.8837 -0.4681
vn -0.7196 0.6137 -0.3249
vn -0.9988 -0.0443 0.0217
vn -0.6710 -0.6574 0.3428
vn 0.6798 -0.5825 0.4457
vn 0.9996 -0.0220 0.0172
vn 0.7071 0.5618 -0.4294
vn -0.0000 0.7943 -0.6076
vn -0.7071 0.5618 -0.4294
vn -0.9996 -0.0220 0.0172
vn -0.6798 -0.5824 0.4456
vn 0.6691 -0.5011 0.5488
vn 0.0000 -0.6744 0.7384
vn 0.9986 -0.0347 0.0395
vn 0.7209 0.4700 -0.5093
vn -0.0000 0.6784 -0.7347
vn -0.7209 0.4700 -0.5093
vn -0.9986 -0.0347 0.0395
vn -0.6692 -0.5011 0.5488
vn 0.6725 -0.3693 0.6414
vn -0.0000 -0.4990 0.8666
vn 0.9990 -0.0231 0.0377
vn 0.7158 0.3438 -0.6079
vn -0.0000 0.4917 -0.8708
vn -0.7157 0.3438 -0.6079
vn -0.9990 -0.0231 0.0377
vn -0.6725 -0.3693 0.6414
vn 0.6833 -0.2693 0.6787
vn 0.0000 -0.3689 0.9295
vn 0.9998 -0.0085 0.0204
vn 0.7049 0.2604 -0.6598
vn 0.0000 0.3670 -0.9302
vn -0.7049 0.2604 -0.6598
vn -0.9998 -0.0084 0.0204
vn -0.6833 -0.2693 0.6787
vn 0.6873 -0.2137 0.6942
vn 0.0000 -0.2942 0.9558
vn 0.9999 -0.0042 0.0135
vn 0.7011 0.2096 -0.6815
vn -0.0000 0.2940 -0.9558
vn -0.7012 0.2096 -0.6815
vn -0.9999 -0.0042 0.0135
vn -0.6873 -0.2137 0.6942
vn -0.0000 -0.2942 0.9557
vn 0.6889 -0.1760 0.7032
vn -0.0000 -0.2428 0.9701
vn 0.9999 -0.0027 0.0105
vn 0.6996 0.1733 -0.6932
vn -0.0000 0.2427 -0.9701
vn -0.6996 0.1733 -0.6932
vn -0.9999 -0.0027 0.0105
vn -0.6889 -0.1760 0.7032
vn 0.6907 -0.1483 0.7078
vn -0.0000 -0.2051 0.9787
vn 1.0000 -0.0015 0.0071
vn 0.6977 0.1468 -0.7012
vn -0.0000 0.2050 -0.9788
vn -0.6978 0.1468 -0.7011
vn -1.0000 -0.0015 0.0070
vn -0.6907 -0.1483 0.7078
vn 0.0000 -0.2052 0.9787
vn 0.6924 -0.1318 0.7094
vn 1.0000 -0.0007 0.0036
vn 0.6960 0.1311 -0.7060
vn -0.6960 0.1311 -0.7060
vn -1.0000 -0.0007 0.0035
vn -0.6924 -0.1318 0.7094
vn 0.6923 -0.1209 0.7114
vn 1.0000 -0.0006 0.0038
vn 0.6961 0.1204 -0.7078
vn -0.6961 0.1204 -0.7078
vn -1.0000 -0.0006 0.0037
vn -0.6923 -0.1209 0.7114
vn 0.6908 -0.1049 0.7154
vn 0.0000 -0.1451 0.9894
vn 1.0000 -0.0010 0.0069
vn 0.6976 0.1041 -0.7089
vn -0.0000 0.1452 -0.9894
vn -0.6976 0.1041 -0.7089
vn -1.0000 -0.0010 0.0069
vn -0.6908 -0.1050 0.7154
vn 0.6898 -0.0810 0.7194
vn 0.0000 -0.1118 0.9937
vn 1.0000 -0.0010 0.0089
vn 0.6986 0.0801 -0.7110
vn -0.0000 0.1114 -0.9938
vn -0.6986 0.0801 -0.7110
vn -1.0000 -0.0010 0.0089
vn -0.6898 -0.0810 0.7194
vn 0.0000 -0.1119 0.9937
vn 0.6904 -0.0550 0.7214
vn -0.0000 -0.0760 0.9971
vn 0.6980 0.0543 -0.7140
vn -0.0000 0.0759 -0.9971
vn -0.6981 0.0543 -0.7140
vn -1.0000 -0.0006 0.0079
vn -0.6904 -0.0550 0.7214
vn 0.6913 -0.0341 0.7218
vn 1.0000 -0.0003 0.0060
vn 0.6971 0.0338 -0.7162
vn -0.6971 0.0338 -0.7162
vn -1.0000 -0.0003 0.0060
vn -0.6913 -0.0341 0.7218
vn 0.6921 -0.0187 0.7216
vn -0.0000 -0.0260 0.9997
vn 1.0000 -0.0001 0.0043
vn 0.6963 0.0186 -0.7175
vn -0.6963 0.0186 -0.7176
vn -1.0000 -0.0001 0.0043
vn -0.6921 -0.0187 0.7216
vn 0.6929 -0.0084 0.7210
vn -0.0000 -0.0117 0.9999
vn 1.0000 -0.0000 0.0025
vn 0.6955 0.0084 -0.7185
vn -0.0000 0.0116 -0.9999
vn -0.6955 0.0084 -0.7185
vn -1.0000 -0.0000 0.0026
vn -0.6929 -0.0084 0.7210
vn 0.6937 -0.0029 0.7203
vn 0.6947 0.0029 -0.7193
vn -0.6947 0.0029 -0.7193
vn -0.6937 -0.0029 0.7203
vn 0.6944 -0.0021 0.7195
vn -0.0000 -0.0029 1.0000
vn 0.6939 0.0021 -0.7201
vn -0.0000 0.0030 -1.0000
vn -0.6940 0.0021 -0.7200
vn -0.6944 -0.0021 0.7195
vn 0.6951 -0.0058 0.7189
vn -0.0000 -0.0080 1.0000
vn 1.0000 0.0000 -0.0018
vn 0.6933 0.0058 -0.7207
vn -0.6933 0.0058 -0.7206
vn -1.0000 0.0000 -0.0018
vn -0.6951 -0.0058 0.7189
vn 0.6952 -0.0118 0.7187
vn 1.0000 0.0000 -0.0020
vn 0.6932 0.0118 -0.7206
vn -0.6932 0.0118 -0.7206
vn -1.0000 0.0000 -0.0020
vn -0.6952 -0.0118 0.7187
vn 0.6949 -0.0170 0.7189
vn 0.6935 0.0170 -0.7202
vn -0.6935 0.0170 -0.7203
vn -1.0000 0.0000 -0.0011
vn -0.6949 -0.0170 0.7189
vn 0.6945 -0.0201 0.7192
vn 1.0000 0.0000 -0.0004
vn 0.6939 0.0201 -0.7198
vn -0.6939 0.0201 -0.7198
vn -1.0000 0.0000 -0.0004
vn -0.6945 -0.0201 0.7192
vn 0.6938 -0.0199 0.7199
vn 0.6946 0.0199 -0.7191
vn -0.6946 0.0199 -0.7191
vn -0.6938 -0.0199 0.7199
vn 0.6935 -0.0166 0.7203
vn 0.6949 0.0166 -0.7189
vn -0.6949 0.0166 -0.7189
vn -1.0000 -0.0000 0.0013
vn -0.6935 -0.0166 0.7203
vn 0.6931 -0.0111 0.7208
vn 1.0000 -0.0000 0.0022
vn 0.6953 0.0111 -0.7187
vn -0.6953 0.0111 -0.7187
vn -1.0000 -0.0000 0.0022
vn -0.6931 -0.0111 0.7208
vn 0.6929 -0.0035 0.7211
vn 1.0000 -0.0000 0.0027
vn 0.6955 0.0035 -0.7185
vn -0.6955 0.0035 -0.7185
vn -1.0000 -0.0000 0.0027
vn -0.6929 -0.0036 0.7211
vn 0.6930 0.0043 0.7209
vn 0.0000 0.0059 1.0000
vn 0.6954 -0.0043 -0.7186
vn 0.0000 -0.0060 -1.0000
vn -0.6954 -0.0043 -0.7186
vn -0.6930 0.0043 0.7209
vn 0.6949 -0.0101 -0.7190
vn -0.6949 -0.0101 -0.7190
vn 0.6949 0.0101 0.7191
vn -0.6949 0.0101 0.7190
vn 0.6953 0.0045 0.7187
vn 1.0000 -0.0000 -0.0023
vn 0.6930 -0.0045 -0.7209
vn -0.6930 -0.0045 -0.7209
vn -0.6953 0.0045 0.7187
vn 0.6958 -0.0040 0.7182
vn 1.0000 0.0000 -0.0033
vn 0.6926 0.0040 -0.7213
vn -0.6926 0.0040 -0.7213
vn -1.0000 0.0000 -0.0033
vn -0.6958 -0.0040 0.7182
vn 0.6959 -0.0144 0.7180
vn -0.0000 -0.0201 0.9998
vn 1.0000 0.0001 -0.0035
vn 0.6925 0.0145 -0.7213
vn -0.6924 0.0145 -0.7213
vn -1.0000 0.0001 -0.0035
vn -0.6960 -0.0144 0.7179
vn 0.6952 -0.0228 0.7185
vn -0.0000 -0.0318 0.9995
vn 1.0000 0.0001 -0.0019
vn 0.6932 0.0229 -0.7204
vn -0.0000 0.0317 -0.9995
vn -0.6932 0.0229 -0.7204
vn -0.6952 -0.0228 0.7185
vn 0.6940 -0.0253 0.7195
vn 0.6944 0.0253 -0.7192
vn 0.0000 0.0352 -0.9994
vn -0.6944 0.0253 -0.7192
vn -0.6940 -0.0253 0.7195
vn 0.6929 -0.0210 0.7207
vn 0.6954 0.0210 -0.7183
vn -0.6954 0.0210 -0.7183
vn -0.6930 -0.0210 0.7207
vn 0.6918 -0.0099 0.7220
vn 1.0000 -0.0001 0.0048
vn 0.6966 0.0099 -0.7174
vn -0.6966 0.0098 -0.7174
vn -1.0000 -0.0001 0.0048
vn -0.6918 -0.0099 0.7220
vn 0.6907 0.0085 0.7231
vn 0.0000 0.0117 0.9999
vn 1.0000 0.0001 0.0073
vn 0.6977 -0.0083 -0.7163
vn 0.0000 -0.0116 -0.9999
vn -0.6977 -0.0083 -0.7163
vn -1.0000 0.0001 0.0073
vn -0.6907 0.0085 0.7231
vn 0.6894 0.0342 0.7235
vn 0.0000 0.0472 0.9989
vn 1.0000 0.0005 0.0098
vn 0.6990 -0.0337 -0.7143
vn 0.0000 -0.0471 -0.9989
vn -0.6990 -0.0337 -0.7143
vn -1.0000 0.0005 0.0098
vn -0.6894 0.0342 0.7235
vn 0.6882 0.0676 0.7224
vn -0.0000 0.0932 0.9956
vn 0.9999 0.0012 0.0122
vn 0.7003 -0.0664 -0.7108
vn 0.0000 -0.0931 -0.9957
vn -0.7003 -0.0664 -0.7108
vn -0.9999 0.0012 0.0122
vn -0.6882 0.0676 0.7224
vn 0.6865 0.1099 0.7187
vn -0.0000 0.1512 0.9885
vn 0.9999 0.0025 0.0156
vn 0.7020 -0.1075 -0.7040
vn 0.0000 -0.1509 -0.9885
vn -0.7019 -0.1072 -0.7042
vn -0.9999 0.0025 0.0156
vn -0.6865 0.1099 0.7187
vn 0.6840 0.1651 0.7105
vn -0.0000 0.2263 0.9741
vn 0.9998 0.0048 0.0204
vn 0.7045 -0.1601 -0.6914
vn 0.0000 -0.2259 -0.9742
vn -0.7045 -0.1601 -0.6914
vn -0.9998 0.0048 0.0204
vn -0.6840 0.1651 0.7105
vn 0.6809 0.2366 0.6931
vn 0.0000 0.3231 0.9464
vn 0.9996 0.0090 0.0258
vn 0.7077 -0.2274 -0.6690
vn 0.0000 -0.3219 -0.9468
vn -0.7077 -0.2274 -0.6690
vn -0.9996 0.0090 0.0258
vn -0.6809 0.2366 0.6931
vn 0.6764 0.3287 0.6591
vn -0.0000 0.4463 0.8949
vn 0.9993 0.0167 0.0327
vn 0.7124 -0.3116 -0.6288
vn 0.0000 -0.4440 -0.8960
vn -0.7124 -0.3117 -0.6288
vn -0.9993 0.0167 0.0327
vn -0.6764 0.3287 0.6591
vn 0.6762 0.4277 0.5999
vn 0.0000 0.5804 0.8143
vn 0.9993 0.0215 0.0309
vn 0.7131 -0.4086 -0.5697
vn -0.0000 -0.5830 -0.8125
vn -0.7131 -0.4086 -0.5697
vn -0.9993 0.0215 0.0309
vn -0.6762 0.4277 0.5999
vn 0.6849 0.4907 0.5386
vn 0.0000 0.6734 0.7393
vn 0.9998 0.0124 0.0141
vn 0.7032 -0.4800 -0.5245
vn -0.0000 -0.6753 -0.7376
vn -0.7032 -0.4800 -0.5245
vn -0.9998 0.0124 0.0141
vn -0.6849 0.4907 0.5386
vn 0.6907 0.5141 0.5085
vn -0.0000 0.7110 0.7032
vn 1.0000 0.0049 0.0049
vn 0.6976 -0.5096 -0.5036
vn -0.0000 -0.7111 -0.7031
vn -0.6976 -0.5096 -0.5036
vn -1.0000 0.0049 0.0050
vn -0.6907 0.5141 0.5085
vn 0.6926 0.5232 0.4966
vn 1.0000 0.0024 0.0023
vn 0.6958 -0.5209 -0.4944
vn -0.6958 -0.5209 -0.4944
vn -1.0000 0.0024 0.0023
vn -0.6926 0.5232 0.4966
vn 0.6905 0.5351 0.4867
vn -0.0000 0.7398 0.6728
vn 1.0000 0.0055 0.0050
vn 0.6978 -0.5297 -0.4821
vn 0.0000 -0.7396 -0.6730
vn -0.6979 -0.5297 -0.4821
vn -1.0000 0.0056 0.0050
vn -0.6905 0.5351 0.4867
vn 0.6864 0.5621 0.4613
vn -0.0000 0.7730 0.6344
vn 0.9999 0.0124 0.0100
vn 0.7021 -0.5500 -0.4523
vn -0.0000 -0.7726 -0.6349
vn -0.7020 -0.5501 -0.4522
vn -0.9999 0.0124 0.0100
vn -0.6864 0.5621 0.4613
vn 0.6863 0.5928 0.4214
vn -0.0000 0.8151 0.5794
vn 0.9999 0.0131 0.0095
vn 0.7023 -0.5805 -0.4120
vn -0.0000 -0.8156 -0.5786
vn -0.7022 -0.5806 -0.4120
vn -0.9999 0.0131 0.0095
vn -0.6863 0.5928 0.4214
vn -0.0000 0.8150 0.5794
vn 0.6955 0.5974 0.3994
vn -0.0000 0.8313 0.5558
vn 1.0000 -0.0023 -0.0016
vn 0.6926 -0.5996 -0.4011
vn -0.0000 -0.8314 -0.5557
vn -0.6925 -0.5996 -0.4011
vn -1.0000 -0.0024 -0.0017
vn -0.6955 0.5974 0.3994
vn 0.6852 0.6154 0.3895
vn 0.0000 0.8450 0.5348
vn 0.9999 0.0138 0.0075
vn 0.7006 -0.6008 -0.3850
vn -0.0000 -0.8418 -0.5397
vn -0.7006 -0.6008 -0.3850
vn -0.9999 0.0138 0.0075
vn -0.6852 0.6154 0.3895
vn 0.6769 0.6614 0.3229
vn -0.0000 0.8987 0.4385
vn 0.9994 0.0314 0.0167
vn 0.7119 -0.6327 -0.3048
vn 0.0000 -0.9009 -0.4340
vn -0.7119 -0.6327 -0.3048
vn -0.9994 0.0314 0.0167
vn -0.6769 0.6614 0.3229
vn 0.6910 0.6765 0.2549
vn -0.0000 0.9358 0.3526
vn 1.0000 0.0059 0.0023
vn 0.6971 -0.6710 -0.2524
vn -0.0000 -0.9360 -0.3521
vn -0.6971 -0.6710 -0.2524
vn -1.0000 0.0059 0.0023
vn -0.6910 0.6765 0.2549
vn 0.6854 0.6927 0.2242
vn -0.0000 0.9514 0.3079
vn 0.9998 0.0169 0.0050
vn 0.7026 -0.6765 -0.2207
vn -0.0000 -0.9505 -0.3106
vn -0.7026 -0.6764 -0.2209
vn -0.9998 0.0168 0.0050
vn -0.6854 0.6928 0.2242
vn 0.6792 0.7187 0.1492
vn 0.9995 0.0307 0.0064
vn 0.7099 -0.6897 -0.1431
vn 0.0000 -0.9791 -0.2034
vn -0.7099 -0.6896 -0.1431
vn -0.9995 0.0307 0.0064
vn -0.6792 0.7187 0.1492
vn 0.6841 0.7264 0.0656
vn -0.0000 0.9959 0.0900
vn 0.9998 0.0204 0.0022
vn 0.7042 -0.7073 -0.0624
vn -0.0000 -0.9961 -0.0881
vn -0.7041 -0.7073 -0.0625
vn -0.9998 0.0204 0.0022
vn -0.6841 0.7264 0.0656
vn 0.6896 0.7239 0.0187
vn 0.0000 0.9997 0.0258
vn 1.0000 0.0093 0.0003
vn 0.6988 -0.7151 -0.0182
vn -0.0000 -0.9997 -0.0256
vn -0.6988 -0.7151 -0.0182
vn -1.0000 0.0094 0.0003
vn -0.6896 0.7239 0.0187
vn 0.6917 0.7222 -0.0037
vn 0.0000 1.0000 -0.0051
vn 1.0000 0.0052 -0.0000
vn 0.6968 -0.7173 0.0037
vn -0.0000 -1.0000 0.0052
vn -0.6968 -0.7173 0.0037
vn -1.0000 0.0052 -0.0000
vn -0.6917 0.7222 -0.0037
vn 0.6928 0.7209 -0.0157
vn 0.0000 0.9998 -0.0218
vn 0.6956 -0.7183 0.0157
vn -0.0000 -0.9998 0.0220
vn -0.6956 -0.7183 0.0157
vn -0.6928 0.7209 -0.0157
vn 0.6927 0.7208 -0.0244
vn 1.0000 0.0030 -0.0001
vn 0.6957 -0.7180 0.0243
vn -0.6957 -0.7180 0.0243
vn -1.0000 0.0029 -0.0001
vn -0.6927 0.7208 -0.0244
vn 0.6926 0.7205 -0.0340
vn 1.0000 0.0033 -0.0002
vn 0.6958 -0.7174 0.0339
vn -0.6958 -0.7175 0.0339
vn -1.0000 0.0033 -0.0002
vn -0.6926 0.7205 -0.0340
vn 0.6934 0.7193 -0.0414
vn 1.0000 0.0015 -0.0001
vn 0.6949 -0.7179 0.0413
vn -0.0000 -0.9983 0.0575
vn -0.6949 -0.7179 0.0413
vn -1.0000 0.0015 -0.0001
vn -0.6935 0.7193 -0.0414
vn 0.6945 0.7182 -0.0425
vn 0.0000 0.9982 -0.0592
vn 0.6939 -0.7189 0.0426
vn -0.6939 -0.7189 0.0426
vn -1.0000 -0.0004 0.0000
vn -0.6945 0.7182 -0.0425
vn 0.6952 0.7178 -0.0384
vn 1.0000 -0.0020 0.0001
vn 0.6932 -0.7197 0.0385
vn -0.6932 -0.7197 0.0385
vn -1.0000 -0.0020 0.0001
vn -0.6952 0.7178 -0.0384
vn 0.6954 0.7179 -0.0316
vn 1.0000 -0.0024 0.0001
vn 0.6930 -0.7203 0.0317
vn -0.6930 -0.7203 0.0317
vn -0.6954 0.7179 -0.0316
vn 0.6956 0.7180 -0.0237
vn 1.0000 -0.0027 0.0001
vn 0.6928 -0.7207 0.0237
vn -0.6928 -0.7207 0.0237
vn -1.0000 -0.0027 0.0001
vn -0.6956 0.7180 -0.0236
vn 0.6958 0.7181 -0.0145
vn 1.0000 -0.0033 0.0001
vn 0.6926 -0.7212 0.0145
vn -0.6926 -0.7212 0.0145
vn -1.0000 -0.0033 0.0001
vn -0.6958 0.7181 -0.0145
vn 0.6958 0.7182 -0.0046
vn 0.0000 1.0000 -0.0064
vn 1.0000 -0.0032 0.0000
vn 0.6926 -0.7213 0.0046
vn -0.0000 -1.0000 0.0063
vn -0.6926 -0.7213 0.0046
vn -1.0000 -0.0032 0.0000
vn -0.6958 0.7182 -0.0046
vn 0.6953 0.7187 0.0040
vn 0.0000 1.0000 0.0056
vn 1.0000 -0.0023 -0.0000
vn 0.6930 -0.7209 -0.0040
vn -0.0000 -1.0000 -0.0055
vn -0.6930 -0.7209 -0.0040
vn -1.0000 -0.0023 -0.0000
vn -0.6953 0.7187 0.0040
vn 0.6948 0.7192 0.0092
vn 1.0000 -0.0009 -0.0000
vn 0.6936 -0.7203 -0.0093
vn -0.6936 -0.7203 -0.0093
vn -1.0000 -0.0006 -0.0000
vn -0.6948 0.7192 0.0093
vn 0.0000 0.9999 0.0128
vn 0.6941 0.7198 0.0109
vn 0.6942 -0.7197 -0.0109
vn 0.6936 0.7203 0.0089
vn 1.0000 0.0013 0.0000
vn 0.6948 -0.7191 -0.0089
vn -0.6948 -0.7192 -0.0089
vn -1.0000 0.0013 0.0000
vn -0.6936 0.7203 0.0089
vn 0.6930 0.7209 0.0034
vn 0.6954 -0.7187 -0.0034
vn -0.6954 -0.7187 -0.0034
vn -0.6930 0.7209 0.0034
vn 0.6930 0.7209 -0.0039
vn -0.0000 1.0000 -0.0053
vn 0.6954 -0.7186 0.0039
vn -0.0000 -1.0000 0.0054
vn -0.6954 -0.7186 0.0039
vn -1.0000 0.0024 -0.0000
vn -0.6930 0.7209 -0.0039
vn 0.6932 0.7206 -0.0105
vn 1.0000 0.0017 -0.0000
vn 0.6952 -0.7188 0.0105
vn -0.6952 -0.7188 0.0105
vn -1.0000 0.0017 -0.0000
vn -0.6932 0.7206 -0.0105
vn 0.6935 0.7203 -0.0156
vn 0.6949 -0.7189 0.0155
vn -0.6949 -0.7189 0.0155
vn -1.0000 0.0014 -0.0000
vn -0.6935 0.7203 -0.0156
vn 0.6938 0.7199 -0.0190
vn 1.0000 0.0005 -0.0000
vn 0.6947 -0.7191 0.0190
vn -0.6946 -0.7191 0.0190
vn -0.6937 0.7200 -0.0190
vn 0.6938 0.7198 -0.0215
vn 0.6946 -0.7190 0.0215
vn -0.6946 -0.7191 0.0215
vn -0.6938 0.7199 -0.0215
vn 0.6933 0.7202 -0.0253
vn 1.0000 0.0017 -0.0001
vn 0.6950 -0.7185 0.0252
vn -0.6950 -0.7185 0.0252
vn -0.6933 0.7202 -0.0253
vn 0.6928 0.7205 -0.0323
vn 0.6956 -0.7177 0.0322
vn -0.6956 -0.7177 0.0322
vn -0.6928 0.7204 -0.0323
vn 0.6921 0.7205 -0.0430
vn 1.0000 0.0042 -0.0003
vn 0.6962 -0.7165 0.0427
vn -0.6963 -0.7165 0.0427
vn -1.0000 0.0042 -0.0003
vn -0.6921 0.7205 -0.0430
vn 0.6914 0.7202 -0.0581
vn 1.0000 0.0058 -0.0005
vn 0.6971 -0.7147 0.0576
vn -0.6971 -0.7147 0.0576
vn -1.0000 0.0058 -0.0005
vn -0.6914 0.7202 -0.0581
vn 0.6908 0.7189 -0.0776
vn 0.0000 0.9942 -0.1073
vn 1.0000 0.0070 -0.0008
vn 0.6977 -0.7123 0.0768
vn -0.0000 -0.9942 0.1072
vn -0.6977 -0.7123 0.0768
vn -1.0000 0.0070 -0.0008
vn -0.6908 0.7189 -0.0776
vn 0.6912 0.7161 -0.0974
vn 0.0000 0.9909 -0.1348
vn 1.0000 0.0061 -0.0008
vn 0.6972 -0.7103 0.0967
vn -0.0000 -0.9909 0.1349
vn -0.6972 -0.7103 0.0967
vn -1.0000 0.0061 -0.0008
vn -0.6912 0.7161 -0.0974
vn 0.6923 0.7128 -0.1121
vn 1.0000 0.0037 -0.0006
vn 0.6961 -0.7093 0.1116
vn -0.6961 -0.7093 0.1116
vn -1.0000 0.0037 -0.0006
vn -0.6923 0.7128 -0.1121
vn 0.6937 0.7104 -0.1190
vn 1.0000 0.0011 -0.0002
vn 0.6947 -0.7094 0.1188
vn -0.6947 -0.7094 0.1188
vn -1.0000 0.0008 -0.0001
vn -0.6937 0.7104 -0.1190
vn 0.6926 0.7106 -0.1240
vn -0.0000 0.9851 -0.1719
vn 1.0000 0.0032 -0.0006
vn 0.6957 -0.7077 0.1233
vn 0.0000 -0.9852 0.1717
vn -0.6957 -0.7077 0.1233
vn -1.0000 0.0031 -0.0006
vn -0.6926 0.7106 -0.1240
vn 0.6845 0.7116 -0.1587
vn 0.0000 0.9760 -0.2178
vn 0.9998 0.0192 -0.0047
vn 0.7038 -0.6938 0.1528
vn 0.0000 -0.9766 0.2150
vn -0.7038 -0.6938 0.1528
vn -0.9998 0.0192 -0.0047
vn -0.6844 0.7116 -0.1587
vn 0.6770 0.6926 -0.2489
vn -0.0000 0.9411 -0.3381
vn 0.9994 0.0336 -0.0123
vn 0.7121 -0.6608 0.2370
vn 0.0000 -0.9413 0.3376
vn -0.7121 -0.6609 0.2370
vn -0.9994 0.0336 -0.0123
vn -0.6770 0.6926 -0.2489
vn 0.6800 0.6496 -0.3401
vn 0.0000 0.8860 -0.4637
vn 0.9996 0.0260 -0.0131
vn 0.7084 -0.6244 0.3291
vn -0.0000 -0.8846 0.4664
vn -0.7084 -0.6244 0.3291
vn -0.9996 0.0260 -0.0131
vn -0.6800 0.6496 -0.3401
vn 0.6852 0.6067 -0.4029
vn -0.0000 0.8331 -0.5532
vn 0.9998 0.0152 -0.0100
vn 0.7029 -0.5924 0.3937
vn -0.0000 -0.8329 0.5535
vn -0.7027 -0.5926 0.3938
vn -0.9998 0.0152 -0.0100
vn -0.6852 0.6067 -0.4029
vn 0.6849 0.5718 -0.4516
vn 0.9998 0.0149 -0.0119
vn 0.7033 -0.5579 0.4406
vn -0.7037 -0.5577 0.4402
vn -0.9998 0.0149 -0.0119
vn -0.6849 0.5718 -0.4516
vn 0.6876 0.5355 -0.4903
vn 0.0000 0.7376 -0.6752
vn 0.9999 0.0100 -0.0089
vn 0.7007 -0.5257 0.4823
vn -0.0000 -0.7372 0.6756
vn -0.7007 -0.5258 0.4823
vn -0.9999 0.0100 -0.0089
vn -0.6876 0.5355 -0.4903
vn 0.6917 0.5131 -0.5082
vn 0.0000 0.7105 -0.7037
vn 1.0000 0.0036 -0.0035
vn 0.6967 -0.5097 0.5049
vn -0.0000 -0.7103 0.7039
vn -0.6967 -0.5096 0.5048
vn -1.0000 0.0036 -0.0035
vn -0.6917 0.5131 -0.5082
vn 0.6881 0.4969 -0.5288
vn 0.0000 0.6848 -0.7287
vn 0.9999 0.0083 -0.0091
vn 0.7002 -0.4895 0.5198
vn 0.0000 -0.6855 0.7280
vn -0.7002 -0.4894 0.5197
vn -0.9999 0.0083 -0.0091
vn -0.6881 0.4969 -0.5288
vn 0.0000 0.6848 -0.7288
vn 0.6803 0.4525 -0.5766
vn 0.0000 0.6173 -0.7867
vn 0.9996 0.0172 -0.0227
vn 0.7082 -0.4374 0.5542
vn 0.0000 -0.6197 0.7848
vn -0.7082 -0.4374 0.5542
vn -0.9996 0.0172 -0.0227
vn -0.6803 0.4525 -0.5766
vn 0.6752 0.3653 -0.6408
vn 0.0000 0.4953 -0.8687
vn 0.9992 0.0194 -0.0343
vn 0.7138 -0.3475 0.6081
vn 0.0000 -0.4961 0.8683
vn -0.7138 -0.3475 0.6081
vn -0.9992 0.0194 -0.0343
vn -0.6752 0.3653 -0.6408
vn 0.6774 0.2570 -0.6893
vn -0.0000 0.3494 -0.9370
vn 0.9994 0.0126 -0.0325
vn 0.7115 -0.2434 0.6591
vn -0.0000 -0.3462 0.9381
vn -0.7115 -0.2434 0.6592
vn -0.9994 0.0126 -0.0325
vn -0.6774 0.2570 -0.6893
vn 0.6884 0.1842 -0.7016
vn 0.0000 0.2539 -0.9672
vn 0.9999 0.0032 -0.0109
vn 0.6995 -0.1801 0.6915
vn -0.0000 -0.2520 0.9677
vn -0.6995 -0.1801 0.6916
vn -0.9999 0.0032 -0.0109
vn -0.6884 0.1842 -0.7016
vn 0.6916 0.1602 -0.7043
vn -0.0000 0.2217 -0.9751
vn 1.0000 0.0011 -0.0051
vn 0.6967 -0.1594 0.6994
vn 0.0000 -0.2221 0.9750
vn -0.6967 -0.1594 0.6994
vn -1.0000 0.0011 -0.0051
vn -0.6915 0.1602 -0.7044
vn 0.6864 0.1292 -0.7157
vn 0.0000 0.1777 -0.9841
vn 0.9999 0.0028 -0.0159
vn 0.7022 -0.1267 0.7006
vn 0.0000 -0.1781 0.9840
vn -0.7022 -0.1267 0.7006
vn -0.9999 0.0028 -0.0159
vn -0.6864 0.1292 -0.7157
vn 0.6879 0.0830 -0.7211
vn -0.0000 0.1144 -0.9934
vn 0.9999 0.0016 -0.0128
vn 0.7007 -0.0813 0.7088
vn -0.0000 -0.1141 0.9935
vn -0.7006 -0.0813 0.7089
vn -0.9999 0.0016 -0.0129
vn -0.6879 0.0830 -0.7211
vn 0.6903 0.0513 -0.7217
vn -0.0000 0.0710 -0.9975
vn 1.0000 0.0006 -0.0080
vn 0.6981 -0.0507 0.7142
vn -0.0000 -0.0708 0.9975
vn -0.6981 -0.0507 0.7142
vn -0.6903 0.0513 -0.7217
vn 0.6918 0.0319 -0.7214
vn 1.0000 0.0002 -0.0048
vn 0.6966 -0.0317 0.7168
vn -0.6966 -0.0317 0.7168
vn -1.0000 0.0002 -0.0048
vn -0.6918 0.0319 -0.7214
vn 0.6929 0.0208 -0.7207
vn 0.0000 0.0289 -0.9996
vn 0.6954 -0.0207 0.7183
vn -0.6954 -0.0207 0.7183
vn -0.6930 0.0208 -0.7207
vn 0.6938 0.0159 -0.7200
vn 0.6945 -0.0159 0.7193
vn -0.6945 -0.0159 0.7193
vn -0.6939 0.0159 -0.7199
vn 0.0000 0.0222 -0.9998
vn 0.6947 0.0165 -0.7191
vn 1.0000 -0.0000 0.0011
vn 0.6937 -0.0166 0.7201
vn -0.6937 -0.0166 0.7201
vn -1.0000 -0.0000 0.0011
vn -0.6947 0.0165 -0.7191
vn 0.6952 0.0215 -0.7185
vn 1.0000 -0.0001 0.0021
vn 0.6932 -0.0216 0.7205
vn -0.6932 -0.0216 0.7205
vn -1.0000 -0.0001 0.0021
vn -0.6952 0.0215 -0.7185
vn 0.6952 0.0279 -0.7183
vn 1.0000 -0.0001 0.0020
vn 0.6932 -0.0280 0.7202
vn -0.6932 -0.0280 0.7202
vn -1.0000 -0.0001 0.0020
vn -0.6951 0.0279 -0.7183
vn 0.6949 0.0332 -0.7183
vn -0.0000 0.0462 -0.9989
vn 1.0000 -0.0001 0.0015
vn 0.6935 -0.0332 0.7197
vn -0.6935 -0.0332 0.7197
vn -1.0000 -0.0001 0.0015
vn -0.6949 0.0332 -0.7183
vn 0.6947 0.0370 -0.7184
vn 1.0000 -0.0000 0.0005
vn 0.6937 -0.0371 0.7193
vn -0.6937 -0.0371 0.7193
vn -1.0000 -0.0000 0.0005
vn -0.6947 0.0370 -0.7184
vn -0.0000 0.0514 -0.9987
vn 0.6944 0.0393 -0.7185
vn 0.6940 -0.0393 0.7189
vn -0.6940 -0.0393 0.7189
vn -0.6944 0.0393 -0.7185
vn -0.0000 0.0545 -0.9985
vn 0.6941 0.0398 -0.7187
vn 1.0000 0.0000 -0.0001
vn 0.6942 -0.0398 0.7187
vn -0.6942 -0.0398 0.7187
vn -1.0000 0.0000 -0.0001
vn -0.6941 0.0398 -0.7187
vn 0.6939 0.0387 -0.7191
vn 0.0000 0.0537 -0.9986
vn 0.6945 -0.0387 0.7184
vn -0.6945 -0.0387 0.7185
vn -0.6939 0.0387 -0.7191
vn 0.6936 0.0360 -0.7194
vn 1.0000 0.0000 -0.0009
vn 0.6947 -0.0360 0.7184
vn -0.6947 -0.0360 0.7184
vn -0.6936 0.0360 -0.7194
vn 0.6936 0.0324 -0.7197
vn 1.0000 0.0001 -0.0013
vn 0.6948 -0.0324 0.7184
vn -0.6948 -0.0324 0.7185
vn -1.0000 0.0001 -0.0013
vn -0.6936 0.0324 -0.7197
vn 0.6935 0.0284 -0.7199
vn 0.6949 -0.0284 0.7185
vn -0.6949 -0.0284 0.7186
vn -0.6935 0.0284 -0.7199
vn -0.0000 0.0395 -0.9992
vn 0.6935 0.0241 -0.7200
vn 0.6949 -0.0241 0.7187
vn -0.6949 -0.0241 0.7187
vn -1.0000 0.0000 -0.0013
vn -0.6935 0.0241 -0.7201
vn 0.6935 0.0196 -0.7202
vn 1.0000 0.0000 -0.0014
vn 0.6950 -0.0196 0.7188
vn -0.6950 -0.0196 0.7188
vn -1.0000 0.0000 -0.0014
vn -0.6934 0.0196 -0.7202
vn 0.6934 0.0148 -0.7204
vn 1.0000 0.0000 -0.0016
vn 0.6950 -0.0147 0.7188
vn -0.6950 -0.0147 0.7188
vn -1.0000 0.0000 -0.0016
vn -0.6934 0.0148 -0.7204
vn 0.6933 0.0096 -0.7206
vn 0.6950 -0.0096 0.7189
vn -0.6950 -0.0096 0.7189
vn -0.6933 0.0096 -0.7206
vn 0.6932 0.0041 -0.7207
vn 1.0000 0.0000 -0.0019
vn 0.6952 -0.0041 0.7188
vn -0.6951 -0.0041 0.7189
vn -1.0000 0.0000 -0.0019
vn -0.6932 0.0041 -0.7207
vn 0.6930 -0.0025 -0.7209
vn 1.0000 -0.0000 -0.0024
vn 0.6954 0.0025 0.7186
vn -0.6954 0.0025 0.7186
vn -0.6930 -0.0025 -0.7209
vn 0.6927 -0.0108 -0.7211
vn 1.0000 -0.0000 -0.0029
vn 0.6957 0.0107 0.7183
vn -0.6957 0.0107 0.7183
vn -1.0000 -0.0000 -0.0029
vn -0.6927 -0.0108 -0.7211
vn 0.6924 -0.0208 -0.7212
vn 1.0000 -0.0001 -0.0036
vn 0.6960 0.0207 0.7177
vn -0.6960 0.0207 0.7178
vn -1.0000 -0.0001 -0.0036
vn -0.6924 -0.0208 -0.7212
vn 0.6921 -0.0328 -0.7210
vn 1.0000 -0.0002 -0.0043
vn 0.6963 0.0326 0.7170
vn -0.6963 0.0327 0.7170
vn -1.0000 -0.0002 -0.0043
vn -0.6921 -0.0328 -0.7210
vn 0.6918 -0.0469 -0.7206
vn 1.0000 -0.0003 -0.0050
vn 0.6966 0.0465 0.7159
vn -0.6966 0.0465 0.7159
vn -1.0000 -0.0003 -0.0049
vn -0.6918 -0.0469 -0.7206
vn 0.6914 -0.0630 -0.7197
vn 1.0000 -0.0005 -0.0056
vn 0.6970 0.0625 0.7144
vn -0.6970 0.0625 0.7144
vn -1.0000 -0.0005 -0.0056
vn -0.6914 -0.0630 -0.7197
vn 0.6914 -0.0804 -0.7179
vn 1.0000 -0.0006 -0.0056
vn 0.6970 0.0799 0.7127
vn -0.6970 0.0799 0.7127
vn -1.0000 -0.0006 -0.0056
vn -0.6914 -0.0804 -0.7179
vn 0.6927 -0.0936 -0.7151
vn 1.0000 -0.0004 -0.0029
vn 0.6957 0.0933 0.7123
vn -0.6957 0.0933 0.7123
vn -1.0000 -0.0004 -0.0030
vn -0.6927 -0.0936 -0.7151
vn 0.6928 -0.1013 -0.7140
vn -0.0000 -0.1405 -0.9901
vn 1.0000 -0.0004 -0.0028
vn 0.6956 0.1008 0.7113
vn 0.0000 0.1404 0.9901
vn -0.6956 0.1008 0.7114
vn -1.0000 -0.0004 -0.0028
vn -0.6928 -0.1013 -0.7140
vn 0.6874 -0.1264 -0.7152
vn 0.0000 -0.1741 -0.9847
vn 0.9999 -0.0026 -0.0136
vn 0.7009 0.1232 0.7026
vn 0.0000 0.1730 0.9849
vn -0.7010 0.1233 0.7025
vn -0.9999 -0.0026 -0.0136
vn -0.6874 -0.1264 -0.7152
vn 0.6824 -0.1850 -0.7071
vn 0.0000 -0.2532 -0.9674
vn 0.9997 -0.0063 -0.0236
vn 0.7064 0.1789 0.6849
vn 0.0000 0.2528 0.9675
vn -0.7063 0.1789 0.6849
vn -0.9997 -0.0063 -0.0237
vn -0.6824 -0.1850 -0.7071
vn 0.6859 -0.2457 -0.6850
vn 0.0000 -0.3376 -0.9413
vn 0.9999 -0.0055 -0.0160
vn 0.7024 0.2414 0.6695
vn -0.0000 0.3390 0.9408
vn -0.7022 0.2411 0.6699
vn -0.9999 -0.0055 -0.0160
vn -0.6859 -0.2457 -0.6850
vn 0.6916 -0.2744 -0.6681
vn -0.0000 -0.3798 -0.9251
vn 1.0000 -0.0020 -0.0049
vn 0.6968 0.2726 0.6635
vn -0.0000 0.3800 0.9250
vn -0.6968 0.2726 0.6635
vn -1.0000 -0.0020 -0.0049
vn -0.6916 -0.2744 -0.6681
vn 0.0000 -0.3798 -0.9250
vn 0.6929 -0.2839 -0.6628
vn 1.0000 -0.0010 -0.0023
vn 0.6955 0.2829 0.6605
vn -0.6955 0.2829 0.6605
vn -1.0000 -0.0010 -0.0023
vn -0.6929 -0.2839 -0.6628
vn 0.6919 -0.2940 -0.6594
vn -0.0000 -0.4072 -0.9133
vn 1.0000 -0.0020 -0.0044
vn 0.6965 0.2921 0.6554
vn -0.0000 0.4071 0.9134
vn -0.6965 0.2921 0.6554
vn -1.0000 -0.0019 -0.0043
vn -0.6919 -0.2940 -0.6594
vn 0.6895 -0.3139 -0.6527
vn -0.0000 -0.4335 -0.9012
vn 1.0000 -0.0042 -0.0086
vn 0.6989 0.3097 0.6447
vn 0.0000 0.4331 0.9013
vn -0.6989 0.3097 0.6447
vn -1.0000 -0.0042 -0.0086
vn -0.6895 -0.3139 -0.6527
vn -0.0000 -0.4334 -0.9012
vn 0.6710 -0.3848 -0.6338
vn 0.0000 -0.5201 -0.8541
vn 0.9991 -0.0239 -0.0336
vn 0.7108 0.3484 0.6111
vn -0.0000 0.4921 0.8705
vn -0.7108 0.3483 0.6110
vn -0.9991 -0.0239 -0.0336
vn -0.6711 -0.3847 -0.6338
vn 0.6364 -0.4440 -0.6307
vn -0.0000 -0.5773 -0.8166
vn 0.9941 -0.0638 -0.0872
vn 0.7422 0.3676 0.5604
vn 0.0000 0.5432 0.8396
vn -0.7422 0.3676 0.5604
vn -0.9942 -0.0638 -0.0872
vn -0.6364 -0.4441 -0.6307
vn 0.0000 -0.5772 -0.8166
usemtl Hay_bale_latestHay_bale1
s off
f 25/1/1 26/2/1 27/3/1
f 25/1/1 27/3/1 28/4/1
f 29/5/2 30/6/2 31/7/2
f 29/5/2 31/7/2 32/8/2
f 33/9/3 34/10/3 35/11/3
f 33/9/3 35/11/3 36/12/3
f 37/13/4 38/14/4 39/15/4
f 37/13/4 39/15/4 40/16/4
f 41/17/5 42/18/5 43/19/5
f 41/17/5 43/19/5 44/20/5
f 45/21/6 46/22/6 47/23/6
f 45/21/6 47/23/6 48/24/6
f 49/25/7 50/26/7 51/27/7
f 49/25/7 51/27/7 52/28/7
f 53/29/8 54/30/8 55/31/8
f 53/29/8 55/31/8 56/32/8
f 57/33/9 58/34/9 59/35/9
f 57/33/9 59/35/9 60/36/9
f 61/37/10 62/38/10 63/39/10
f 61/37/10 63/39/10 64/40/10
f 65/41/11 66/42/11 67/43/11
f 65/41/11 67/43/11 68/44/11
f 69/45/12 70/46/12 71/47/12
f 69/45/12 71/47/12 72/48/12
f 73/49/13 74/50/13 75/51/13
f 73/49/13 75/51/13 76/52/13
f 77/53/14 78/54/14 79/55/14
f 77/53/14 79/55/14 80/56/14
f 81/57/15 82/58/15 83/59/15
f 81/57/15 83/59/15 84/60/15
f 85/61/16 86/62/16 87/63/16
f 85/61/16 87/63/16 88/64/16
f 89/65/10 90/66/10 91/67/10
f 89/65/10 91/67/10 92/68/10
f 93/69/11 94/70/11 95/71/11
f 93/69/11 95/71/11 96/72/11
f 97/73/13 98/74/13 99/75/13
f 97/73/13 99/75/13 100/76/13
f 101/77/14 102/78/14 103/79/14
f 101/77/14 103/79/14 104/80/14
f 105/81/15 106/82/15 107/83/15
f 105/81/15 107/83/15 108/84/15
f 109/85/16 110/86/16 111/87/16
f 109/85/16 111/87/16 112/88/16
f 113/89/9 114/90/9 115/91/9
f 113/89/9 115/91/9 116/92/9
f 117/93/8 118/94/8 119/95/8
f 117/93/8 119/95/8 120/96/8
f 121/97/7 122/98/7 123/99/7
f 121/97/7 123/99/7 124/100/7
f 125/101/12 126/102/12 127/103/12
f 125/101/12 127/103/12 128/104/12
f 129/105/17 130/106/17 131/107/17
f 129/105/17 131/107/17 132/108/17
f 133/109/18 134/110/18 135/111/18
f 133/109/18 135/111/18 136/112/18
f 137/113/2 138/114/2 139/115/2
f 137/113/2 139/115/2 140/116/2
f 141/117/1 142/118/1 143/119/1
f 141/117/1 143/119/1 144/120/1
f 145/121/17 146/122/17 147/123/17
f 145/121/17 147/123/17 148/124/17
f 149/125/4 150/126/4 151/127/4
f 149/125/4 151/127/4 152/128/4
f 153/129/16 154/130/16 155/131/16
f 153/129/16 155/131/16 156/132/16
f 157/133/16 158/134/16 159/135/16
f 157/133/16 159/135/16 160/136/16
f 177/137/3 178/138/3 179/139/3
f 177/137/3 179/139/3 180/140/3
f 181/141/18 182/142/18 183/143/18
f 181/141/18 183/143/18 184/144/18
f 185/145/5 186/146/5 187/147/5
f 185/145/5 187/147/5 188/148/5
f 189/149/6 190/150/6 191/151/6
f 189/149/6 191/151/6 192/152/6
f 193/153/15 194/154/15 195/155/15
f 193/153/15 195/155/15 196/156/15
f 197/157/15 198/158/15 199/159/15
f 197/157/15 199/159/15 200/160/15
f 217/161/19 218/162/19 219/163/19
f 217/161/19 219/163/19 220/164/19
f 221/165/20 222/166/20 223/167/20
f 221/165/21 223/167/21 224/168/21
f 225/169/22 226/170/22 227/171/22
f 225/169/22 227/171/22 228/172/22
f 229/173/23 230/174/23 231/175/23
f 229/173/23 231/175/23 232/176/23
f 233/177/24 234/178/24 235/179/24
f 233/177/24 235/179/24 236/180/24
f 237/181/25 238/182/25 239/183/25
f 237/181/25 239/183/25 240/184/25
f 241/185/26 242/186/26 243/187/26
f 241/185/26 243/187/26 244/188/26
f 245/189/27 246/190/27 247/191/27
f 245/189/27 247/191/27 248/192/27
f 249/193/28 250/194/28 251/195/28
f 249/193/28 251/195/28 252/196/28
f 253/197/29 254/198/29 255/199/29
f 257/200/30 259/201/30 260/202/30
f 261/203/31 262/204/31 263/205/31
f 261/203/31 263/205/31 264/206/31
f 265/207/32 266/208/32 267/209/32
f 265/207/32 267/209/32 268/210/32
f 269/211/33 270/212/33 271/213/33
f 269/211/33 271/213/33 272/214/33
f 273/215/34 274/216/34 275/217/34
f 273/215/34 275/217/34 276/218/34
f 277/219/35 278/220/35 279/221/35
f 277/219/35 279/221/35 280/222/35
f 281/223/36 282/224/36 283/225/36
f 281/223/36 283/225/36 284/226/36
f 285/227/37 286/228/37 287/229/37
f 285/227/37 287/229/37 288/230/37
f 289/231/38 290/232/38 291/233/38
f 289/231/38 291/233/38 292/234/38
f 293/235/39 294/236/39 295/237/39
f 293/235/39 295/237/39 296/238/39
f 297/239/40 298/240/40 299/241/40
f 297/239/40 299/241/40 300/242/40
f 301/243/41 302/244/41 303/245/41
f 301/243/41 303/245/41 304/246/41
f 305/247/42 306/248/42 307/249/42
f 305/247/42 307/249/42 308/250/42
f 309/251/43 310/252/43 311/253/43
f 309/251/43 311/253/43 312/254/43
f 313/255/44 314/256/44 315/257/44
f 313/255/44 315/257/44 316/258/44
f 317/259/45 318/260/45 319/261/45
f 317/259/45 319/261/45 320/262/45
f 321/263/46 322/264/46 323/265/46
f 321/263/46 323/265/46 324/266/46
f 325/267/47 326/268/47 327/269/47
f 325/267/47 327/269/47 328/270/47
f 329/271/48 330/272/48 331/273/48
f 329/271/48 331/273/48 332/274/48
f 333/275/49 334/276/49 335/277/49
f 333/275/49 335/277/49 336/278/49
f 337/279/50 338/280/50 339/281/50
f 337/279/50 339/281/50 340/282/50
f 341/283/51 342/284/51 343/285/51
f 341/283/51 343/285/51 344/286/51
f 345/287/52 346/288/52 347/289/52
f 345/287/52 347/289/52 348/290/52
f 349/291/53 350/292/53 351/293/53
f 349/291/53 351/293/53 352/294/53
f 353/295/54 354/296/54 355/297/54
f 353/295/54 355/297/54 356/298/54
f 357/299/55 358/300/55 359/301/55
f 357/299/55 359/301/55 360/302/55
f 361/303/56 362/304/56 363/305/56
f 361/303/56 363/305/56 364/306/56
f 365/307/57 367/308/57 368/309/57
f 369/310/58 370/311/58 371/312/58
f 369/310/58 371/312/58 372/313/58
f 373/314/59 374/315/59 375/316/59
f 373/314/59 375/316/59 376/317/59
f 377/318/60 378/319/60 379/320/60
f 377/318/60 379/320/60 380/321/60
f 381/322/61 382/323/61 383/324/61
f 381/322/61 383/324/61 384/325/61
f 385/326/62 386/327/62 387/328/62
f 385/326/62 387/328/62 388/329/62
f 389/330/63 390/331/63 391/332/63
f 389/330/63 391/332/63 392/333/63
f 393/334/64 394/335/64 395/336/64
f 393/334/64 395/336/64 396/337/64
f 397/338/65 398/339/65 399/340/65
f 397/338/65 399/340/65 400/341/65
f 401/342/66 402/343/66 403/344/66
f 401/342/66 403/344/66 404/345/66
f 405/346/67 406/347/67 407/348/67
f 405/346/67 407/348/67 408/349/67
f 409/350/68 410/351/68 411/352/68
f 409/350/68 411/352/68 412/353/68
f 413/354/69 414/355/69 415/356/69
f 413/354/69 415/356/69 416/357/69
f 417/358/70 418/359/70 419/360/70
f 417/358/70 419/360/70 420/361/70
f 421/362/71 422/363/71 423/364/71
f 421/362/71 423/364/71 424/365/71
f 425/366/72 426/367/72 427/368/72
f 429/369/73 430/370/73 431/371/73
f 429/369/73 431/371/73 432/372/73
f 433/373/74 434/374/74 435/375/74
f 433/373/74 435/375/74 436/376/74
f 437/377/75 438/378/75 439/379/75
f 437/377/75 439/379/75 440/380/75
f 441/381/76 442/382/76 443/383/76
f 441/381/76 443/383/76 444/384/76
f 445/385/77 446/386/77 447/387/77
f 445/385/77 447/387/77 448/388/77
f 449/389/78 450/390/78 451/391/78
f 449/389/78 451/391/78 452/392/78
f 453/393/79 454/394/79 455/395/79
f 453/393/79 455/395/79 456/396/79
f 457/397/80 459/398/80 460/399/80
f 461/400/81 462/401/81 463/402/81
f 461/400/81 463/402/81 464/403/81
f 465/404/82 466/405/82 467/406/82
f 465/404/82 467/406/82 468/407/82
f 469/408/83 470/409/83 471/410/83
f 469/408/83 471/410/83 472/411/83
f 473/412/84 474/413/84 475/414/84
f 473/412/84 475/414/84 476/415/84
f 477/416/85 478/417/85 479/418/85
f 477/416/85 479/418/85 480/419/85
f 481/420/86 482/421/86 483/422/86
f 481/420/86 483/422/86 484/423/86
f 485/424/87 486/425/87 487/426/87
f 485/424/87 487/426/87 488/427/87
f 489/428/88 490/429/88 491/430/88
f 489/428/88 491/430/88 492/431/88
f 493/432/89 494/433/89 495/434/89
f 493/432/89 495/434/89 496/435/89
f 497/436/90 498/437/90 499/438/90
f 497/436/90 499/438/90 500/439/90
f 501/440/91 502/441/91 503/442/91
f 501/440/91 503/442/91 504/443/91
f 505/444/92 506/445/92 507/446/92
f 505/444/92 507/446/92 508/447/92
f 509/448/93 510/449/93 511/450/93
f 509/448/93 511/450/93 512/451/93
f 513/452/94 514/453/94 515/454/94
f 513/452/94 515/454/94 516/455/94
f 517/456/95 518/457/95 519/458/95
f 517/456/95 519/458/95 520/459/95
f 521/460/96 522/461/96 523/462/96
f 521/460/96 523/462/96 524/463/96
f 525/464/97 526/465/97 527/466/97
f 525/464/97 527/466/97 528/467/97
f 529/468/98 530/469/98 531/470/98
f 529/468/98 531/470/98 532/471/98
f 533/472/99 534/473/99 535/474/99
f 533/472/99 535/474/99 536/475/99
f 537/476/100 538/477/100 539/478/100
f 537/476/100 539/478/100 540/479/100
f 541/480/101 542/481/101 543/482/101
f 541/480/101 543/482/101 544/483/101
f 545/484/102 546/485/102 547/486/102
f 545/484/102 547/486/102 548/487/102
f 549/488/103 550/489/103 551/490/103
f 549/488/103 551/490/103 552/491/103
f 553/492/104 554/493/104 555/494/104
f 553/492/104 555/494/104 556/495/104
f 557/496/105 558/497/105 559/498/105
f 557/496/105 559/498/105 560/499/105
f 561/500/106 562/501/106 563/502/106
f 561/500/106 563/502/106 564/503/106
f 565/504/107 566/505/107 567/506/107
f 565/504/107 567/506/107 568/507/107
f 569/508/108 570/509/108 571/510/108
f 569/508/108 571/510/108 572/511/108
f 573/512/109 574/513/109 575/514/109
f 573/512/109 575/514/109 576/515/109
f 577/516/110 578/517/110 579/518/110
f 585/519/111 586/520/111 587/521/111
f 585/519/111 587/521/111 588/522/111
f 589/523/112 590/524/112 591/525/112
f 589/523/112 591/525/112 592/526/112
f 593/527/113 594/528/113 595/529/113
f 593/527/113 595/529/113 596/530/113
f 597/531/114 598/532/114 599/533/114
f 597/531/114 599/533/114 600/534/114
f 601/535/115 602/536/115 603/537/115
f 601/535/115 603/537/115 604/538/115
f 605/539/116 606/540/116 607/541/116
f 605/539/116 607/541/116 608/542/116
f 609/543/117 610/544/117 611/545/117
f 609/543/117 611/545/117 612/546/117
f 613/547/118 614/548/118 615/549/118
f 613/547/118 615/549/118 616/550/118
f 617/551/119 618/552/119 619/553/119
f 617/551/119 619/553/119 620/554/119
f 621/555/120 622/556/120 623/557/120
f 621/555/120 623/557/120 624/558/120
f 625/559/121 626/560/121 627/561/121
f 625/559/121 627/561/121 628/562/121
f 629/563/122 630/564/122 631/565/122
f 629/563/122 631/565/122 632/566/122
f 633/567/123 634/568/123 635/569/123
f 633/567/123 635/569/123 636/570/123
f 637/571/124 639/572/124 640/573/124
f 641/574/125 642/575/125 643/576/125
f 641/574/125 643/576/125 644/577/125
f 645/578/126 646/579/126 647/580/126
f 645/578/126 647/580/126 648/581/126
f 649/582/127 650/583/127 651/584/127
f 649/582/127 651/584/127 652/585/127
f 653/586/128 654/587/128 655/588/128
f 653/586/128 655/588/128 656/589/128
f 657/590/129 658/591/129 659/592/129
f 657/590/129 659/592/129 660/593/129
f 661/594/130 662/595/130 663/596/130
f 661/594/130 663/596/130 664/597/130
f 665/598/131 666/599/131 667/600/131
f 665/598/131 667/600/131 668/601/131
f 669/602/132 670/603/132 671/604/132
f 669/602/132 671/604/132 672/605/132
f 673/606/133 674/607/133 675/608/133
f 673/606/133 675/608/133 676/609/133
f 677/610/134 678/611/134 679/612/134
f 677/610/134 679/612/134 680/613/134
f 681/614/135 682/615/135 683/616/135
f 681/614/135 683/616/135 684/617/135
f 685/618/136 686/619/136 687/620/136
f 685/618/136 687/620/136 688/621/136
f 689/622/137 690/623/137 691/624/137
f 689/622/137 691/624/137 692/625/137
f 693/626/138 694/627/138 695/628/138
f 693/626/138 695/628/138 696/629/138
f 697/630/139 698/631/139 699/632/139
f 701/633/140 702/634/140 703/635/140
f 701/633/140 703/635/140 704/636/140
f 705/637/141 706/638/141 707/639/141
f 705/637/141 707/639/141 708/640/141
f 709/641/142 710/642/142 711/643/142
f 709/641/142 711/643/142 712/644/142
f 713/645/143 714/646/143 715/647/143
f 713/645/143 715/647/143 716/648/143
f 717/649/144 718/650/144 719/651/144
f 717/649/144 719/651/144 720/652/144
f 721/653/145 722/654/145 723/655/145
f 721/653/145 723/655/145 724/656/145
f 725/657/146 726/658/146 727/659/146
f 725/657/146 727/659/146 728/660/146
f 729/661/147 730/662/147 731/663/147
f 729/661/147 731/663/147 732/664/147
f 733/665/148 734/666/148 735/667/148
f 733/665/148 735/667/148 736/668/148
f 737/669/149 738/670/149 739/671/149
f 737/669/149 739/671/149 740/672/149
f 741/673/150 742/674/150 743/675/150
f 741/673/150 743/675/150 744/676/150
f 745/677/151 746/678/151 747/679/151
f 745/677/151 747/679/151 748/680/151
f 749/681/152 750/682/152 751/683/152
f 749/681/152 751/683/152 752/684/152
f 753/685/153 754/686/153 755/687/153
f 753/685/153 755/687/153 756/688/153
f 757/689/154 758/690/154 759/691/154
f 757/689/154 759/691/154 760/692/154
f 761/693/155 762/694/155 763/695/155
f 761/693/155 763/695/155 764/696/155
f 765/697/156 766/698/156 767/699/156
f 765/697/156 767/699/156 768/700/156
f 769/701/157 770/702/157 771/703/157
f 769/701/157 771/703/157 772/704/157
f 773/705/158 774/706/158 775/707/158
f 773/705/158 775/707/158 776/708/158
f 777/709/159 778/710/159 779/711/159
f 777/709/159 779/711/159 780/712/159
f 781/713/160 782/714/160 783/715/160
f 781/713/160 783/715/160 784/716/160
f 785/717/161 786/718/161 787/719/161
f 785/717/161 787/719/161 788/720/161
f 789/721/162 790/722/162 791/723/162
f 789/721/162 791/723/162 792/724/162
f 793/725/163 794/726/163 795/727/163
f 793/725/163 795/727/163 796/728/163
f 797/729/164 798/730/164 799/731/164
f 797/729/164 799/731/164 800/732/164
f 801/733/165 802/734/165 803/735/165
f 801/733/165 803/735/165 804/736/165
f 805/737/166 806/738/166 807/739/166
f 805/737/166 807/739/166 808/740/166
f 809/741/167 810/742/167 811/743/167
f 809/741/167 811/743/167 812/744/167
f 813/745/168 814/746/168 815/747/168
f 813/745/168 815/747/168 816/748/168
f 817/749/169 818/750/169 819/751/169
f 817/749/169 819/751/169 820/752/169
f 821/753/170 822/754/170 823/755/170
f 821/753/170 823/755/170 824/756/170
f 825/757/171 826/758/171 827/759/171
f 825/757/171 827/759/171 828/760/171
f 829/761/172 830/762/172 831/763/172
f 829/761/172 831/763/172 832/764/172
f 833/765/173 834/766/173 835/767/173
f 833/765/173 835/767/173 836/768/173
f 837/769/174 838/770/174 839/771/174
f 837/769/174 839/771/174 840/772/174
f 841/773/175 842/774/175 843/775/175
f 841/773/175 843/775/175 844/776/175
f 845/777/176 846/778/176 847/779/176
f 845/777/176 847/779/176 848/780/176
f 849/781/177 850/782/177 851/783/177
f 849/781/177 851/783/177 852/784/177
f 853/785/178 854/786/178 855/787/178
f 853/785/178 855/787/178 856/788/178
f 857/789/179 858/790/179 859/791/179
f 857/789/179 859/791/179 860/792/179
f 861/793/180 862/794/180 863/795/180
f 861/793/180 863/795/180 864/796/180
f 865/797/181 866/798/181 867/799/181
f 865/797/181 867/799/181 868/800/181
f 869/801/182 870/802/182 871/803/182
f 869/801/182 871/803/182 872/804/182
f 873/805/183 874/806/183 875/807/183
f 873/805/183 875/807/183 876/808/183
f 877/809/34 878/810/34 879/811/34
f 877/809/34 879/811/34 880/812/34
f 881/813/46 882/814/46 883/815/46
f 881/813/46 883/815/46 884/816/46
f 885/817/184 886/818/184 887/819/184
f 885/817/184 887/819/184 888/820/184
f 889/821/185 890/822/185 891/823/185
f 889/821/185 891/823/185 892/824/185
f 893/825/186 894/826/186 895/827/186
f 893/825/186 895/827/186 896/828/186
f 897/829/187 898/830/187 899/831/187
f 897/829/187 899/831/187 900/832/187
f 901/833/62 902/834/62 903/835/62
f 901/833/62 903/835/62 904/836/62
f 905/837/74 906/838/74 907/839/74
f 905/837/74 907/839/74 908/840/74
f 909/841/188 910/842/188 911/843/188
f 909/841/188 911/843/188 912/844/188
f 913/845/189 914/846/189 915/847/189
f 913/845/189 915/847/189 916/848/189
f 917/849/190 918/850/190 919/851/190
f 917/849/190 919/851/190 920/852/190
f 921/853/191 922/854/191 923/855/191
f 921/853/191 923/855/191 924/856/191
f 925/857/192 926/858/192 927/859/192
f 925/857/192 927/859/192 928/860/192
f 929/861/193 930/862/193 931/863/193
f 929/861/193 931/863/193 932/864/193
f 933/865/194 934/866/194 935/867/194
f 933/865/194 935/867/194 936/868/194
f 937/869/195 938/870/195 939/871/195
f 937/869/195 939/871/195 940/872/195
f 941/873/196 942/874/196 943/875/196
f 941/873/196 943/875/196 944/876/196
f 945/877/197 946/878/197 947/879/197
f 945/877/197 947/879/197 948/880/197
f 949/881/198 950/882/198 951/883/198
f 949/881/198 951/883/198 952/884/198
f 953/885/199 954/886/199 955/887/199
f 953/885/199 955/887/199 956/888/199
f 957/889/200 958/890/200 959/891/200
f 957/889/200 959/891/200 960/892/200
f 961/893/201 962/894/201 963/895/201
f 961/893/201 963/895/201 964/896/201
f 965/897/202 966/898/202 967/899/202
f 965/897/202 967/899/202 968/900/202
f 969/901/203 970/902/203 971/903/203
f 969/901/203 971/903/203 972/904/203
f 973/905/204 974/906/204 975/907/204
f 973/905/204 975/907/204 976/908/204
f 977/909/205 978/910/205 979/911/205
f 977/909/205 979/911/205 980/912/205
f 981/913/206 982/914/206 983/915/206
f 981/913/206 983/915/206 984/916/206
f 985/917/207 986/918/207 987/919/207
f 985/917/207 987/919/207 988/920/207
f 989/921/208 990/922/208 991/923/208
f 989/921/208 991/923/208 992/924/208
f 993/925/209 994/926/209 995/927/209
f 993/925/209 995/927/209 996/928/209
f 997/929/210 998/930/210 999/931/210
f 997/929/210 999/931/210 1000/932/210
f 1001/933/211 1002/934/211 1003/935/211
f 1001/933/211 1003/935/211 1004/936/211
f 1005/937/212 1006/938/212 1007/939/212
f 1005/937/212 1007/939/212 1008/940/212
f 1009/941/213 1010/942/213 1011/943/213
f 1009/941/213 1011/943/213 1012/944/213
f 1013/945/214 1014/946/214 1015/947/214
f 1013/945/214 1015/947/214 1016/948/214
f 1017/949/215 1018/950/215 1019/951/215
f 1017/949/215 1019/951/215 1020/952/215
f 1021/953/216 1022/954/216 1023/955/216
f 1021/953/216 1023/955/216 1024/956/216
f 1025/957/217 1026/958/217 1027/959/217
f 1025/957/217 1027/959/217 1028/960/217
f 1029/961/218 1030/962/218 1031/963/218
f 1029/961/218 1031/963/218 1032/964/218
f 1033/965/219 1034/966/219 1035/967/219
f 1033/965/219 1035/967/219 1036/968/219
f 1037/969/220 1038/970/220 1039/971/220
f 1037/969/220 1039/971/220 1040/972/220
f 1041/973/221 1042/974/221 1043/975/221
f 1041/973/221 1043/975/221 1044/976/221
f 1045/977/222 1046/978/222 1047/979/222
f 1045/977/222 1047/979/222 1048/980/222
f 1049/981/223 1050/982/223 1051/983/223
f 1049/981/223 1051/983/223 1052/984/223
f 1053/985/224 1054/986/224 1055/987/224
f 1053/985/224 1055/987/224 1056/988/224
f 1057/989/225 1058/990/225 1059/991/225
f 1057/989/225 1059/991/225 1060/992/225
f 1061/993/226 1062/994/226 1063/995/226
f 1061/993/226 1063/995/226 1064/996/226
f 1065/997/227 1066/998/227 1067/999/227
f 1065/997/227 1067/999/227 1068/1000/227
f 1069/1001/228 1070/1002/228 1071/1003/228
f 1069/1001/228 1071/1003/228 1072/1004/228
f 1073/1005/229 1074/1006/229 1075/1007/229
f 1073/1005/229 1075/1007/229 1076/1008/229
f 1077/1009/15 1078/1010/15 1079/1011/15
f 1077/1009/15 1079/1011/15 1080/1012/15
f 1081/1013/15 1082/1014/15 1083/1015/15
f 1081/1013/15 1083/1015/15 1084/1016/15
f 1085/1017/16 1086/1018/16 1087/1019/16
f 1085/1017/16 1087/1019/16 1088/1020/16
f 1089/1021/16 1090/1022/16 1091/1023/16
f 1089/1021/16 1091/1023/16 1092/1024/16
f 1093/1025/230 1094/1026/230 1095/1027/230
f 1093/1025/230 1095/1027/230 1096/1028/230
f 1097/1029/230 1098/1030/230 1099/1031/230
f 1097/1029/230 1099/1031/230 1100/1032/230
f 1101/1033/231 1102/1034/231 1103/1035/231
f 1101/1033/231 1103/1035/231 1104/1036/231
f 1105/1037/231 1106/1038/231 1107/1039/231
f 1105/1037/231 1107/1039/231 1108/1040/231
f 1109/1041/232 1110/1042/232 1111/1043/232
f 1109/1041/232 1111/1043/232 1112/1044/232
f 1113/1045/233 1114/1046/233 1115/1047/233
f 1113/1045/233 1115/1047/233 1116/1048/233
f 1117/1049/234 1118/1050/234 1119/1051/234
f 1117/1049/234 1119/1051/234 1120/1052/234
f 1121/1053/235 1122/1054/235 1123/1055/235
f 1121/1053/235 1123/1055/235 1124/1056/235
f 1125/1057/236 1126/1058/236 1127/1059/236
f 1125/1057/236 1127/1059/236 1128/1060/236
f 1129/1061/237 1130/1062/237 1131/1063/237
f 1129/1061/237 1131/1063/237 1132/1064/237
f 1133/1065/238 1134/1066/238 1135/1067/238
f 1133/1065/238 1135/1067/238 1136/1068/238
f 1137/1069/239 1138/1070/239 1139/1071/239
f 1141/1072/240 1142/1073/240 1143/1074/240
f 1141/1072/240 1143/1074/240 1144/1075/240
f 1145/1076/241 1146/1077/241 1147/1078/241
f 1145/1076/241 1147/1078/241 1148/1079/241
f 1149/1080/242 1150/1081/242 1151/1082/242
f 1149/1080/242 1151/1082/242 1152/1083/242
f 1153/1084/243 1154/1085/243 1155/1086/243
f 1153/1084/243 1155/1086/243 1156/1087/243
f 1157/1088/244 1158/1089/244 1159/1090/244
f 1157/1088/244 1159/1090/244 1160/1091/244
f 1161/1092/245 1162/1093/245 1163/1094/245
f 1165/1095/246 1166/1096/246 1167/1097/246
f 1165/1095/246 1167/1097/246 1168/1098/246
f 1169/1099/247 1170/1100/247 1171/1101/247
f 1169/1099/247 1171/1101/247 1172/1102/247
f 1173/1103/248 1174/1104/248 1175/1105/248
f 1173/1103/248 1175/1105/248 1176/1106/248
f 1177/1107/249 1178/1108/249 1179/1109/249
f 1177/1107/249 1179/1109/249 1180/1110/249
f 1181/1111/250 1182/1112/250 1183/1113/250
f 1181/1111/250 1183/1113/250 1184/1114/250
f 1185/1115/251 1186/1116/251 1187/1117/251
f 1185/1115/251 1187/1117/251 1188/1118/251
f 1189/1119/252 1190/1120/252 1191/1121/252
f 1189/1119/252 1191/1121/252 1192/1122/252
f 1193/1123/253 1194/1124/253 1195/1125/253
f 1193/1123/253 1195/1125/253 1196/1126/253
f 1197/1127/254 1198/1128/254 1199/1129/254
f 1197/1127/254 1199/1129/254 1200/1130/254
f 1201/1131/255 1202/1132/255 1203/1133/255
f 1201/1131/255 1203/1133/255 1204/1134/255
f 1205/1135/256 1206/1136/256 1207/1137/256
f 1205/1135/256 1207/1137/256 1208/1138/256
f 1209/1139/257 1210/1140/257 1211/1141/257
f 1209/1139/257 1211/1141/257 1212/1142/257
f 1213/1143/258 1214/1144/258 1215/1145/258
f 1213/1143/258 1215/1145/258 1216/1146/258
f 1217/1147/259 1218/1148/259 1219/1149/259
f 1217/1147/259 1219/1149/259 1220/1150/259
f 1221/1151/260 1222/1152/260 1223/1153/260
f 1221/1151/260 1223/1153/260 1224/1154/260
f 1225/1155/261 1226/1156/261 1227/1157/261
f 1225/1155/261 1227/1157/261 1228/1158/261
f 1229/1159/262 1230/1160/262 1231/1161/262
f 1229/1159/262 1231/1161/262 1232/1162/262
f 1233/1163/263 1234/1164/263 1235/1165/263
f 1233/1163/263 1235/1165/263 1236/1166/263
f 1237/1167/264 1239/1168/264 1240/1169/264
f 1241/1170/265 1242/1171/265 1243/1172/265
f 1241/1170/265 1243/1172/265 1244/1173/265
f 1245/1174/266 1246/1175/266 1247/1176/266
f 1245/1174/266 1247/1176/266 1248/1177/266
f 1249/1178/267 1250/1179/267 1251/1180/267
f 1249/1178/267 1251/1180/267 1252/1181/267
f 1253/1182/268 1254/1183/268 1255/1184/268
f 1253/1182/268 1255/1184/268 1256/1185/268
f 1257/1186/269 1258/1187/269 1259/1188/269
f 1257/1186/269 1259/1188/269 1260/1189/269
f 1261/1190/270 1262/1191/270 1263/1192/270
f 1261/1190/270 1263/1192/270 1264/1193/270
f 1265/1194/271 1266/1195/271 1267/1196/271
f 1265/1194/271 1267/1196/271 1268/1197/271
f 1269/1198/272 1270/1199/272 1271/1200/272
f 1269/1198/272 1271/1200/272 1272/1201/272
f 1273/1202/273 1274/1203/273 1275/1204/273
f 1273/1202/273 1275/1204/273 1276/1205/273
f 1277/1206/274 1278/1207/274 1279/1208/274
f 1277/1206/274 1279/1208/274 1280/1209/274
f 1281/1210/275 1282/1211/275 1283/1212/275
f 1281/1210/275 1283/1212/275 1284/1213/275
f 1285/1214/276 1286/1215/276 1287/1216/276
f 1285/1214/276 1287/1216/276 1288/1217/276
f 1289/1218/277 1290/1219/277 1291/1220/277
f 1289/1218/277 1291/1220/277 1292/1221/277
f 1293/1222/278 1294/1223/278 1295/1224/278
f 1293/1222/278 1295/1224/278 1296/1225/278
f 1297/1226/279 1298/1227/279 1299/1228/279
f 1301/1229/280 1302/1230/280 1303/1231/280
f 1301/1229/280 1303/1231/280 1304/1232/280
f 1305/1233/281 1306/1234/281 1307/1235/281
f 1305/1233/281 1307/1235/281 1308/1236/281
f 1309/1237/282 1310/1238/282 1311/1239/282
f 1309/1237/282 1311/1239/282 1312/1240/282
f 1313/1241/283 1314/1242/283 1315/1243/283
f 1313/1241/283 1315/1243/283 1316/1244/283
f 1317/1245/284 1318/1246/284 1319/1247/284
f 1321/1248/285 1322/1249/285 1323/1250/285
f 1321/1248/285 1323/1250/285 1324/1251/285
f 1325/1252/286 1326/1253/286 1327/1254/286
f 1325/1252/286 1327/1254/286 1328/1255/286
f 1329/1256/287 1330/1257/287 1331/1258/287
f 1329/1256/287 1331/1258/287 1332/1259/287
f 1333/1260/288 1334/1261/288 1335/1262/288
f 1333/1260/288 1335/1262/288 1336/1263/288
f 1337/1264/289 1338/1265/289 1339/1266/289
f 1337/1264/289 1339/1266/289 1340/1267/289
f 1341/1268/290 1342/1269/290 1343/1270/290
f 1341/1268/290 1343/1270/290 1344/1271/290
f 1345/1272/291 1346/1273/291 1347/1274/291
f 1345/1272/291 1347/1274/291 1348/1275/291
f 1349/1276/292 1350/1277/292 1351/1278/292
f 1349/1276/292 1351/1278/292 1352/1279/292
f 1353/1280/293 1354/1281/293 1355/1282/293
f 1353/1280/293 1355/1282/293 1356/1283/293
f 1357/1284/294 1359/1285/294 1360/1286/294
f 1361/1287/295 1362/1288/295 1363/1289/295
f 1361/1287/295 1363/1289/295 1364/1290/295
f 1365/1291/296 1366/1292/296 1367/1293/296
f 1365/1291/296 1367/1293/296 1368/1294/296
f 1369/1295/297 1370/1296/297 1371/1297/297
f 1369/1295/297 1371/1297/297 1372/1298/297
f 1373/1299/298 1374/1300/298 1375/1301/298
f 1373/1299/298 1375/1301/298 1376/1302/298
f 1377/1303/299 1378/1304/299 1379/1305/299
f 1377/1303/299 1379/1305/299 1380/1306/299
f 1381/1307/300 1382/1308/300 1383/1309/300
f 1381/1307/300 1383/1309/300 1384/1310/300
f 1385/1311/301 1387/1312/301 1388/1313/301
f 1389/1314/302 1390/1315/302 1391/1316/302
f 1393/1317/303 1394/1318/303 1395/1319/303
f 1393/1317/303 1395/1319/303 1396/1320/303
f 1397/1321/304 1398/1322/304 1399/1323/304
f 1401/1324/305 1402/1325/305 1403/1326/305
f 1401/1324/305 1403/1326/305 1404/1327/305
f 1405/1328/306 1406/1329/306 1407/1330/306
f 1405/1328/306 1407/1330/306 1408/1331/306
f 1409/1332/307 1410/1333/307 1411/1334/307
f 1409/1332/307 1411/1334/307 1412/1335/307
f 1413/1336/308 1414/1337/308 1415/1338/308
f 1413/1336/308 1415/1338/308 1416/1339/308
f 1417/1340/309 1418/1341/309 1419/1342/309
f 1417/1340/309 1419/1342/309 1420/1343/309
f 1421/1344/310 1422/1345/310 1423/1346/310
f 1421/1344/310 1423/1346/310 1424/1347/310
f 1425/1348/311 1426/1349/311 1427/1350/311
f 1425/1348/311 1427/1350/311 1428/1351/311
f 1429/1352/312 1430/1353/312 1431/1354/312
f 1429/1352/312 1431/1354/312 1432/1355/312
f 1433/1356/313 1434/1357/313 1435/1358/313
f 1433/1356/313 1435/1358/313 1436/1359/313
f 1437/1360/314 1438/1361/314 1439/1362/314
f 1437/1360/314 1439/1362/314 1440/1363/314
f 1441/1364/315 1442/1365/315 1443/1366/315
f 1441/1364/315 1443/1366/315 1444/1367/315
f 1445/1368/316 1446/1369/316 1447/1370/316
f 1445/1368/316 1447/1370/316 1448/1371/316
f 1449/1372/317 1450/1373/317 1451/1374/317
f 1449/1372/317 1451/1374/317 1452/1375/317
f 1453/1376/318 1454/1377/318 1455/1378/318
f 1453/1376/318 1455/1378/318 1456/1379/318
f 1457/1380/319 1458/1381/319 1459/1382/319
f 1457/1380/319 1459/1382/319 1460/1383/319
f 1461/1384/320 1462/1385/320 1463/1386/320
f 1461/1384/320 1463/1386/320 1464/1387/320
f 1465/1388/321 1466/1389/321 1467/1390/321
f 1465/1388/321 1467/1390/321 1468/1391/321
f 1469/1392/322 1470/1393/322 1471/1394/322
f 1469/1392/322 1471/1394/322 1472/1395/322
f 1473/1396/323 1474/1397/323 1475/1398/323
f 1473/1396/323 1475/1398/323 1476/1399/323
f 1477/1400/324 1478/1401/324 1479/1402/324
f 1477/1400/324 1479/1402/324 1480/1403/324
f 1481/1404/325 1482/1405/325 1483/1406/325
f 1481/1404/325 1483/1406/325 1484/1407/325
f 1485/1408/326 1486/1409/326 1487/1410/326
f 1485/1408/326 1487/1410/326 1488/1411/326
f 1489/1412/327 1490/1413/327 1491/1414/327
f 1489/1412/327 1491/1414/327 1492/1415/327
f 1493/1416/328 1494/1417/328 1495/1418/328
f 1493/1416/328 1495/1418/328 1496/1419/328
f 1497/1420/329 1498/1421/329 1499/1422/329
f 1497/1420/329 1499/1422/329 1500/1423/329
f 1501/1424/330 1502/1425/330 1503/1426/330
f 1501/1424/330 1503/1426/330 1504/1427/330
f 1505/1428/331 1506/1429/331 1507/1430/331
f 1505/1428/331 1507/1430/331 1508/1431/331
f 1513/1432/332 1514/1433/332 1515/1434/332
f 1513/1432/332 1515/1434/332 1516/1435/332
f 1517/1436/333 1518/1437/333 1519/1438/333
f 1517/1436/333 1519/1438/333 1520/1439/333
f 1521/1440/334 1523/1441/334 1524/1442/334
f 1525/1443/335 1526/1444/335 1527/1445/335
f 1525/1443/335 1527/1445/335 1528/1446/335
f 1529/1447/336 1530/1448/336 1531/1449/336
f 1529/1447/336 1531/1449/336 1532/1450/336
f 1533/1451/337 1534/1452/337 1535/1453/337
f 1533/1451/337 1535/1453/337 1536/1454/337
f 1537/1455/338 1538/1456/338 1539/1457/338
f 1537/1455/338 1539/1457/338 1540/1458/338
f 1541/1459/339 1542/1460/339 1543/1461/339
f 1541/1459/339 1543/1461/339 1544/1462/339
f 1545/1463/340 1546/1464/340 1547/1465/340
f 1545/1463/340 1547/1465/340 1548/1466/340
f 1549/1467/341 1550/1468/341 1551/1469/341
f 1549/1467/341 1551/1469/341 1552/1470/341
f 1553/1471/342 1554/1472/342 1555/1473/342
f 1553/1471/342 1555/1473/342 1556/1474/342
f 1557/1475/343 1558/1476/343 1559/1477/343
f 1557/1475/343 1559/1477/343 1560/1478/343
f 1561/1479/344 1562/1480/344 1563/1481/344
f 1561/1479/344 1563/1481/344 1564/1482/344
f 1565/1483/345 1566/1484/345 1567/1485/345
f 1565/1483/345 1567/1485/345 1568/1486/345
f 1569/1487/346 1570/1488/346 1571/1489/346
f 1569/1487/346 1571/1489/346 1572/1490/346
f 1573/1491/347 1574/1492/347 1575/1493/347
f 1573/1491/347 1575/1493/347 1576/1494/347
f 1577/1495/348 1578/1496/348 1579/1497/348
f 1577/1495/348 1579/1497/348 1580/1498/348
f 1581/1499/349 1582/1500/349 1583/1501/349
f 1581/1499/349 1583/1501/349 1584/1502/349
f 1585/1503/350 1586/1504/350 1587/1505/350
f 1585/1503/350 1587/1505/350 1588/1506/350
f 1589/1507/351 1590/1508/351 1591/1509/351
f 1589/1507/351 1591/1509/351 1592/1510/351
f 1593/1511/352 1594/1512/352 1595/1513/352
f 1593/1511/353 1595/1513/353 1596/1514/353
f 1597/1515/354 1598/1516/354 1599/1517/354
f 1597/1515/354 1599/1517/354 1600/1518/354
f 1601/1519/355 1602/1520/355 1603/1521/355
f 1601/1519/355 1603/1521/355 1604/1522/355
f 1609/1523/356 1610/1524/356 1611/1525/356
f 1609/1523/356 1611/1525/356 1612/1526/356
f 1613/1527/357 1614/1528/357 1615/1529/357
f 1613/1527/357 1615/1529/357 1616/1530/357
f 1617/1531/358 1618/1532/358 1619/1533/358
f 1617/1531/358 1619/1533/358 1620/1534/358
f 1621/1535/359 1622/1536/359 1623/1537/359
f 1621/1535/359 1623/1537/359 1624/1538/359
f 1625/1539/360 1626/1540/360 1627/1541/360
f 1625/1539/360 1627/1541/360 1628/1542/360
f 1629/1543/361 1630/1544/361 1631/1545/361
f 1629/1543/361 1631/1545/361 1632/1546/361
f 1633/1547/362 1634/1548/362 1635/1549/362
f 1633/1547/363 1635/1549/363 1636/1550/363
f 1637/1551/364 1638/1552/364 1639/1553/364
f 1637/1551/364 1639/1553/364 1640/1554/364
f 1641/1555/365 1642/1556/365 1643/1557/365
f 1641/1555/365 1643/1557/365 1644/1558/365
f 1645/1559/366 1647/1560/366 1648/1561/366
f 1649/1562/367 1650/1563/367 1651/1564/367
f 1649/1562/367 1651/1564/367 1652/1565/367
f 1653/1566/368 1654/1567/368 1655/1568/368
f 1653/1566/368 1655/1568/368 1656/1569/368
f 1657/1570/369 1658/1571/369 1659/1572/369
f 1657/1570/369 1659/1572/369 1660/1573/369
f 1661/1574/370 1662/1575/370 1663/1576/370
f 1661/1574/370 1663/1576/370 1664/1577/370
f 1665/1578/371 1666/1579/371 1667/1580/371
f 1665/1578/371 1667/1580/371 1668/1581/371
f 1669/1582/372 1670/1583/372 1671/1584/372
f 1669/1582/372 1671/1584/372 1672/1585/372
f 1673/1586/373 1674/1587/373 1675/1588/373
f 1673/1586/373 1675/1588/373 1676/1589/373
f 1677/1590/374 1678/1591/374 1679/1592/374
f 1677/1590/374 1679/1592/374 1680/1593/374
f 1681/1594/375 1682/1595/375 1683/1596/375
f 1685/1597/376 1686/1598/376 1687/1599/376
f 1685/1597/376 1687/1599/376 1688/1600/376
f 1689/1601/377 1690/1602/377 1691/1603/377
f 1689/1601/377 1691/1603/377 1692/1604/377
f 1693/1605/378 1694/1606/378 1695/1607/378
f 1693/1605/378 1695/1607/378 1696/1608/378
f 1697/1609/379 1698/1610/379 1699/1611/379
f 1697/1609/379 1699/1611/379 1700/1612/379
f 1701/1613/380 1702/1614/380 1703/1615/380
f 1701/1613/380 1703/1615/380 1704/1616/380
f 1705/1617/381 1706/1618/381 1707/1619/381
f 1705/1617/381 1707/1619/381 1708/1620/381
f 1709/1621/382 1710/1622/382 1711/1623/382
f 1709/1621/382 1711/1623/382 1712/1624/382
f 1713/1625/383 1714/1626/383 1715/1627/383
f 1713/1625/383 1715/1627/383 1716/1628/383
f 1717/1629/384 1718/1630/384 1719/1631/384
f 1717/1629/384 1719/1631/384 1720/1632/384
f 1721/1633/385 1722/1634/385 1723/1635/385
f 1721/1633/385 1723/1635/385 1724/1636/385
f 1725/1637/386 1726/1638/386 1727/1639/386
f 1725/1637/386 1727/1639/386 1728/1640/386
f 1729/1641/387 1730/1642/387 1731/1643/387
f 1729/1641/387 1731/1643/387 1732/1644/387
f 1733/1645/388 1734/1646/388 1735/1647/388
f 1733/1645/388 1735/1647/388 1736/1648/388
f 1737/1649/389 1738/1650/389 1739/1651/389
f 1737/1649/389 1739/1651/389 1740/1652/389
f 1741/1653/390 1742/1654/390 1743/1655/390
f 1741/1653/390 1743/1655/390 1744/1656/390
f 1745/1657/391 1746/1658/391 1747/1659/391
f 1745/1657/391 1747/1659/391 1748/1660/391
f 1749/1661/392 1750/1662/392 1751/1663/392
f 1749/1661/392 1751/1663/392 1752/1664/392
f 1753/1665/393 1754/1666/393 1755/1667/393
f 1753/1665/393 1755/1667/393 1756/1668/393
f 1757/1669/394 1758/1670/394 1759/1671/394
f 1757/1669/394 1759/1671/394 1760/1672/394
f 1761/1673/395 1762/1674/395 1763/1675/395
f 1761/1673/395 1763/1675/395 1764/1676/395
f 1765/1677/396 1767/1678/396 1768/1679/396
f 1769/1680/397 1770/1681/397 1771/1682/397
f 1769/1680/397 1771/1682/397 1772/1683/397
f 1773/1684/398 1774/1685/398 1775/1686/398
f 1773/1684/398 1775/1686/398 1776/1687/398
f 1777/1688/399 1778/1689/399 1779/1690/399
f 1777/1688/399 1779/1690/399 1780/1691/399
f 1781/1692/400 1782/1693/400 1783/1694/400
f 1781/1692/400 1783/1694/400 1784/1695/400
f 1785/1696/401 1786/1697/401 1787/1698/401
f 1785/1696/401 1787/1698/401 1788/1699/401
f 1789/1700/402 1790/1701/402 1791/1702/402
f 1789/1700/402 1791/1702/402 1792/1703/402
f 1793/1704/403 1794/1705/403 1795/1706/403
f 1793/1704/403 1795/1706/403 1796/1707/403
f 1797/1708/404 1798/1709/404 1799/1710/404
f 1797/1708/404 1799/1710/404 1800/1711/404
f 1801/1712/405 1802/1713/405 1803/1714/405
f 1801/1712/405 1803/1714/405 1804/1715/405
f 1805/1716/406 1806/1717/406 1807/1718/406
f 1805/1716/406 1807/1718/406 1808/1719/406
f 1809/1720/407 1810/1721/407 1811/1722/407
f 1809/1720/407 1811/1722/407 1812/1723/407
f 1813/1724/408 1814/1725/408 1815/1726/408
f 1813/1724/408 1815/1726/408 1816/1727/408
f 1817/1728/409 1818/1729/409 1819/1730/409
f 1817/1728/409 1819/1730/409 1820/1731/409
f 1821/1732/410 1822/1733/410 1823/1734/410
f 1821/1732/410 1823/1734/410 1824/1735/410
f 1825/1736/411 1826/1737/411 1827/1738/411
f 1825/1736/411 1827/1738/411 1828/1739/411
f 1829/1740/412 1830/1741/412 1831/1742/412
f 1829/1740/412 1831/1742/412 1832/1743/412
f 1833/1744/413 1834/1745/413 1835/1746/413
f 1833/1744/413 1835/1746/413 1836/1747/413
f 1837/1748/414 1838/1749/414 1839/1750/414
f 1837/1748/414 1839/1750/414 1840/1751/414
f 1841/1752/415 1842/1753/415 1843/1754/415
f 1841/1752/415 1843/1754/415 1844/1755/415
f 1845/1756/416 1846/1757/416 1847/1758/416
f 1845/1756/416 1847/1758/416 1848/1759/416
f 1849/1760/417 1850/1761/417 1851/1762/417
f 1849/1760/417 1851/1762/417 1852/1763/417
f 1853/1764/418 1854/1765/418 1855/1766/418
f 1853/1764/418 1855/1766/418 1856/1767/418
f 1857/1768/419 1858/1769/419 1859/1770/419
f 1857/1768/419 1859/1770/419 1860/1771/419
f 1861/1772/420 1862/1773/420 1863/1774/420
f 1861/1772/420 1863/1774/420 1864/1775/420
f 1865/1776/421 1866/1777/421 1867/1778/421
f 1865/1776/421 1867/1778/421 1868/1779/421
f 1869/1780/422 1870/1781/422 1871/1782/422
f 1869/1780/422 1871/1782/422 1872/1783/422
f 1873/1784/423 1874/1785/423 1875/1786/423
f 1873/1784/423 1875/1786/423 1876/1787/423
f 1877/1788/424 1878/1789/424 1879/1790/424
f 1877/1788/424 1879/1790/424 1880/1791/424
f 1881/1792/425 1882/1793/425 1883/1794/425
f 1881/1792/425 1883/1794/425 1884/1795/425
f 1885/1796/426 1886/1797/426 1887/1798/426
f 1889/1799/427 1890/1800/427 1891/1801/427
f 1889/1799/427 1891/1801/427 1892/1802/427
f 1893/1803/428 1894/1804/428 1895/1805/428
f 1893/1803/428 1895/1805/428 1896/1806/428
f 1897/1807/429 1898/1808/429 1899/1809/429
f 1897/1807/429 1899/1809/429 1900/1810/429
f 1901/1811/430 1902/1812/430 1903/1813/430
f 1901/1811/430 1903/1813/430 1904/1814/430
f 1905/1815/431 1906/1816/431 1907/1817/431
f 1905/1815/431 1907/1817/431 1908/1818/431
f 1909/1819/432 1911/1820/432 1912/1821/432
f 1913/1822/433 1914/1823/433 1915/1824/433
f 1913/1822/433 1915/1824/433 1916/1825/433
f 1917/1826/434 1918/1827/434 1919/1828/434
f 1917/1826/434 1919/1828/434 1920/1829/434
f 1921/1830/435 1922/1831/435 1923/1832/435
f 1921/1830/435 1923/1832/435 1924/1833/435
f 1925/1834/436 1926/1835/436 1927/1836/436
f 1925/1834/436 1927/1836/436 1928/1837/436
f 1929/1838/437 1930/1839/437 1931/1840/437
f 1929/1838/437 1931/1840/437 1932/1841/437
f 1933/1842/438 1934/1843/438 1935/1844/438
f 1933/1842/438 1935/1844/438 1936/1845/438
f 1937/1846/439 1938/1847/439 1939/1848/439
f 1937/1846/439 1939/1848/439 1940/1849/439
f 1941/1850/440 1942/1851/440 1943/1852/440
f 1941/1850/440 1943/1852/440 1944/1853/440
f 1945/1854/441 1946/1855/441 1947/1856/441
f 1945/1854/441 1947/1856/441 1948/1857/441
f 1949/1858/442 1950/1859/442 1951/1860/442
f 1949/1858/442 1951/1860/442 1952/1861/442
f 1953/1862/443 1954/1863/443 1955/1864/443
f 1953/1862/443 1955/1864/443 1956/1865/443
f 1957/1866/444 1958/1867/444 1959/1868/444
f 1957/1866/444 1959/1868/444 1960/1869/444
f 1961/1870/445 1962/1871/445 1963/1872/445
f 1961/1870/445 1963/1872/445 1964/1873/445
f 1965/1874/446 1966/1875/446 1967/1876/446
f 1965/1874/446 1967/1876/446 1968/1877/446
f 1969/1878/447 1970/1879/447 1971/1880/447
f 1969/1878/447 1971/1880/447 1972/1881/447
f 1973/1882/448 1974/1883/448 1975/1884/448
f 1973/1882/448 1975/1884/448 1976/1885/448
f 1977/1886/449 1978/1887/449 1979/1888/449
f 1977/1886/449 1979/1888/449 1980/1889/449
f 1981/1890/450 1982/1891/450 1983/1892/450
f 1981/1890/450 1983/1892/450 1984/1893/450
f 1985/1894/451 1986/1895/451 1987/1896/451
f 1985/1894/451 1987/1896/451 1988/1897/451
f 1989/1898/452 1990/1899/452 1991/1900/452
f 1989/1898/452 1991/1900/452 1992/1901/452
f 1993/1902/453 1994/1903/453 1995/1904/453
f 1993/1902/453 1995/1904/453 1996/1905/453
f 1997/1906/454 1998/1907/454 1999/1908/454
f 1997/1906/454 1999/1908/454 2000/1909/454
f 2001/1910/455 2002/1911/455 2003/1912/455
f 2001/1910/455 2003/1912/455 2004/1913/455
f 2005/1914/456 2006/1915/456 2007/1916/456
f 2005/1914/456 2007/1916/456 2008/1917/456
f 2009/1918/457 2010/1919/457 2011/1920/457
f 2009/1918/457 2011/1920/457 2012/1921/457
f 2013/1922/458 2014/1923/458 2015/1924/458
f 2013/1922/458 2015/1924/458 2016/1925/458
f 2017/1926/459 2018/1927/459 2019/1928/459
f 2017/1926/459 2019/1928/459 2020/1929/459
f 2021/1930/460 2022/1931/460 2023/1932/460
f 2021/1930/460 2023/1932/460 2024/1933/460
f 2025/1934/461 2026/1935/461 2027/1936/461
f 2025/1934/461 2027/1936/461 2028/1937/461
f 2029/1938/462 2030/1939/462 2031/1940/462
f 2029/1938/462 2031/1940/462 2032/1941/462
f 2033/1942/463 2034/1943/463 2035/1944/463
f 2033/1942/463 2035/1944/463 2036/1945/463
f 2037/1946/464 2038/1947/464 2039/1948/464
f 2037/1946/464 2039/1948/464 2040/1949/464
f 2041/1950/465 2042/1951/465 2043/1952/465
f 2041/1950/465 2043/1952/465 2044/1953/465
f 2045/1954/466 2046/1955/466 2047/1956/466
f 2045/1954/466 2047/1956/466 2048/1957/466
f 2049/1958/467 2050/1959/467 2051/1960/467
f 2049/1958/467 2051/1960/467 2052/1961/467
f 2053/1962/468 2054/1963/468 2055/1964/468
f 2053/1962/468 2055/1964/468 2056/1965/468
f 2057/1966/469 2058/1967/469 2059/1968/469
f 2057/1966/469 2059/1968/469 2060/1969/469
f 2061/1970/470 2062/1971/470 2063/1972/470
f 2061/1970/470 2063/1972/470 2064/1973/470
f 2065/1974/471 2066/1975/471 2067/1976/471
f 2065/1974/471 2067/1976/471 2068/1977/471
f 2069/1978/472 2070/1979/472 2071/1980/472
f 2069/1978/472 2071/1980/472 2072/1981/472
f 2073/1982/473 2074/1983/473 2075/1984/473
f 2073/1982/473 2075/1984/473 2076/1985/473
f 2077/1986/474 2078/1987/474 2079/1988/474
f 2077/1986/474 2079/1988/474 2080/1989/474
f 2081/1990/475 2082/1991/475 2083/1992/475
f 2081/1990/475 2083/1992/475 2084/1993/475
f 2085/1994/476 2086/1995/476 2087/1996/476
f 2085/1994/476 2087/1996/476 2088/1997/476
f 2089/1998/477 2090/1999/477 2091/2000/477
f 2089/1998/477 2091/2000/477 2092/2001/477
f 2093/2002/478 2094/2003/478 2095/2004/478
f 2093/2002/478 2095/2004/478 2096/2005/478
f 2097/2006/479 2098/2007/479 2099/2008/479
f 2097/2006/479 2099/2008/479 2100/2009/479
f 2101/2010/480 2102/2011/480 2103/2012/480
f 2101/2010/480 2103/2012/480 2104/2013/480
f 2105/2014/481 2106/2015/481 2107/2016/481
f 2105/2014/481 2107/2016/481 2108/2017/481
f 2109/2018/482 2110/2019/482 2111/2020/482
f 2109/2018/482 2111/2020/482 2112/2021/482
f 2113/2022/483 2115/2023/483 2116/2024/483
f 2117/2025/484 2119/2026/484 2120/2027/484
f 2121/2028/485 2122/2029/485 2123/2030/485
f 2121/2028/485 2123/2030/485 2124/2031/485
f 2125/2032/486 2126/2033/486 2127/2034/486
f 2125/2032/486 2127/2034/486 2128/2035/486
f 2129/2036/487 2130/2037/487 2131/2038/487
f 2129/2036/487 2131/2038/487 2132/2039/487
f 2133/2040/488 2134/2041/488 2135/2042/488
f 2137/2043/489 2138/2044/489 2139/2045/489
f 2137/2043/489 2139/2045/489 2140/2046/489
f 2141/2047/490 2142/2048/490 2143/2049/490
f 2141/2047/490 2143/2049/490 2144/2050/490
f 2145/2051/491 2146/2052/491 2147/2053/491
f 2145/2051/491 2147/2053/491 2148/2054/491
f 2149/2055/492 2150/2056/492 2151/2057/492
f 2149/2055/492 2151/2057/492 2152/2058/492
f 2153/2059/493 2154/2060/493 2155/2061/493
f 2153/2059/493 2155/2061/493 2156/2062/493
f 2157/2063/494 2158/2064/494 2159/2065/494
f 2157/2063/494 2159/2065/494 2160/2066/494
f 2161/2067/495 2162/2068/495 2163/2069/495
f 2161/2067/495 2163/2069/495 2164/2070/495
f 2165/2071/496 2166/2072/496 2167/2073/496
f 2165/2071/496 2167/2073/496 2168/2074/496
f 2169/2075/497 2170/2076/497 2171/2077/497
f 2169/2075/497 2171/2077/497 2172/2078/497
f 2173/2079/498 2174/2080/498 2175/2081/498
f 2173/2079/498 2175/2081/498 2176/2082/498
f 2177/2083/499 2178/2084/499 2179/2085/499
f 2177/2083/499 2179/2085/499 2180/2086/499
f 2181/2087/500 2182/2088/500 2183/2089/500
f 2181/2087/500 2183/2089/500 2184/2090/500
f 2185/2091/501 2186/2092/501 2187/2093/501
f 2185/2091/501 2187/2093/501 2188/2094/501
f 2189/2095/502 2191/2096/502 2192/2097/502
f 2193/2098/503 2194/2099/503 2195/2100/503
f 2193/2098/503 2195/2100/503 2196/2101/503
f 2197/2102/504 2198/2103/504 2199/2104/504
f 2197/2102/504 2199/2104/504 2200/2105/504
f 2201/2106/505 2202/2107/505 2203/2108/505
f 2201/2106/505 2203/2108/505 2204/2109/505
f 2205/2110/506 2206/2111/506 2207/2112/506
f 2205/2110/506 2207/2112/506 2208/2113/506
f 2209/2114/507 2210/2115/507 2211/2116/507
f 2209/2114/507 2211/2116/507 2212/2117/507
f 2213/2118/508 2214/2119/508 2215/2120/508
f 2213/2118/508 2215/2120/508 2216/2121/508
f 2217/2122/509 2218/2123/509 2219/2124/509
f 2217/2122/509 2219/2124/509 2220/2125/509
f 2221/2126/510 2222/2127/510 2223/2128/510
f 2221/2126/511 2223/2128/511 2224/2129/511
f 2225/2130/512 2226/2131/512 2227/2132/512
f 2225/2130/512 2227/2132/512 2228/2133/512
f 2229/2134/513 2230/2135/513 2231/2136/513
f 2229/2134/513 2231/2136/513 2232/2137/513
f 2233/2138/514 2234/2139/514 2235/2140/514
f 2233/2138/514 2235/2140/514 2236/2141/514
f 2237/2142/515 2239/2143/515 2240/2144/515
f 2241/2145/516 2242/2146/516 2243/2147/516
f 2241/2145/516 2243/2147/516 2244/2148/516
f 2245/2149/517 2246/2150/517 2247/2151/517
f 2245/2149/517 2247/2151/517 2248/2152/517
f 2249/2153/518 2250/2154/518 2251/2155/518
f 2249/2153/518 2251/2155/518 2252/2156/518
f 2253/2157/519 2254/2158/519 2255/2159/519
f 2253/2157/519 2255/2159/519 2256/2160/519
f 2257/2161/520 2258/2162/520 2259/2163/520
f 2257/2161/520 2259/2163/520 2260/2164/520
f 2261/2165/521 2262/2166/521 2263/2167/521
f 2261/2165/521 2263/2167/521 2264/2168/521
f 2265/2169/522 2266/2170/522 2267/2171/522
f 2265/2169/522 2267/2171/522 2268/2172/522
f 2269/2173/523 2270/2174/523 2271/2175/523
f 2269/2173/523 2271/2175/523 2272/2176/523
f 2273/2177/524 2274/2178/524 2275/2179/524
f 2273/2177/524 2275/2179/524 2276/2180/524
f 2277/2181/525 2278/2182/525 2279/2183/525
f 2277/2181/525 2279/2183/525 2280/2184/525
f 2281/2185/526 2282/2186/526 2283/2187/526
f 2281/2185/526 2283/2187/526 2284/2188/526
f 2285/2189/527 2286/2190/527 2287/2191/527
f 2285/2189/527 2287/2191/527 2288/2192/527
f 2289/2193/528 2290/2194/528 2291/2195/528
f 2289/2193/528 2291/2195/528 2292/2196/528
f 2293/2197/529 2295/2198/529 2296/2199/529
f 2301/2200/530 2302/2201/530 2303/2202/530
f 2301/2200/530 2303/2202/530 2304/2203/530
f 2305/2204/531 2306/2205/531 2307/2206/531
f 2305/2204/531 2307/2206/531 2308/2207/531
f 2309/2208/532 2310/2209/532 2311/2210/532
f 2309/2208/532 2311/2210/532 2312/2211/532
f 2313/2212/533 2314/2213/533 2315/2214/533
f 2313/2212/533 2315/2214/533 2316/2215/533
f 2317/2216/534 2318/2217/534 2319/2218/534
f 2317/2216/534 2319/2218/534 2320/2219/534
f 2321/2220/535 2322/2221/535 2323/2222/535
f 2321/2220/535 2323/2222/535 2324/2223/535
f 2325/2224/536 2326/2225/536 2327/2226/536
f 2325/2224/536 2327/2226/536 2328/2227/536
f 2329/2228/537 2330/2229/537 2331/2230/537
f 2329/2228/537 2331/2230/537 2332/2231/537
f 2333/2232/538 2334/2233/538 2335/2234/538
f 2333/2232/538 2335/2234/538 2336/2235/538
f 2337/2236/539 2338/2237/539 2339/2238/539
f 2337/2236/539 2339/2238/539 2340/2239/539
f 2341/2240/540 2342/2241/540 2343/2242/540
f 2341/2240/540 2343/2242/540 2344/2243/540
f 2345/2244/541 2346/2245/541 2347/2246/541
f 2345/2244/541 2347/2246/541 2348/2247/541
f 2349/2248/542 2350/2249/542 2351/2250/542
f 2349/2248/542 2351/2250/542 2352/2251/542
f 2353/2252/543 2354/2253/543 2355/2254/543
f 2353/2252/543 2355/2254/543 2356/2255/543
f 2357/2256/544 2358/2257/544 2359/2258/544
f 2357/2256/544 2359/2258/544 2360/2259/544
f 2361/2260/545 2362/2261/545 2363/2262/545
f 2361/2260/545 2363/2262/545 2364/2263/545
f 2365/2264/546 2366/2265/546 2367/2266/546
f 2365/2264/546 2367/2266/546 2368/2267/546
f 2369/2268/547 2370/2269/547 2371/2270/547
f 2369/2268/547 2371/2270/547 2372/2271/547
f 2373/2272/548 2374/2273/548 2375/2274/548
f 2373/2272/548 2375/2274/548 2376/2275/548
f 2377/2276/549 2378/2277/549 2379/2278/549
f 2377/2276/549 2379/2278/549 2380/2279/549
f 2381/2280/550 2382/2281/550 2383/2282/550
f 2381/2280/550 2383/2282/550 2384/2283/550
f 2385/2284/551 2386/2285/551 2387/2286/551
f 2385/2284/551 2387/2286/551 2388/2287/551
f 2389/2288/552 2390/2289/552 2391/2290/552
f 2389/2288/552 2391/2290/552 2392/2291/552
f 2393/2292/552 2394/2293/552 2395/2294/552
f 2393/2292/552 2395/2294/552 2396/2295/552
f 2397/2296/553 2398/2297/553 2399/2298/553
f 2397/2296/553 2399/2298/553 2400/2299/553
f 2401/2300/550 2402/2301/550 2403/2302/550
f 2401/2300/550 2403/2302/550 2404/2303/550
f 2405/2304/554 2406/2305/554 2407/2306/554
f 2405/2304/554 2407/2306/554 2408/2307/554
f 2409/2308/555 2410/2309/555 2411/2310/555
f 2409/2308/555 2411/2310/555 2412/2311/555
f 2413/2312/556 2414/2313/556 2415/2314/556
f 2413/2312/556 2415/2314/556 2416/2315/556
f 2417/2316/557 2418/2317/557 2419/2318/557
f 2417/2316/557 2419/2318/557 2420/2319/557
f 2421/2320/558 2422/2321/558 2423/2322/558
f 2421/2320/558 2423/2322/558 2424/2323/558
f 2425/2324/559 2426/2325/559 2427/2326/559
f 2425/2324/559 2427/2326/559 2428/2327/559
f 2429/2328/560 2430/2329/560 2431/2330/560
f 2429/2328/560 2431/2330/560 2432/2331/560
f 2433/2332/560 2434/2333/560 2435/2334/560
f 2433/2332/560 2435/2334/560 2436/2335/560
f 2437/2336/561 2438/2337/561 2439/2338/561
f 2437/2336/561 2439/2338/561 2440/2339/561
f 2441/2340/558 2442/2341/558 2443/2342/558
f 2441/2340/558 2443/2342/558 2444/2343/558
f 2445/2344/562 2446/2345/562 2447/2346/562
f 2445/2344/562 2447/2346/562 2448/2347/562
f 2449/2348/563 2450/2349/563 2451/2350/563
f 2449/2348/563 2451/2350/563 2452/2351/563
f 2453/2352/564 2454/2353/564 2455/2354/564
f 2453/2352/564 2455/2354/564 2456/2355/564
f 2457/2356/565 2458/2357/565 2459/2358/565
f 2457/2356/565 2459/2358/565 2460/2359/565
f 2461/2360/566 2462/2361/566 2463/2362/566
f 2461/2360/566 2463/2362/566 2464/2363/566
f 2465/2364/567 2466/2365/567 2467/2366/567
f 2465/2364/567 2467/2366/567 2468/2367/567
f 2469/2368/568 2470/2369/568 2471/2370/568
f 2469/2368/568 2471/2370/568 2472/2371/568
f 2473/2372/568 2474/2373/568 2475/2374/568
f 2473/2372/568 2475/2374/568 2476/2375/568
f 2477/2376/569 2478/2377/569 2479/2378/569
f 2477/2376/569 2479/2378/569 2480/2379/569
f 2481/2380/566 2482/2381/566 2483/2382/566
f 2481/2380/566 2483/2382/566 2484/2383/566
f 2485/2384/570 2486/2385/570 2487/2386/570
f 2485/2384/570 2487/2386/570 2488/2387/570
f 2489/2388/571 2490/2389/571 2491/2390/571
f 2489/2388/571 2491/2390/571 2492/2391/571
f 2493/2392/572 2494/2393/572 2495/2394/572
f 2493/2392/572 2495/2394/572 2496/2395/572
f 2497/2396/573 2498/2397/573 2499/2398/573
f 2497/2396/573 2499/2398/573 2500/2399/573
f 2501/2400/574 2502/2401/574 2503/2402/574
f 2501/2400/574 2503/2402/574 2504/2403/574
f 2505/2404/575 2506/2405/575 2507/2406/575
f 2505/2404/575 2507/2406/575 2508/2407/575
f 2509/2408/576 2510/2409/576 2511/2410/576
f 2509/2408/576 2511/2410/576 2512/2411/576
f 2513/2412/576 2514/2413/576 2515/2414/576
f 2513/2412/576 2515/2414/576 2516/2415/576
f 2517/2416/577 2518/2417/577 2519/2418/577
f 2517/2416/577 2519/2418/577 2520/2419/577
f 2521/2420/574 2522/2421/574 2523/2422/574
f 2521/2420/574 2523/2422/574 2524/2423/574
f 2525/2424/578 2526/2425/578 2527/2426/578
f 2525/2424/578 2527/2426/578 2528/2427/578
f 2529/2428/579 2530/2429/579 2531/2430/579
f 2529/2428/579 2531/2430/579 2532/2431/579
f 2533/2432/580 2534/2433/580 2535/2434/580
f 2533/2432/580 2535/2434/580 2536/2435/580
f 2537/2436/581 2538/2437/581 2539/2438/581
f 2537/2436/581 2539/2438/581 2540/2439/581
f 2541/2440/582 2542/2441/582 2543/2442/582
f 2541/2440/582 2543/2442/582 2544/2443/582
f 2545/2444/583 2546/2445/583 2547/2446/583
f 2545/2444/583 2547/2446/583 2548/2447/583
f 2549/2448/584 2550/2449/584 2551/2450/584
f 2549/2448/584 2551/2450/584 2552/2451/584
f 2553/2452/585 2554/2453/585 2555/2454/585
f 2553/2452/585 2555/2454/585 2556/2455/585
f 2557/2456/586 2558/2457/586 2559/2458/586
f 2557/2456/586 2559/2458/586 2560/2459/586
f 2561/2460/582 2562/2461/582 2563/2462/582
f 2561/2460/582 2563/2462/582 2564/2463/582
f 2565/2464/587 2566/2465/587 2567/2466/587
f 2565/2464/587 2567/2466/587 2568/2467/587
f 2569/2468/588 2570/2469/588 2571/2470/588
f 2569/2468/588 2571/2470/588 2572/2471/588
f 2573/2472/589 2574/2473/589 2575/2474/589
f 2573/2472/589 2575/2474/589 2576/2475/589
f 2577/2476/590 2578/2477/590 2579/2478/590
f 2577/2476/590 2579/2478/590 2580/2479/590
f 2581/2480/591 2582/2481/591 2583/2482/591
f 2581/2480/591 2583/2482/591 2584/2483/591
f 2585/2484/592 2586/2485/592 2587/2486/592
f 2585/2484/592 2587/2486/592 2588/2487/592
f 2589/2488/593 2590/2489/593 2591/2490/593
f 2589/2488/593 2591/2490/593 2592/2491/593
f 2593/2492/594 2594/2493/594 2595/2494/594
f 2593/2492/594 2595/2494/594 2596/2495/594
f 2597/2496/595 2598/2497/595 2599/2498/595
f 2597/2496/595 2599/2498/595 2600/2499/595
f 2601/2500/591 2602/2501/591 2603/2502/591
f 2601/2500/591 2603/2502/591 2604/2503/591
f 2605/2504/596 2606/2505/596 2607/2506/596
f 2605/2504/596 2607/2506/596 2608/2507/596
f 2609/2508/597 2610/2509/597 2611/2510/597
f 2609/2508/597 2611/2510/597 2612/2511/597
f 2613/2512/598 2614/2513/598 2615/2514/598
f 2613/2512/598 2615/2514/598 2616/2515/598
f 2617/2516/599 2618/2517/599 2619/2518/599
f 2617/2516/599 2619/2518/599 2620/2519/599
f 2621/2520/600 2622/2521/600 2623/2522/600
f 2621/2520/600 2623/2522/600 2624/2523/600
f 2625/2524/601 2626/2525/601 2627/2526/601
f 2625/2524/601 2627/2526/601 2628/2527/601
f 2629/2528/602 2630/2529/602 2631/2530/602
f 2629/2528/602 2631/2530/602 2632/2531/602
f 2633/2532/603 2634/2533/603 2635/2534/603
f 2633/2532/603 2635/2534/603 2636/2535/603
f 2637/2536/604 2638/2537/604 2639/2538/604
f 2637/2536/604 2639/2538/604 2640/2539/604
f 2641/2540/600 2642/2541/600 2643/2542/600
f 2641/2540/600 2643/2542/600 2644/2543/600
f 2645/2544/605 2646/2545/605 2647/2546/605
f 2645/2544/605 2647/2546/605 2648/2547/605
f 2649/2548/606 2650/2549/606 2651/2550/606
f 2649/2548/606 2651/2550/606 2652/2551/606
f 2653/2552/607 2654/2553/607 2655/2554/607
f 2653/2552/607 2655/2554/607 2656/2555/607
f 2657/2556/608 2658/2557/608 2659/2558/608
f 2657/2556/608 2659/2558/608 2660/2559/608
f 2661/2560/609 2662/2561/609 2663/2562/609
f 2661/2560/609 2663/2562/609 2664/2563/609
f 2665/2564/610 2666/2565/610 2667/2566/610
f 2665/2564/610 2667/2566/610 2668/2567/610
f 2669/2568/611 2670/2569/611 2671/2570/611
f 2669/2568/611 2671/2570/611 2672/2571/611
f 2673/2572/612 2674/2573/612 2675/2574/612
f 2673/2572/612 2675/2574/612 2676/2575/612
f 2677/2576/613 2678/2577/613 2679/2578/613
f 2677/2576/613 2679/2578/613 2680/2579/613
f 2681/2580/609 2682/2581/609 2683/2582/609
f 2681/2580/609 2683/2582/609 2684/2583/609
f 2685/2584/614 2686/2585/614 2687/2586/614
f 2685/2584/614 2687/2586/614 2688/2587/614
f 2689/2588/615 2690/2589/615 2691/2590/615
f 2689/2588/615 2691/2590/615 2692/2591/615
f 2693/2592/616 2694/2593/616 2695/2594/616
f 2693/2592/616 2695/2594/616 2696/2595/616
f 2697/2596/617 2698/2597/617 2699/2598/617
f 2697/2596/617 2699/2598/617 2700/2599/617
f 2701/2600/618 2702/2601/618 2703/2602/618
f 2701/2600/618 2703/2602/618 2704/2603/618
f 2705/2604/619 2706/2605/619 2707/2606/619
f 2705/2604/619 2707/2606/619 2708/2607/619
f 2709/2608/620 2710/2609/620 2711/2610/620
f 2709/2608/620 2711/2610/620 2712/2611/620
f 2713/2612/621 2714/2613/621 2715/2614/621
f 2713/2612/621 2715/2614/621 2716/2615/621
f 2717/2616/622 2718/2617/622 2719/2618/622
f 2717/2616/622 2719/2618/622 2720/2619/622
f 2721/2620/623 2722/2621/623 2723/2622/623
f 2721/2620/623 2723/2622/623 2724/2623/623
f 2725/2624/624 2726/2625/624 2727/2626/624
f 2725/2624/624 2727/2626/624 2728/2627/624
f 2729/2628/625 2730/2629/625 2731/2630/625
f 2729/2628/625 2731/2630/625 2732/2631/625
f 2733/2632/626 2734/2633/626 2735/2634/626
f 2733/2632/626 2735/2634/626 2736/2635/626
f 2737/2636/627 2738/2637/627 2739/2638/627
f 2737/2636/627 2739/2638/627 2740/2639/627
f 2741/2640/628 2742/2641/628 2743/2642/628
f 2741/2640/628 2743/2642/628 2744/2643/628
f 2745/2644/629 2746/2645/629 2747/2646/629
f 2745/2644/629 2747/2646/629 2748/2647/629
f 2749/2648/630 2750/2649/630 2751/2650/630
f 2749/2648/630 2751/2650/630 2752/2651/630
f 2753/2652/631 2754/2653/631 2755/2654/631
f 2753/2652/631 2755/2654/631 2756/2655/631
f 2757/2656/632 2758/2657/632 2759/2658/632
f 2757/2656/632 2759/2658/632 2760/2659/632
f 2761/2660/633 2762/2661/633 2763/2662/633
f 2761/2660/633 2763/2662/633 2764/2663/633
f 2765/2664/634 2766/2665/634 2767/2666/634
f 2765/2664/634 2767/2666/634 2768/2667/634
f 2769/2668/635 2770/2669/635 2771/2670/635
f 2769/2668/635 2771/2670/635 2772/2671/635
f 2773/2672/636 2774/2673/636 2775/2674/636
f 2773/2672/636 2775/2674/636 2776/2675/636
f 2777/2676/637 2778/2677/637 2779/2678/637
f 2777/2676/637 2779/2678/637 2780/2679/637
f 2781/2680/638 2782/2681/638 2783/2682/638
f 2781/2680/638 2783/2682/638 2784/2683/638
f 2785/2684/639 2786/2685/639 2787/2686/639
f 2785/2684/639 2787/2686/639 2788/2687/639
f 2789/2688/640 2790/2689/640 2791/2690/640
f 2789/2688/640 2791/2690/640 2792/2691/640
f 2793/2692/641 2794/2693/641 2795/2694/641
f 2793/2692/641 2795/2694/641 2796/2695/641
f 2797/2696/642 2798/2697/642 2799/2698/642
f 2797/2696/642 2799/2698/642 2800/2699/642
f 2801/2700/643 2802/2701/643 2803/2702/643
f 2801/2700/643 2803/2702/643 2804/2703/643
f 2805/2704/644 2806/2705/644 2807/2706/644
f 2805/2704/644 2807/2706/644 2808/2707/644
f 2809/2708/645 2810/2709/645 2811/2710/645
f 2809/2708/645 2811/2710/645 2812/2711/645
f 2813/2712/646 2814/2713/646 2815/2714/646
f 2813/2712/646 2815/2714/646 2816/2715/646
f 2817/2716/647 2818/2717/647 2819/2718/647
f 2817/2716/647 2819/2718/647 2820/2719/647
f 2821/2720/648 2822/2721/648 2823/2722/648
f 2821/2720/648 2823/2722/648 2824/2723/648
f 2825/2724/649 2826/2725/649 2827/2726/649
f 2825/2724/649 2827/2726/649 2828/2727/649
f 2829/2728/650 2830/2729/650 2831/2730/650
f 2829/2728/650 2831/2730/650 2832/2731/650
f 2833/2732/651 2834/2733/651 2835/2734/651
f 2833/2732/651 2835/2734/651 2836/2735/651
f 2837/2736/652 2838/2737/652 2839/2738/652
f 2837/2736/652 2839/2738/652 2840/2739/652
f 2841/2740/653 2842/2741/653 2843/2742/653
f 2841/2740/653 2843/2742/653 2844/2743/653
f 2845/2744/654 2846/2745/654 2847/2746/654
f 2845/2744/654 2847/2746/654 2848/2747/654
f 2849/2748/655 2850/2749/655 2851/2750/655
f 2849/2748/655 2851/2750/655 2852/2751/655
f 2853/2752/656 2854/2753/656 2855/2754/656
f 2853/2752/656 2855/2754/656 2856/2755/656
f 2857/2756/657 2858/2757/657 2859/2758/657
f 2857/2756/657 2859/2758/657 2860/2759/657
f 2861/2760/658 2862/2761/658 2863/2762/658
f 2861/2760/658 2863/2762/658 2864/2763/658
f 2865/2764/659 2866/2765/659 2867/2766/659
f 2865/2764/659 2867/2766/659 2868/2767/659
f 2869/2768/660 2870/2769/660 2871/2770/660
f 2869/2768/660 2871/2770/660 2872/2771/660
f 2873/2772/661 2874/2773/661 2875/2774/661
f 2873/2772/661 2875/2774/661 2876/2775/661
f 2877/2776/662 2878/2777/662 2879/2778/662
f 2877/2776/662 2879/2778/662 2880/2779/662
f 2881/2780/663 2882/2781/663 2883/2782/663
f 2881/2780/663 2883/2782/663 2884/2783/663
f 2885/2784/664 2886/2785/664 2887/2786/664
f 2885/2784/664 2887/2786/664 2888/2787/664
f 2889/2788/665 2890/2789/665 2891/2790/665
f 2889/2788/665 2891/2790/665 2892/2791/665
f 2893/2792/666 2894/2793/666 2895/2794/666
f 2893/2792/666 2895/2794/666 2896/2795/666
f 2897/2796/667 2898/2797/667 2899/2798/667
f 2897/2796/667 2899/2798/667 2900/2799/667
f 2901/2800/668 2902/2801/668 2903/2802/668
f 2901/2800/668 2903/2802/668 2904/2803/668
f 2905/2804/669 2906/2805/669 2907/2806/669
f 2905/2804/669 2907/2806/669 2908/2807/669
f 2909/2808/670 2910/2809/670 2911/2810/670
f 2909/2808/670 2911/2810/670 2912/2811/670
f 2913/2812/671 2914/2813/671 2915/2814/671
f 2913/2812/671 2915/2814/671 2916/2815/671
f 2917/2816/672 2918/2817/672 2919/2818/672
f 2917/2816/672 2919/2818/672 2920/2819/672
f 2921/2820/673 2922/2821/673 2923/2822/673
f 2921/2820/673 2923/2822/673 2924/2823/673
f 2925/2824/674 2926/2825/674 2927/2826/674
f 2925/2824/674 2927/2826/674 2928/2827/674
f 2929/2828/675 2930/2829/675 2931/2830/675
f 2929/2828/675 2931/2830/675 2932/2831/675
f 2933/2832/676 2934/2833/676 2935/2834/676
f 2933/2832/676 2935/2834/676 2936/2835/676
f 2937/2836/677 2938/2837/677 2939/2838/677
f 2937/2836/677 2939/2838/677 2940/2839/677
f 2941/2840/678 2942/2841/678 2943/2842/678
f 2941/2840/678 2943/2842/678 2944/2843/678
f 2945/2844/679 2946/2845/679 2947/2846/679
f 2945/2844/679 2947/2846/679 2948/2847/679
f 2949/2848/680 2950/2849/680 2951/2850/680
f 2949/2848/680 2951/2850/680 2952/2851/680
f 2953/2852/681 2954/2853/681 2955/2854/681
f 2953/2852/681 2955/2854/681 2956/2855/681
f 2957/2856/682 2958/2857/682 2959/2858/682
f 2957/2856/682 2959/2858/682 2960/2859/682
f 2961/2860/683 2962/2861/683 2963/2862/683
f 2961/2860/683 2963/2862/683 2964/2863/683
f 2965/2864/684 2966/2865/684 2967/2866/684
f 2965/2864/684 2967/2866/684 2968/2867/684
f 2969/2868/685 2970/2869/685 2971/2870/685
f 2969/2868/685 2971/2870/685 2972/2871/685
f 2973/2872/686 2974/2873/686 2975/2874/686
f 2973/2872/686 2975/2874/686 2976/2875/686
f 2977/2876/687 2978/2877/687 2979/2878/687
f 2977/2876/687 2979/2878/687 2980/2879/687
f 2981/2880/688 2982/2881/688 2983/2882/688
f 2981/2880/688 2983/2882/688 2984/2883/688
f 2985/2884/689 2986/2885/689 2987/2886/689
f 2985/2884/689 2987/2886/689 2988/2887/689
f 2989/2888/690 2991/2889/690 2992/2890/690
f 2993/2891/691 2994/2892/691 2995/2893/691
f 2993/2891/691 2995/2893/691 2996/2894/691
f 2997/2895/692 2998/2896/692 2999/2897/692
f 2997/2895/692 2999/2897/692 3000/2898/692
f 3001/2899/693 3002/2900/693 3003/2901/693
f 3001/2899/693 3003/2901/693 3004/2902/693
f 3005/2903/694 3006/2904/694 3007/2905/694
f 3005/2903/694 3007/2905/694 3008/2906/694
f 3009/2907/695 3010/2908/695 3011/2909/695
f 3009/2907/695 3011/2909/695 3012/2910/695
f 3013/2911/696 3014/2912/696 3015/2913/696
f 3013/2911/696 3015/2913/696 3016/2914/696
f 3017/2915/697 3018/2916/697 3019/2917/697
f 3021/2918/698 3022/2919/698 3023/2920/698
f 3021/2918/698 3023/2920/698 3024/2921/698
f 3025/2922/699 3026/2923/699 3027/2924/699
f 3025/2922/699 3027/2924/699 3028/2925/699
f 3029/2926/700 3030/2927/700 3031/2928/700
f 3029/2926/700 3031/2928/700 3032/2929/700
f 3033/2930/701 3034/2931/701 3035/2932/701
f 3033/2930/701 3035/2932/701 3036/2933/701
f 3037/2934/702 3038/2935/702 3039/2936/702
f 3037/2934/702 3039/2936/702 3040/2937/702
f 3041/2938/703 3042/2939/703 3043/2940/703
f 3041/2938/703 3043/2940/703 3044/2941/703
f 3045/2942/704 3046/2943/704 3047/2944/704
f 3045/2942/704 3047/2944/704 3048/2945/704
f 3049/2946/705 3050/2947/705 3051/2948/705
f 3049/2946/705 3051/2948/705 3052/2949/705
f 3053/2950/706 3054/2951/706 3055/2952/706
f 3053/2950/706 3055/2952/706 3056/2953/706
f 3057/2954/707 3058/2955/707 3059/2956/707
f 3057/2954/707 3059/2956/707 3060/2957/707
f 3061/2958/708 3062/2959/708 3063/2960/708
f 3061/2958/708 3063/2960/708 3064/2961/708
f 3065/2962/707 3066/2963/707 3067/2964/707
f 3065/2962/707 3067/2964/707 3068/2965/707
f 3069/2966/708 3070/2967/708 3071/2968/708
f 3069/2966/708 3071/2968/708 3072/2969/708
f 3073/2970/709 3074/2971/709 3075/2972/709
f 3073/2970/709 3075/2972/709 3076/2973/709
f 3077/2974/710 3078/2975/710 3079/2976/710
f 3077/2974/710 3079/2976/710 3080/2977/710
f 3081/2978/711 3082/2979/711 3083/2980/711
f 3081/2978/711 3083/2980/711 3084/2981/711
f 3085/2982/712 3086/2983/712 3087/2984/712
f 3085/2982/712 3087/2984/712 3088/2985/712
f 3089/2986/713 3090/2987/713 3091/2988/713
f 3089/2986/713 3091/2988/713 3092/2989/713
f 3093/2990/714 3094/2991/714 3095/2992/714
f 3093/2990/714 3095/2992/714 3096/2993/714
f 3097/2994/713 3098/2995/713 3099/2996/713
f 3097/2994/713 3099/2996/713 3100/2997/713
f 3101/2998/714 3102/2999/714 3103/3000/714
f 3101/2998/714 3103/3000/714 3104/3001/714
f 3105/3002/715 3106/3003/715 3107/3004/715
f 3105/3002/715 3107/3004/715 3108/3005/715
f 3109/3006/716 3110/3007/716 3111/3008/716
f 3109/3006/716 3111/3008/716 3112/3009/716
f 3113/3010/717 3114/3011/717 3115/3012/717
f 3113/3010/717 3115/3012/717 3116/3013/717
f 3117/3014/718 3118/3015/718 3119/3016/718
f 3117/3014/718 3119/3016/718 3120/3017/718
f 3121/3018/719 3122/3019/719 3123/3020/719
f 3121/3018/719 3123/3020/719 3124/3021/719
f 3125/3022/13 3126/3023/13 3127/3024/13
f 3125/3022/13 3127/3024/13 3128/3025/13
f 3129/3026/720 3130/3027/720 3131/3028/720
f 3129/3026/720 3131/3028/720 3132/3029/720
f 3133/3030/720 3134/3031/720 3135/3032/720
f 3133/3030/720 3135/3032/720 3136/3033/720
f 3137/3034/721 3138/3035/721 3139/3036/721
f 3137/3034/721 3139/3036/721 3140/3037/721
f 3141/3038/722 3142/3039/722 3143/3040/722
f 3141/3038/722 3143/3040/722 3144/3041/722
f 3145/3042/717 3146/3043/717 3147/3044/717
f 3145/3042/717 3147/3044/717 3148/3045/717
f 3149/3046/723 3150/3047/723 3151/3048/723
f 3149/3046/723 3151/3048/723 3152/3049/723
f 3153/3050/724 3154/3051/724 3155/3052/724
f 3153/3050/724 3155/3052/724 3156/3053/724
f 3157/3054/725 3158/3055/725 3159/3056/725
f 3157/3054/725 3159/3056/725 3160/3057/725
f 3161/3058/726 3162/3059/726 3163/3060/726
f 3161/3058/726 3163/3060/726 3164/3061/726
f 3165/3062/725 3166/3063/725 3167/3064/725
f 3165/3062/725 3167/3064/725 3168/3065/725
f 3169/3066/726 3170/3067/726 3171/3068/726
f 3169/3066/726 3171/3068/726 3172/3069/726
f 3173/3070/727 3174/3071/727 3175/3072/727
f 3173/3070/727 3175/3072/727 3176/3073/727
f 3177/3074/728 3178/3075/728 3179/3076/728
f 3177/3074/728 3179/3076/728 3180/3077/728
f 3181/3078/729 3182/3079/729 3183/3080/729
f 3181/3078/729 3183/3080/729 3184/3081/729
f 3185/3082/730 3186/3083/730 3187/3084/730
f 3185/3082/730 3187/3084/730 3188/3085/730
f 3189/3086/731 3190/3087/731 3191/3088/731
f 3189/3086/731 3191/3088/731 3192/3089/731
f 3193/3090/732 3194/3091/732 3195/3092/732
f 3193/3090/732 3195/3092/732 3196/3093/732
f 3197/3094/731 3198/3095/731 3199/3096/731
f 3197/3094/731 3199/3096/731 3200/3097/731
f 3201/3098/732 3202/3099/732 3203/3100/732
f 3201/3098/732 3203/3100/732 3204/3101/732
f 3205/3102/733 3206/3103/733 3207/3104/733
f 3205/3102/733 3207/3104/733 3208/3105/733
f 3209/3106/734 3210/3107/734 3211/3108/734
f 3209/3106/734 3211/3108/734 3212/3109/734
f 3213/3110/735 3214/3111/735 3215/3112/735
f 3213/3110/735 3215/3112/735 3216/3113/735
f 3217/3114/2 3218/3115/2 3219/3116/2
f 3217/3114/2 3219/3116/2 3220/3117/2
f 3221/3118/736 3222/3119/736 3223/3120/736
f 3221/3118/736 3223/3120/736 3224/3121/736
f 3225/3122/736 3226/3123/736 3227/3124/736
f 3225/3122/736 3227/3124/736 3228/3125/736
f 3229/3126/737 3230/3127/737 3231/3128/737
f 3229/3126/737 3231/3128/737 3232/3129/737
f 3233/3130/738 3234/3131/738 3235/3132/738
f 3233/3130/738 3235/3132/738 3236/3133/738
f 3237/3134/739 3238/3135/739 3239/3136/739
f 3237/3134/739 3239/3136/739 3240/3137/739
f 3241/3138/739 3242/3139/739 3243/3140/739
f 3241/3138/739 3243/3140/739 3244/3141/739
f 3245/3142/740 3246/3143/740 3247/3144/740
f 3245/3142/740 3247/3144/740 3248/3145/740
f 3249/3146/741 3250/3147/741 3251/3148/741
f 3249/3146/741 3251/3148/741 3252/3149/741
f 3253/3150/742 3254/3151/742 3255/3152/742
f 3253/3150/742 3255/3152/742 3256/3153/742
f 3257/3154/743 3258/3155/743 3259/3156/743
f 3257/3154/743 3259/3156/743 3260/3157/743
f 3261/3158/744 3262/3159/744 3263/3160/744
f 3261/3158/744 3263/3160/744 3264/3161/744
f 3265/3162/745 3266/3163/745 3267/3164/745
f 3265/3162/745 3267/3164/745 3268/3165/745
f 3269/3166/746 3270/3167/746 3271/3168/746
f 3269/3166/746 3271/3168/746 3272/3169/746
f 3273/3170/747 3274/3171/747 3275/3172/747
f 3273/3170/747 3275/3172/747 3276/3173/747
f 3277/3174/748 3278/3175/748 3279/3176/748
f 3277/3174/748 3279/3176/748 3280/3177/748
f 3281/3178/749 3282/3179/749 3283/3180/749
f 3281/3178/749 3283/3180/749 3284/3181/749
f 3289/3182/750 3290/3183/750 3291/3184/750
f 3289/3182/750 3291/3184/750 3292/3185/750
f 3293/3186/751 3294/3187/751 3295/3188/751
f 3293/3186/751 3295/3188/751 3296/3189/751
f 3297/3190/752 3298/3191/752 3299/3192/752
f 3297/3190/752 3299/3192/752 3300/3193/752
f 3301/3194/753 3302/3195/753 3303/3196/753
f 3301/3194/753 3303/3196/753 3304/3197/753
f 3305/3198/754 3306/3199/754 3307/3200/754
f 3305/3198/754 3307/3200/754 3308/3201/754
f 3309/3202/755 3310/3203/755 3311/3204/755
f 3309/3202/755 3311/3204/755 3312/3205/755
f 3313/3206/756 3314/3207/756 3315/3208/756
f 3313/3206/756 3315/3208/756 3316/3209/756
f 3317/3210/757 3318/3211/757 3319/3212/757
f 3317/3210/757 3319/3212/757 3320/3213/757
f 3321/3214/758 3322/3215/758 3323/3216/758
f 3321/3214/758 3323/3216/758 3324/3217/758
f 3325/3218/759 3326/3219/759 3327/3220/759
f 3325/3218/759 3327/3220/759 3328/3221/759
f 3329/3222/760 3330/3223/760 3331/3224/760
f 3329/3222/760 3331/3224/760 3332/3225/760
f 3333/3226/761 3334/3227/761 3335/3228/761
f 3333/3226/761 3335/3228/761 3336/3229/761
f 3337/3230/762 3338/3231/762 3339/3232/762
f 3337/3230/762 3339/3232/762 3340/3233/762
f 3341/3234/763 3342/3235/763 3343/3236/763
f 3341/3234/763 3343/3236/763 3344/3237/763
f 3345/3238/764 3346/3239/764 3347/3240/764
f 3345/3238/764 3347/3240/764 3348/3241/764
f 3349/3242/765 3350/3243/765 3351/3244/765
f 3349/3242/765 3351/3244/765 3352/3245/765
f 3353/3246/766 3354/3247/766 3355/3248/766
f 3353/3246/766 3355/3248/766 3356/3249/766
f 3357/3250/767 3358/3251/767 3359/3252/767
f 3357/3250/767 3359/3252/767 3360/3253/767
f 3361/3254/768 3362/3255/768 3363/3256/768
f 3361/3254/768 3363/3256/768 3364/3257/768
f 3365/3258/769 3366/3259/769 3367/3260/769
f 3365/3258/769 3367/3260/769 3368/3261/769
f 3369/3262/770 3370/3263/770 3371/3264/770
f 3369/3262/770 3371/3264/770 3372/3265/770
f 3373/3266/771 3374/3267/771 3375/3268/771
f 3373/3266/771 3375/3268/771 3376/3269/771
f 3377/3270/772 3378/3271/772 3379/3272/772
f 3377/3270/772 3379/3272/772 3380/3273/772
f 3381/3274/773 3382/3275/773 3383/3276/773
f 3381/3274/773 3383/3276/773 3384/3277/773
f 3385/3278/774 3386/3279/774 3387/3280/774
f 3385/3278/774 3387/3280/774 3388/3281/774
f 3389/3282/775 3390/3283/775 3391/3284/775
f 3389/3282/775 3391/3284/775 3392/3285/775
f 3393/3286/776 3394/3287/776 3395/3288/776
f 3393/3286/776 3395/3288/776 3396/3289/776
f 3397/3290/777 3398/3291/777 3399/3292/777
f 3397/3290/777 3399/3292/777 3400/3293/777
f 3401/3294/778 3402/3295/778 3403/3296/778
f 3401/3294/778 3403/3296/778 3404/3297/778
f 3405/3298/779 3406/3299/779 3407/3300/779
f 3405/3298/779 3407/3300/779 3408/3301/779
f 3409/3302/741 3410/3303/741 3411/3304/741
f 3413/3305/780 3415/3306/780 3416/3307/780
f 3417/3308/745 3419/3309/745 3420/3310/745
f 3421/3311/781 3422/3312/781 3423/3313/781
f 3421/3311/781 3423/3313/781 3424/3314/781
f 3425/3315/749 3426/3316/749 3427/3317/749
f 3425/3315/749 3427/3317/749 3428/3318/749
f 3429/3319/782 3430/3320/782 3431/3321/782
f 3429/3319/782 3431/3321/782 3432/3322/782
f 3433/3323/752 3434/3324/752 3435/3325/752
f 3433/3323/752 3435/3325/752 3436/3326/752
f 3437/3327/783 3438/3328/783 3439/3329/783
f 3437/3327/783 3439/3329/783 3440/3330/783
f 3441/3331/784 3442/3332/784 3443/3333/784
f 3441/3331/784 3443/3333/784 3444/3334/784
f 3445/3335/785 3446/3336/785 3447/3337/785
f 3445/3335/785 3447/3337/785 3448/3338/785
f 3449/3339/786 3450/3340/786 3451/3341/786
f 3449/3339/786 3451/3341/786 3452/3342/786
f 3453/3343/787 3454/3344/787 3455/3345/787
f 3453/3343/787 3455/3345/787 3456/3346/787
f 3457/3347/788 3458/3348/788 3459/3349/788
f 3461/3350/789 3462/3351/789 3463/3352/789
f 3461/3350/789 3463/3352/789 3464/3353/789
f 3465/3354/790 3466/3355/790 3467/3356/790
f 3465/3354/790 3467/3356/790 3468/3357/790
f 3469/3358/791 3471/3359/791 3472/3360/791
f 3473/3361/792 3474/3362/792 3475/3363/792
f 3477/3364/793 3478/3365/793 3479/3366/793
f 3477/3364/793 3479/3366/793 3480/3367/793
f 3481/3368/794 3482/3369/794 3483/3370/794
f 3485/3371/795 3486/3372/795 3487/3373/795
f 3485/3371/795 3487/3373/795 3488/3374/795
f 3489/3375/796 3490/3376/796 3491/3377/796
f 3489/3375/796 3491/3377/796 3492/3378/796
f 3493/3379/797 3494/3380/797 3495/3381/797
f 3493/3379/797 3495/3381/797 3496/3382/797
f 3497/3383/798 3498/3384/798 3499/3385/798
f 3497/3383/798 3499/3385/798 3500/3386/798
f 3501/3387/799 3502/3388/799 3503/3389/799
f 3501/3387/799 3503/3389/799 3504/3390/799
f 3505/3391/800 3507/3392/800 3508/3393/800
f 3509/3394/801 3510/3395/801 3511/3396/801
f 3509/3394/801 3511/3396/801 3512/3397/801
f 3513/3398/802 3514/3399/802 3515/3400/802
f 3513/3398/802 3515/3400/802 3516/3401/802
f 3517/3402/803 3518/3403/803 3519/3404/803
f 3517/3402/803 3519/3404/803 3520/3405/803
f 3521/3406/804 3522/3407/804 3523/3408/804
f 3521/3406/804 3523/3408/804 3524/3409/804
f 3525/3410/805 3526/3411/805 3527/3412/805
f 3525/3410/805 3527/3412/805 3528/3413/805
f 3529/3414/801 3530/3415/801 3531/3416/801
f 3529/3414/801 3531/3416/801 3532/3417/801
f 3533/3418/806 3534/3419/806 3535/3420/806
f 3533/3418/806 3535/3420/806 3536/3421/806
f 3541/3422/807 3542/3423/807 3543/3424/807
f 3541/3422/807 3543/3424/807 3544/3425/807
f 3545/3426/808 3547/3427/808 3548/3428/808
f 3549/3429/809 3550/3430/809 3551/3431/809
f 3549/3429/809 3551/3431/809 3552/3432/809
f 3553/3433/810 3554/3434/810 3555/3435/810
f 3553/3433/810 3555/3435/810 3556/3436/810
f 3557/3437/811 3558/3438/811 3559/3439/811
f 3561/3440/811 3562/3441/811 3563/3442/811
f 3561/3440/811 3563/3442/811 3564/3443/811
f 3565/3444/812 3566/3445/812 3567/3446/812
f 3565/3444/812 3567/3446/812 3568/3447/812
f 3569/3448/809 3570/3449/809 3571/3450/809
f 3569/3448/809 3571/3450/809 3572/3451/809
f 3573/3452/813 3574/3453/813 3575/3454/813
f 3573/3452/813 3575/3454/813 3576/3455/813
f 3577/3456/814 3578/3457/814 3579/3458/814
f 3577/3456/814 3579/3458/814 3580/3459/814
f 3581/3460/815 3582/3461/815 3583/3462/815
f 3581/3460/815 3583/3462/815 3584/3463/815
f 3585/3464/816 3586/3465/816 3587/3466/816
f 3585/3464/816 3587/3466/816 3588/3467/816
f 3589/3468/817 3590/3469/817 3591/3470/817
f 3589/3468/817 3591/3470/817 3592/3471/817
f 3593/3472/818 3594/3473/818 3595/3474/818
f 3593/3472/818 3595/3474/818 3596/3475/818
f 3597/3476/819 3598/3477/819 3599/3478/819
f 3601/3479/820 3602/3480/820 3603/3481/820
f 3601/3479/820 3603/3481/820 3604/3482/820
f 3605/3483/821 3606/3484/821 3607/3485/821
f 3605/3483/821 3607/3485/821 3608/3486/821
f 3609/3487/817 3610/3488/817 3611/3489/817
f 3609/3487/817 3611/3489/817 3612/3490/817
f 3613/3491/822 3614/3492/822 3615/3493/822
f 3613/3491/822 3615/3493/822 3616/3494/822
f 3617/3495/823 3618/3496/823 3619/3497/823
f 3617/3495/823 3619/3497/823 3620/3498/823
f 3621/3499/824 3622/3500/824 3623/3501/824
f 3621/3499/824 3623/3501/824 3624/3502/824
f 3625/3503/825 3626/3504/825 3627/3505/825
f 3625/3503/825 3627/3505/825 3628/3506/825
f 3629/3507/826 3630/3508/826 3631/3509/826
f 3629/3507/826 3631/3509/826 3632/3510/826
f 3633/3511/827 3634/3512/827 3635/3513/827
f 3633/3511/827 3635/3513/827 3636/3514/827
f 3637/3515/828 3638/3516/828 3639/3517/828
f 3637/3515/828 3639/3517/828 3640/3518/828
f 3641/3519/828 3642/3520/828 3643/3521/828
f 3641/3519/828 3643/3521/828 3644/3522/828
f 3645/3523/829 3646/3524/829 3647/3525/829
f 3645/3523/829 3647/3525/829 3648/3526/829
f 3649/3527/826 3650/3528/826 3651/3529/826
f 3649/3527/826 3651/3529/826 3652/3530/826
f 3653/3531/830 3654/3532/830 3655/3533/830
f 3653/3531/830 3655/3533/830 3656/3534/830
f 3657/3535/831 3658/3536/831 3659/3537/831
f 3657/3535/831 3659/3537/831 3660/3538/831
f 3661/3539/832 3662/3540/832 3663/3541/832
f 3661/3539/832 3663/3541/832 3664/3542/832
f 3665/3543/833 3666/3544/833 3667/3545/833
f 3665/3543/833 3667/3545/833 3668/3546/833
f 3669/3547/834 3670/3548/834 3671/3549/834
f 3669/3547/834 3671/3549/834 3672/3550/834
f 3673/3551/835 3674/3552/835 3675/3553/835
f 3673/3551/835 3675/3553/835 3676/3554/835
f 3677/3555/836 3678/3556/836 3679/3557/836
f 3677/3555/836 3679/3557/836 3680/3558/836
f 3681/3559/836 3682/3560/836 3683/3561/836
f 3681/3559/836 3683/3561/836 3684/3562/836
f 3685/3563/837 3686/3564/837 3687/3565/837
f 3685/3563/837 3687/3565/837 3688/3566/837
f 3689/3567/834 3690/3568/834 3691/3569/834
f 3689/3567/834 3691/3569/834 3692/3570/834
f 3693/3571/838 3694/3572/838 3695/3573/838
f 3693/3571/838 3695/3573/838 3696/3574/838
f 3697/3575/839 3698/3576/839 3699/3577/839
f 3697/3575/839 3699/3577/839 3700/3578/839
f 3701/3579/840 3702/3580/840 3703/3581/840
f 3701/3579/840 3703/3581/840 3704/3582/840
f 3705/3583/841 3706/3584/841 3707/3585/841
f 3705/3583/841 3707/3585/841 3708/3586/841
f 3709/3587/842 3710/3588/842 3711/3589/842
f 3709/3587/842 3711/3589/842 3712/3590/842
f 3713/3591/843 3714/3592/843 3715/3593/843
f 3713/3591/843 3715/3593/843 3716/3594/843
f 3717/3595/844 3718/3596/844 3719/3597/844
f 3717/3595/844 3719/3597/844 3720/3598/844
f 3721/3599/844 3722/3600/844 3723/3601/844
f 3721/3599/844 3723/3601/844 3724/3602/844
f 3725/3603/845 3726/3604/845 3727/3605/845
f 3725/3603/845 3727/3605/845 3728/3606/845
f 3729/3607/842 3730/3608/842 3731/3609/842
f 3729/3607/842 3731/3609/842 3732/3610/842
f 3733/3611/846 3734/3612/846 3735/3613/846
f 3733/3611/846 3735/3613/846 3736/3614/846
f 3737/3615/847 3738/3616/847 3739/3617/847
f 3737/3615/847 3739/3617/847 3740/3618/847
f 3741/3619/848 3742/3620/848 3743/3621/848
f 3741/3619/848 3743/3621/848 3744/3622/848
f 3745/3623/849 3746/3624/849 3747/3625/849
f 3745/3623/849 3747/3625/849 3748/3626/849
f 3749/3627/850 3750/3628/850 3751/3629/850
f 3749/3627/850 3751/3629/850 3752/3630/850
f 3753/3631/851 3754/3632/851 3755/3633/851
f 3753/3631/851 3755/3633/851 3756/3634/851
f 3757/3635/852 3758/3636/852 3759/3637/852
f 3757/3635/852 3759/3637/852 3760/3638/852
f 3761/3639/852 3762/3640/852 3763/3641/852
f 3761/3639/852 3763/3641/852 3764/3642/852
f 3765/3643/853 3766/3644/853 3767/3645/853
f 3765/3643/853 3767/3645/853 3768/3646/853
f 3769/3647/850 3770/3648/850 3771/3649/850
f 3769/3647/850 3771/3649/850 3772/3650/850
f 3773/3651/854 3774/3652/854 3775/3653/854
f 3773/3651/854 3775/3653/854 3776/3654/854
f 3777/3655/855 3778/3656/855 3779/3657/855
f 3777/3655/855 3779/3657/855 3780/3658/855
f 3781/3659/856 3782/3660/856 3783/3661/856
f 3781/3659/856 3783/3661/856 3784/3662/856
f 3785/3663/857 3786/3664/857 3787/3665/857
f 3785/3663/857 3787/3665/857 3788/3666/857
f 3789/3667/858 3790/3668/858 3791/3669/858
f 3789/3667/858 3791/3669/858 3792/3670/858
f 3793/3671/859 3794/3672/859 3795/3673/859
f 3793/3671/859 3795/3673/859 3796/3674/859
f 3797/3675/860 3798/3676/860 3799/3677/860
f 3797/3675/860 3799/3677/860 3800/3678/860
f 3801/3679/860 3802/3680/860 3803/3681/860
f 3801/3679/860 3803/3681/860 3804/3682/860
f 3805/3683/861 3806/3684/861 3807/3685/861
f 3805/3683/861 3807/3685/861 3808/3686/861
f 3809/3687/858 3810/3688/858 3811/3689/858
f 3809/3687/858 3811/3689/858 3812/3690/858
f 3813/3691/862 3814/3692/862 3815/3693/862
f 3813/3691/862 3815/3693/862 3816/3694/862
f 3817/3695/863 3818/3696/863 3819/3697/863
f 3817/3695/863 3819/3697/863 3820/3698/863
f 3821/3699/864 3822/3700/864 3823/3701/864
f 3821/3699/864 3823/3701/864 3824/3702/864
f 3825/3703/865 3826/3704/865 3827/3705/865
f 3825/3703/865 3827/3705/865 3828/3706/865
f 3829/3707/866 3830/3708/866 3831/3709/866
f 3829/3707/866 3831/3709/866 3832/3710/866
f 3833/3711/867 3834/3712/867 3835/3713/867
f 3833/3711/867 3835/3713/867 3836/3714/867
f 3837/3715/868 3838/3716/868 3839/3717/868
f 3837/3715/868 3839/3717/868 3840/3718/868
f 3841/3719/869 3842/3720/869 3843/3721/869
f 3841/3719/869 3843/3721/869 3844/3722/869
f 3845/3723/870 3846/3724/870 3847/3725/870
f 3845/3723/870 3847/3725/870 3848/3726/870
f 3849/3727/871 3850/3728/871 3851/3729/871
f 3849/3727/871 3851/3729/871 3852/3730/871
f 3853/3731/872 3854/3732/872 3855/3733/872
f 3853/3731/872 3855/3733/872 3856/3734/872
f 3857/3735/873 3858/3736/873 3859/3737/873
f 3857/3735/873 3859/3737/873 3860/3738/873
f 3861/3739/874 3862/3740/874 3863/3741/874
f 3861/3739/874 3863/3741/874 3864/3742/874
f 3865/3743/875 3866/3744/875 3867/3745/875
f 3865/3743/875 3867/3745/875 3868/3746/875
f 3869/3747/876 3870/3748/876 3871/3749/876
f 3869/3747/876 3871/3749/876 3872/3750/876
f 3873/3751/877 3874/3752/877 3875/3753/877
f 3873/3751/877 3875/3753/877 3876/3754/877
f 3877/3755/878 3878/3756/878 3879/3757/878
f 3877/3755/878 3879/3757/878 3880/3758/878
f 3881/3759/879 3882/3760/879 3883/3761/879
f 3881/3759/879 3883/3761/879 3884/3762/879
f 3885/3763/880 3886/3764/880 3887/3765/880
f 3885/3763/880 3887/3765/880 3888/3766/880
f 3889/3767/881 3890/3768/881 3891/3769/881
f 3889/3767/881 3891/3769/881 3892/3770/881
f 3893/3771/882 3894/3772/882 3895/3773/882
f 3893/3771/882 3895/3773/882 3896/3774/882
f 3897/3775/883 3898/3776/883 3899/3777/883
f 3897/3775/883 3899/3777/883 3900/3778/883
f 3901/3779/884 3902/3780/884 3903/3781/884
f 3901/3779/884 3903/3781/884 3904/3782/884
f 3905/3783/885 3906/3784/885 3907/3785/885
f 3905/3783/885 3907/3785/885 3908/3786/885
f 3909/3787/886 3910/3788/886 3911/3789/886
f 3909/3787/886 3911/3789/886 3912/3790/886
f 3913/3791/887 3914/3792/887 3915/3793/887
f 3913/3791/887 3915/3793/887 3916/3794/887
f 3917/3795/888 3918/3796/888 3919/3797/888
f 3917/3795/888 3919/3797/888 3920/3798/888
f 3921/3799/889 3922/3800/889 3923/3801/889
f 3921/3799/889 3923/3801/889 3924/3802/889
f 3925/3803/890 3926/3804/890 3927/3805/890
f 3925/3803/890 3927/3805/890 3928/3806/890
f 3929/3807/891 3930/3808/891 3931/3809/891
f 3929/3807/891 3931/3809/891 3932/3810/891
f 3933/3811/892 3934/3812/892 3935/3813/892
f 3933/3811/892 3935/3813/892 3936/3814/892
f 3937/3815/893 3938/3816/893 3939/3817/893
f 3937/3815/893 3939/3817/893 3940/3818/893
f 3941/3819/894 3942/3820/894 3943/3821/894
f 3941/3819/894 3943/3821/894 3944/3822/894
f 3945/3823/895 3946/3824/895 3947/3825/895
f 3945/3823/895 3947/3825/895 3948/3826/895
f 3949/3827/896 3950/3828/896 3951/3829/896
f 3949/3827/896 3951/3829/896 3952/3830/896
f 3953/3831/897 3954/3832/897 3955/3833/897
f 3953/3831/897 3955/3833/897 3956/3834/897
f 3957/3835/898 3958/3836/898 3959/3837/898
f 3957/3835/898 3959/3837/898 3960/3838/898
f 3961/3839/899 3962/3840/899 3963/3841/899
f 3961/3839/899 3963/3841/899 3964/3842/899
f 3965/3843/900 3966/3844/900 3967/3845/900
f 3965/3843/900 3967/3845/900 3968/3846/900
f 3969/3847/901 3970/3848/901 3971/3849/901
f 3969/3847/901 3971/3849/901 3972/3850/901
f 3973/3851/902 3974/3852/902 3975/3853/902
f 3973/3851/902 3975/3853/902 3976/3854/902
f 3977/3855/903 3978/3856/903 3979/3857/903
f 3977/3855/903 3979/3857/903 3980/3858/903
f 3981/3859/904 3982/3860/904 3983/3861/904
f 3981/3859/904 3983/3861/904 3984/3862/904
f 3985/3863/905 3986/3864/905 3987/3865/905
f 3985/3863/905 3987/3865/905 3988/3866/905
f 3989/3867/906 3990/3868/906 3991/3869/906
f 3989/3867/906 3991/3869/906 3992/3870/906
f 3993/3871/907 3994/3872/907 3995/3873/907
f 3993/3871/907 3995/3873/907 3996/3874/907
f 3997/3875/908 3998/3876/908 3999/3877/908
f 3997/3875/908 3999/3877/908 4000/3878/908
f 4001/3879/909 4002/3880/909 4003/3881/909
f 4001/3879/909 4003/3881/909 4004/3882/909
f 4005/3883/910 4006/3884/910 4007/3885/910
f 4005/3883/910 4007/3885/910 4008/3886/910
f 4009/3887/911 4010/3888/911 4011/3889/911
f 4009/3887/911 4011/3889/911 4012/3890/911
f 4013/3891/912 4014/3892/912 4015/3893/912
f 4013/3891/912 4015/3893/912 4016/3894/912
f 4017/3895/913 4018/3896/913 4019/3897/913
f 4017/3895/913 4019/3897/913 4020/3898/913
f 4021/3899/914 4022/3900/914 4023/3901/914
f 4021/3899/914 4023/3901/914 4024/3902/914
f 4025/3903/915 4026/3904/915 4027/3905/915
f 4025/3903/915 4027/3905/915 4028/3906/915
f 4029/3907/916 4030/3908/916 4031/3909/916
f 4029/3907/916 4031/3909/916 4032/3910/916
f 4033/3911/917 4034/3912/917 4035/3913/917
f 4033/3911/917 4035/3913/917 4036/3914/917
f 4037/3915/918 4038/3916/918 4039/3917/918
f 4037/3915/918 4039/3917/918 4040/3918/918
f 4041/3919/919 4042/3920/919 4043/3921/919
f 4041/3919/919 4043/3921/919 4044/3922/919
f 4045/3923/920 4046/3924/920 4047/3925/920
f 4045/3923/920 4047/3925/920 4048/3926/920
f 4049/3927/921 4051/3928/921 4052/3929/921
f 4053/3930/922 4054/3931/922 4055/3932/922
f 4053/3930/922 4055/3932/922 4056/3933/922
f 4057/3934/923 4058/3935/923 4059/3936/923
f 4057/3934/923 4059/3936/923 4060/3937/923
f 4061/3938/924 4062/3939/924 4063/3940/924
f 4061/3938/924 4063/3940/924 4064/3941/924
f 4065/3942/925 4066/3943/925 4067/3944/925
f 4065/3942/925 4067/3944/925 4068/3945/925
f 4069/3946/926 4070/3947/926 4071/3948/926
f 4069/3946/926 4071/3948/926 4072/3949/926
f 4073/3950/927 4074/3951/927 4075/3952/927
f 4073/3950/927 4075/3952/927 4076/3953/927
f 4077/3954/928 4078/3955/928 4079/3956/928
f 4077/3954/928 4079/3956/928 4080/3957/928
f 4081/3958/929 4082/3959/929 4083/3960/929
f 4081/3958/929 4083/3960/929 4084/3961/929
f 4085/3962/930 4086/3963/930 4087/3964/930
f 4085/3962/930 4087/3964/930 4088/3965/930
f 4089/3966/931 4090/3967/931 4091/3968/931
f 4089/3966/931 4091/3968/931 4092/3969/931
f 4093/3970/932 4094/3971/932 4095/3972/932
f 4093/3970/932 4095/3972/932 4096/3973/932
f 4097/3974/933 4098/3975/933 4099/3976/933
f 4097/3974/933 4099/3976/933 4100/3977/933
f 4101/3978/934 4103/3979/934 4104/3980/934
f 4105/3981/935 4106/3982/935 4107/3983/935
f 4105/3981/935 4107/3983/935 4108/3984/935
f 4109/3985/936 4110/3986/936 4111/3987/936
f 4109/3985/936 4111/3987/936 4112/3988/936
f 4113/3989/937 4114/3990/937 4115/3991/937
f 4113/3989/937 4115/3991/937 4116/3992/937
f 4117/3993/938 4118/3994/938 4119/3995/938
f 4117/3993/938 4119/3995/938 4120/3996/938
f 4121/3997/939 4123/3998/939 4124/3999/939
f 4125/4000/940 4126/4001/940 4127/4002/940
f 4125/4000/940 4127/4002/940 4128/4003/940
f 4129/4004/941 4130/4005/941 4131/4006/941
f 4129/4004/941 4131/4006/941 4132/4007/941
f 4133/4008/942 4134/4009/942 4135/4010/942
f 4133/4008/942 4135/4010/942 4136/4011/942
f 4137/4012/943 4138/4013/943 4139/4014/943
f 4137/4012/943 4139/4014/943 4140/4015/943
f 4141/4016/944 4142/4017/944 4143/4018/944
f 4141/4016/944 4143/4018/944 4144/4019/944
f 4145/4020/945 4146/4021/945 4147/4022/945
f 4145/4020/945 4147/4022/945 4148/4023/945
f 4149/4024/946 4150/4025/946 4151/4026/946
f 4149/4024/946 4151/4026/946 4152/4027/946
f 4153/4028/947 4154/4029/947 4155/4030/947
f 4153/4028/947 4155/4030/947 4156/4031/947
f 4157/4032/948 4158/4033/948 4159/4034/948
f 4157/4032/948 4159/4034/948 4160/4035/948
f 4161/4036/949 4162/4037/949 4163/4038/949
f 4161/4036/949 4163/4038/949 4164/4039/949
f 4165/4040/950 4166/4041/950 4167/4042/950
f 4165/4040/950 4167/4042/950 4168/4043/950
f 4169/4044/951 4170/4045/951 4171/4046/951
f 4169/4044/951 4171/4046/951 4172/4047/951
f 4173/4048/952 4174/4049/952 4175/4050/952
f 4173/4048/952 4175/4050/952 4176/4051/952
f 4177/4052/953 4178/4053/953 4179/4054/953
f 4177/4052/953 4179/4054/953 4180/4055/953
f 4181/4056/954 4182/4057/954 4183/4058/954
f 4181/4056/954 4183/4058/954 4184/4059/954
f 4185/4060/955 4186/4061/955 4187/4062/955
f 4185/4060/955 4187/4062/955 4188/4063/955
f 4189/4064/956 4190/4065/956 4191/4066/956
f 4189/4064/956 4191/4066/956 4192/4067/956
f 4193/4068/957 4194/4069/957 4195/4070/957
f 4193/4068/957 4195/4070/957 4196/4071/957
f 4197/4072/958 4198/4073/958 4199/4074/958
f 4197/4072/958 4199/4074/958 4200/4075/958
f 4201/4076/959 4202/4077/959 4203/4078/959
f 4201/4076/959 4203/4078/959 4204/4079/959
f 4205/4080/960 4206/4081/960 4207/4082/960
f 4205/4080/960 4207/4082/960 4208/4083/960
f 4209/4084/961 4210/4085/961 4211/4086/961
f 4209/4084/961 4211/4086/961 4212/4087/961
f 4213/4088/962 4214/4089/962 4215/4090/962
f 4213/4088/962 4215/4090/962 4216/4091/962
f 4217/4092/963 4218/4093/963 4219/4094/963
f 4217/4092/963 4219/4094/963 4220/4095/963
f 4221/4096/964 4222/4097/964 4223/4098/964
f 4221/4096/964 4223/4098/964 4224/4099/964
f 4225/4100/965 4226/4101/965 4227/4102/965
f 4225/4100/965 4227/4102/965 4228/4103/965
f 4229/4104/966 4230/4105/966 4231/4106/966
f 4229/4104/966 4231/4106/966 4232/4107/966
f 4233/4108/967 4234/4109/967 4235/4110/967
f 4233/4108/967 4235/4110/967 4236/4111/967
f 4237/4112/968 4238/4113/968 4239/4114/968
f 4237/4112/968 4239/4114/968 4240/4115/968
f 4241/4116/969 4242/4117/969 4243/4118/969
f 4241/4116/969 4243/4118/969 4244/4119/969
f 4245/4120/970 4246/4121/970 4247/4122/970
f 4245/4120/970 4247/4122/970 4248/4123/970
f 4249/4124/971 4250/4125/971 4251/4126/971
f 4249/4124/971 4251/4126/971 4252/4127/971
f 4253/4128/972 4254/4129/972 4255/4130/972
f 4253/4128/972 4255/4130/972 4256/4131/972
f 4257/4132/973 4258/4133/973 4259/4134/973
f 4257/4132/973 4259/4134/973 4260/4135/973
f 4261/4136/974 4262/4137/974 4263/4138/974
f 4261/4136/974 4263/4138/974 4264/4139/974
f 4265/4140/975 4266/4141/975 4267/4142/975
f 4265/4140/975 4267/4142/975 4268/4143/975
f 4269/4144/976 4270/4145/976 4271/4146/976
f 4269/4144/976 4271/4146/976 4272/4147/976
f 4273/4148/977 4274/4149/977 4275/4150/977
f 4273/4148/977 4275/4150/977 4276/4151/977
f 4277/4152/978 4278/4153/978 4279/4154/978
f 4277/4152/978 4279/4154/978 4280/4155/978
f 4281/4156/979 4282/4157/979 4283/4158/979
f 4281/4156/979 4283/4158/979 4284/4159/979
f 4285/4160/980 4286/4161/980 4287/4162/980
f 4285/4160/980 4287/4162/980 4288/4163/980
f 4289/4164/981 4290/4165/981 4291/4166/981
f 4289/4164/981 4291/4166/981 4292/4167/981
f 4293/4168/982 4294/4169/982 4295/4170/982
f 4293/4168/982 4295/4170/982 4296/4171/982
f 4297/4172/983 4298/4173/983 4299/4174/983
f 4297/4172/983 4299/4174/983 4300/4175/983
f 4301/4176/984 4302/4177/984 4303/4178/984
f 4301/4176/984 4303/4178/984 4304/4179/984
f 4305/4180/985 4306/4181/985 4307/4182/985
f 4305/4180/985 4307/4182/985 4308/4183/985
f 4309/4184/986 4310/4185/986 4311/4186/986
f 4309/4184/986 4311/4186/986 4312/4187/986
f 4313/4188/987 4314/4189/987 4315/4190/987
f 4313/4188/987 4315/4190/987 4316/4191/987
f 4317/4192/988 4318/4193/988 4319/4194/988
f 4317/4192/988 4319/4194/988 4320/4195/988
f 4321/4196/989 4322/4197/989 4323/4198/989
f 4321/4196/989 4323/4198/989 4324/4199/989
f 4325/4200/990 4326/4201/990 4327/4202/990
f 4325/4200/990 4327/4202/990 4328/4203/990
f 4329/4204/991 4330/4205/991 4331/4206/991
f 4329/4204/991 4331/4206/991 4332/4207/991
f 4333/4208/992 4334/4209/992 4335/4210/992
f 4333/4208/992 4335/4210/992 4336/4211/992
f 4337/4212/993 4338/4213/993 4339/4214/993
f 4337/4212/993 4339/4214/993 4340/4215/993
f 4341/4216/994 4342/4217/994 4343/4218/994
f 4341/4216/994 4343/4218/994 4344/4219/994
f 4345/4220/995 4346/4221/995 4347/4222/995
f 4349/4223/996 4350/4224/996 4351/4225/996
f 4349/4223/996 4351/4225/996 4352/4226/996
f 4353/4227/997 4354/4228/997 4355/4229/997
f 4353/4227/997 4355/4229/997 4356/4230/997
f 4357/4231/998 4358/4232/998 4359/4233/998
f 4357/4231/998 4359/4233/998 4360/4234/998
f 4361/4235/999 4362/4236/999 4363/4237/999
f 4361/4235/999 4363/4237/999 4364/4238/999
f 4365/4239/1000 4366/4240/1000 4367/4241/1000
f 4365/4239/1000 4367/4241/1000 4368/4242/1000
f 4369/4243/1001 4370/4244/1001 4371/4245/1001
f 4369/4243/1001 4371/4245/1001 4372/4246/1001
f 4373/4247/1002 4374/4248/1002 4375/4249/1002
f 4373/4247/1002 4375/4249/1002 4376/4250/1002
f 4377/4251/1003 4378/4252/1003 4379/4253/1003
f 4377/4251/1003 4379/4253/1003 4380/4254/1003
f 4381/4255/1004 4382/4256/1004 4383/4257/1004
f 4381/4255/1004 4383/4257/1004 4384/4258/1004
f 4385/4259/1005 4386/4260/1005 4387/4261/1005
f 4385/4259/1005 4387/4261/1005 4388/4262/1005
f 4389/4263/1006 4390/4264/1006 4391/4265/1006
f 4389/4263/1006 4391/4265/1006 4392/4266/1006
f 4393/4267/1007 4394/4268/1007 4395/4269/1007
f 4393/4267/1007 4395/4269/1007 4396/4270/1007
f 4397/4271/1008 4398/4272/1008 4399/4273/1008
f 4397/4271/1008 4399/4273/1008 4400/4274/1008
f 4401/4275/1009 4402/4276/1009 4403/4277/1009
f 4401/4275/1009 4403/4277/1009 4404/4278/1009
f 4405/4279/1010 4406/4280/1010 4407/4281/1010
f 4405/4279/1010 4407/4281/1010 4408/4282/1010
f 4409/4283/1011 4410/4284/1011 4411/4285/1011
f 4409/4283/1011 4411/4285/1011 4412/4286/1011
f 4413/4287/1012 4414/4288/1012 4415/4289/1012
f 4413/4287/1012 4415/4289/1012 4416/4290/1012
f 4417/4291/1013 4418/4292/1013 4419/4293/1013
f 4417/4291/1013 4419/4293/1013 4420/4294/1013
f 4421/4295/1014 4422/4296/1014 4423/4297/1014
f 4421/4295/1014 4423/4297/1014 4424/4298/1014
f 4425/4299/1015 4426/4300/1015 4427/4301/1015
f 4425/4299/1015 4427/4301/1015 4428/4302/1015
f 4429/4303/1016 4430/4304/1016 4431/4305/1016
f 4429/4303/1016 4431/4305/1016 4432/4306/1016
f 4433/4307/1017 4434/4308/1017 4435/4309/1017
f 4433/4307/1017 4435/4309/1017 4436/4310/1017
f 4437/4311/1018 4438/4312/1018 4439/4313/1018
f 4437/4311/1018 4439/4313/1018 4440/4314/1018
f 4441/4315/1019 4442/4316/1019 4443/4317/1019
f 4441/4315/1019 4443/4317/1019 4444/4318/1019
f 4445/4319/1020 4446/4320/1020 4447/4321/1020
f 4445/4319/1020 4447/4321/1020 4448/4322/1020
f 4449/4323/1021 4450/4324/1021 4451/4325/1021
f 4449/4323/1021 4451/4325/1021 4452/4326/1021
f 4453/4327/1022 4454/4328/1022 4455/4329/1022
f 4453/4327/1022 4455/4329/1022 4456/4330/1022
f 4457/4331/1023 4458/4332/1023 4459/4333/1023
f 4457/4331/1023 4459/4333/1023 4460/4334/1023
f 4461/4335/1024 4462/4336/1024 4463/4337/1024
f 4461/4335/1024 4463/4337/1024 4464/4338/1024
f 4465/4339/1025 4466/4340/1025 4467/4341/1025
f 4465/4339/1025 4467/4341/1025 4468/4342/1025
f 4469/4343/1026 4470/4344/1026 4471/4345/1026
f 4469/4343/1026 4471/4345/1026 4472/4346/1026
f 4473/4347/1027 4474/4348/1027 4475/4349/1027
f 4473/4347/1027 4475/4349/1027 4476/4350/1027
f 4477/4351/1028 4478/4352/1028 4479/4353/1028
f 4477/4351/1028 4479/4353/1028 4480/4354/1028
f 4481/4355/1029 4482/4356/1029 4483/4357/1029
f 4481/4355/1029 4483/4357/1029 4484/4358/1029
f 4485/4359/1030 4486/4360/1030 4487/4361/1030
f 4485/4359/1030 4487/4361/1030 4488/4362/1030
f 4489/4363/1031 4490/4364/1031 4491/4365/1031
f 4489/4363/1031 4491/4365/1031 4492/4366/1031
f 4493/4367/1032 4494/4368/1032 4495/4369/1032
f 4493/4367/1032 4495/4369/1032 4496/4370/1032
f 4497/4371/1033 4498/4372/1033 4499/4373/1033
f 4497/4371/1033 4499/4373/1033 4500/4374/1033
f 4501/4375/1034 4502/4376/1034 4503/4377/1034
f 4501/4375/1034 4503/4377/1034 4504/4378/1034
f 4505/4379/1035 4506/4380/1035 4507/4381/1035
f 4505/4379/1035 4507/4381/1035 4508/4382/1035
f 4509/4383/1036 4510/4384/1036 4511/4385/1036
f 4509/4383/1036 4511/4385/1036 4512/4386/1036
f 4513/4387/1037 4514/4388/1037 4515/4389/1037
f 4513/4387/1037 4515/4389/1037 4516/4390/1037
f 4517/4391/1038 4518/4392/1038 4519/4393/1038
f 4517/4391/1038 4519/4393/1038 4520/4394/1038
f 4521/4395/1039 4522/4396/1039 4523/4397/1039
f 4521/4395/1039 4523/4397/1039 4524/4398/1039
f 4525/4399/1040 4526/4400/1040 4527/4401/1040
f 4525/4399/1040 4527/4401/1040 4528/4402/1040
f 4529/4403/708 4530/4404/708 4531/4405/708
f 4529/4403/708 4531/4405/708 4532/4406/708
f 4533/4407/708 4534/4408/708 4535/4409/708
f 4533/4407/708 4535/4409/708 4536/4410/708
f 4537/4411/714 4538/4412/714 4539/4413/714
f 4537/4411/714 4539/4413/714 4540/4414/714
f 4541/4415/714 4542/4416/714 4543/4417/714
f 4541/4415/714 4543/4417/714 4544/4418/714
f 4545/4419/726 4546/4420/726 4547/4421/726
f 4545/4419/726 4547/4421/726 4548/4422/726
f 4549/4423/726 4550/4424/726 4551/4425/726
f 4549/4423/726 4551/4425/726 4552/4426/726
f 4553/4427/732 4554/4428/732 4555/4429/732
f 4553/4427/732 4555/4429/732 4556/4430/732
f 4557/4431/732 4558/4432/732 4559/4433/732
f 4557/4431/732 4559/4433/732 4560/4434/732
f 4561/4435/1041 4562/4436/1041 4563/4437/1041
f 4561/4435/1041 4563/4437/1041 4564/4438/1041
f 4565/4439/1042 4566/4440/1042 4567/4441/1042
f 4565/4439/1042 4567/4441/1042 4568/4442/1042
f 4569/4443/1043 4571/4444/1043 4572/4445/1043
f 4573/4446/1044 4574/4447/1044 4575/4448/1044
f 4573/4446/1044 4575/4448/1044 4576/4449/1044
f 4577/4450/1045 4578/4451/1045 4579/4452/1045
f 4577/4450/1045 4579/4452/1045 4580/4453/1045
f 4581/4454/1046 4582/4455/1046 4583/4456/1046
f 4581/4454/1046 4583/4456/1046 4584/4457/1046
f 4585/4458/1047 4586/4459/1047 4587/4460/1047
f 4585/4458/1047 4587/4460/1047 4588/4461/1047
f 4589/4462/1048 4590/4463/1048 4591/4464/1048
f 4589/4462/1048 4591/4464/1048 4592/4465/1048
f 4593/4466/1049 4594/4467/1049 4595/4468/1049
f 4593/4466/1049 4595/4468/1049 4596/4469/1049
f 4597/4470/1050 4598/4471/1050 4599/4472/1050
f 4597/4470/1050 4599/4472/1050 4600/4473/1050
f 4601/4474/1051 4602/4475/1051 4603/4476/1051
f 4601/4474/1051 4603/4476/1051 4604/4477/1051
f 4605/4478/1052 4606/4479/1052 4607/4480/1052
f 4605/4478/1052 4607/4480/1052 4608/4481/1052
f 4609/4482/1053 4610/4483/1053 4611/4484/1053
f 4613/4485/1054 4614/4486/1054 4615/4487/1054
f 4613/4485/1054 4615/4487/1054 4616/4488/1054
f 4617/4489/1055 4618/4490/1055 4619/4491/1055
f 4617/4489/1055 4619/4491/1055 4620/4492/1055
f 4621/4493/1056 4622/4494/1056 4623/4495/1056
f 4621/4493/1056 4623/4495/1056 4624/4496/1056
f 4625/4497/1057 4626/4498/1057 4627/4499/1057
f 4625/4497/1057 4627/4499/1057 4628/4500/1057
f 4629/4501/1057 4625/4497/1057 4628/4500/1057
f 4629/4501/1057 4628/4500/1057 4630/4502/1057
f 4631/4503/1058 4632/4504/1058 4633/4505/1058
f 4631/4503/1058 4633/4505/1058 4634/4506/1058
f 4635/4507/1058 4636/4508/1058 4632/4504/1058
f 4635/4507/1058 4632/4504/1058 4631/4503/1058
f 4637/4509/1058 4638/4510/1058 4635/4507/1058
f 4637/4509/1058 4635/4507/1058 4631/4503/1058
f 4639/4511/1058 4637/4509/1058 4631/4503/1058
f 4639/4511/1058 4631/4503/1058 4634/4506/1058
f 4628/4500/1057 4640/4512/1057 4641/4513/1057
f 4628/4500/1057 4641/4513/1057 4630/4502/1057
f 4627/4499/1057 4642/4514/1057 4640/4512/1057
f 4627/4499/1057 4640/4512/1057 4628/4500/1057
s 1
f 1/4515/1059 2/4516/1060 3/4517/1061
f 4/4518/1062 5/4519/1063 6/4520/1064
f 7/4521/1065 8/4522/1066 9/4523/1067
f 10/4524/1068 11/4525/1069 12/4526/1070
f 13/4527/1071 14/4528/1072 15/4529/1073
f 16/4530/1074 17/4531/1075 18/4532/1076
f 19/4533/1077 20/4534/1078 21/4535/1079
f 22/4536/1080 23/4537/1081 24/4538/1082
f 161/4539/230 162/4540/230 163/4541/230
f 161/4539/230 163/4541/230 164/4542/230
f 165/4543/230 166/4544/230 167/4545/230
f 165/4543/230 167/4545/230 168/4546/230
f 169/4547/231 170/4548/231 171/4549/231
f 169/4547/231 171/4549/231 172/4550/231
f 173/4551/231 174/4552/231 175/4553/231
f 173/4551/231 175/4553/231 176/4554/231
f 201/4555/11 202/4556/11 203/4557/11
f 201/4555/11 203/4557/11 204/4558/11
f 205/4559/11 206/4560/11 207/4561/11
f 205/4559/11 207/4561/11 208/4562/11
f 209/4563/7 210/4564/7 211/4565/7
f 209/4563/7 211/4565/7 212/4566/7
f 213/4567/7 214/4568/7 215/4569/7
f 213/4567/7 215/4569/7 216/4570/7
f 253/197/29 255/199/29 256/4571/29
f 257/200/30 258/4572/30 259/201/30
f 365/307/57 366/4573/57 367/308/57
f 425/366/72 427/368/72 428/4574/72
f 457/397/80 458/4575/80 459/398/80
f 577/516/110 579/518/110 580/4576/110
f 581/4577/1083 582/4578/1083 583/4579/1083
f 581/4577/1083 583/4579/1083 584/4580/1083
f 637/571/124 638/4581/124 639/572/124
f 697/630/139 699/632/139 700/4582/139
f 1137/1069/239 1139/1071/239 1140/4583/239
f 1161/1092/245 1163/1094/245 1164/4584/245
f 1237/1167/264 1238/4585/264 1239/1168/264
f 1297/1226/279 1299/1228/279 1300/4586/279
f 1317/1245/284 1319/1247/284 1320/4587/284
f 1357/1284/294 1358/4588/294 1359/1285/294
f 1385/1311/301 1386/4589/301 1387/1312/301
f 1389/1314/302 1391/1316/302 1392/4590/302
f 1397/1321/304 1399/1323/304 1400/4591/304
f 1509/4592/1084 1510/4593/1084 1511/4594/1084
f 1509/4592/1084 1511/4594/1084 1512/4595/1084
f 1521/1440/334 1522/4596/334 1523/1441/334
f 1605/4597/1085 1606/4598/1085 1607/4599/1085
f 1605/4597/1085 1607/4599/1085 1608/4600/1085
f 1645/1559/366 1646/4601/366 1647/1560/366
f 1681/1594/375 1683/1596/375 1684/4602/375
f 1765/1677/396 1766/4603/396 1767/1678/396
f 1885/1796/426 1887/1798/426 1888/4604/426
f 1909/1819/432 1910/4605/432 1911/1820/432
f 2113/2022/483 2114/4606/483 2115/2023/483
f 2117/2025/484 2118/4607/484 2119/2026/484
f 2133/2040/488 2135/2042/488 2136/4608/488
f 2189/2095/502 2190/4609/502 2191/2096/502
f 2237/2142/515 2238/4610/515 2239/2143/515
f 2293/2197/529 2294/4611/529 2295/2198/529
f 2297/4612/1086 2298/4613/1086 2299/4614/1086
f 2297/4612/1086 2299/4614/1086 2300/4615/1086
f 2989/2888/690 2990/4616/690 2991/2889/690
f 3017/2915/697 3019/2917/697 3020/4617/697
f 3285/4618/1087 3286/4619/1087 3287/4620/1087
f 3285/4618/1087 3287/4620/1087 3288/4621/1087
f 3409/3302/741 3411/3304/741 3412/4622/741
f 3413/3305/780 3414/4623/780 3415/3306/780
f 3417/3308/745 3418/4624/745 3419/3309/745
f 3457/3347/788 3459/3349/788 3460/4625/788
f 3469/3358/791 3470/4626/791 3471/3359/791
f 3473/3361/792 3475/3363/792 3476/4627/792
f 3481/3368/794 3483/3370/794 3484/4628/794
f 3505/3391/800 3506/4629/800 3507/3392/800
f 3537/4630/1088 3538/4631/1088 3539/4632/1088
f 3537/4630/1088 3539/4632/1088 3540/4633/1088
f 3545/3426/808 3546/4634/808 3547/3427/808
f 3557/3437/811 3559/3439/811 3560/4635/811
f 3597/3476/819 3599/3478/819 3600/4636/819
f 4049/3927/921 4050/4637/921 4051/3928/921
f 4101/3978/934 4102/4638/934 4103/3979/934
f 4121/3997/939 4122/4639/939 4123/3998/939
f 4345/4220/995 4347/4222/995 4348/4640/995
f 4569/4443/1043 4570/4641/1043 4571/4444/1043
f 4609/4482/1053 4611/4484/1053 4612/4642/1053
f 4643/4643/1089 4644/4644/1090 4645/4645/1091
f 4643/4643/1089 4645/4645/1091 4646/4646/1092
f 4647/4647/1093 4643/4643/1089 4648/4648/1094
f 4647/4647/1093 4648/4648/1094 4649/4649/1095
f 4650/4650/1096 4651/4651/1097 4652/4652/1098
f 4650/4650/1096 4652/4652/1098 4653/4653/1099
f 4654/4654/1100 4655/4655/1101 4656/4656/1102
f 4654/4654/1100 4656/4656/1102 4657/4657/1103
f 4658/4658/1104 4659/4659/1105 4660/4660/1106
f 4658/4658/1104 4660/4660/1106 4661/4661/1107
f 4662/4662/1108 4663/4663/1109 4664/4664/1110
f 4662/4662/1108 4664/4664/1110 4665/4665/1111
f 4666/4666/1112 4667/4667/1113 4668/4668/1114
f 4666/4666/1112 4668/4668/1114 4669/4669/1115
f 4670/4670/1116 4671/4671/1117 4672/4672/1118
f 4670/4670/1116 4672/4672/1118 4673/4673/1119
f 4674/4674/1120 4675/4675/1121 4676/4676/1122
f 4674/4674/1120 4676/4676/1122 4677/4677/1123
f 4678/4678/1124 4679/4679/1125 4680/4680/1126
f 4678/4678/1124 4680/4680/1126 4681/4681/1127
f 4682/4682/1128 4683/4683/1129 4684/4684/1130
f 4682/4682/1128 4684/4684/1130 4685/4685/1131
f 4643/4643/1089 4646/4646/1092 4642/4514/1057
f 4643/4643/1089 4642/4514/1057 4648/4648/1094
f 4676/4676/1122 4638/4510/1058 4660/4660/1106
f 4676/4676/1122 4660/4660/1106 4659/4659/1105
f 4655/4655/1101 4686/4686/1132 4636/4508/1058
f 4655/4655/1101 4636/4508/1058 4656/4656/1102
f 4672/4672/1118 4626/4498/1057 4652/4652/1098
f 4672/4672/1118 4652/4652/1098 4651/4651/1097
f 4687/4687/1133 4641/4513/1057 4664/4664/1110
f 4687/4687/1133 4664/4664/1110 4663/4663/1109
f 4688/4688/1134 4629/4501/1057 4685/4685/1131
f 4688/4688/1134 4685/4685/1131 4689/4689/1135
f 4690/4690/1136 4633/4505/1058 4668/4668/1114
f 4690/4690/1136 4668/4668/1114 4667/4667/1113
f 4691/4691/1137 4639/4511/1058 4681/4681/1127
f 4691/4691/1137 4681/4681/1127 4692/4692/1138
f 4640/4512/1057 4642/4514/1057 4646/4646/1092
f 4640/4512/1057 4646/4646/1092 4693/4693/1139
f 4652/4652/1098 4626/4498/1057 4625/4497/1057
f 4652/4652/1098 4625/4497/1057 4694/4694/1140
f 4632/4504/1058 4636/4508/1058 4686/4686/1132
f 4632/4504/1058 4686/4686/1132 4695/4695/1141
f 4660/4660/1106 4638/4510/1058 4637/4509/1058
f 4660/4660/1106 4637/4509/1058 4696/4696/1142
f 4694/4694/1140 4625/4497/1057 4629/4501/1057
f 4694/4694/1140 4629/4501/1057 4688/4688/1134
f 4641/4513/1057 4640/4512/1057 4693/4693/1139
f 4641/4513/1057 4693/4693/1139 4664/4664/1110
f 4696/4696/1142 4637/4509/1058 4639/4511/1058
f 4696/4696/1142 4639/4511/1058 4691/4691/1137
f 4633/4505/1058 4632/4504/1058 4695/4695/1141
f 4633/4505/1058 4695/4695/1141 4668/4668/1114
f 4671/4671/1117 4627/4499/1057 4626/4498/1057
f 4671/4671/1117 4626/4498/1057 4672/4672/1118
f 4685/4685/1131 4629/4501/1057 4630/4502/1057
f 4685/4685/1131 4630/4502/1057 4682/4682/1128
f 4634/4506/1058 4633/4505/1058 4690/4690/1136
f 4634/4506/1058 4690/4690/1136 4678/4678/1124
f 4656/4656/1102 4636/4508/1058 4635/4507/1058
f 4656/4656/1102 4635/4507/1058 4675/4675/1121
f 4675/4675/1121 4635/4507/1058 4638/4510/1058
f 4675/4675/1121 4638/4510/1058 4676/4676/1122
f 4681/4681/1127 4639/4511/1058 4634/4506/1058
f 4681/4681/1127 4634/4506/1058 4678/4678/1124
f 4630/4502/1057 4641/4513/1057 4687/4687/1133
f 4630/4502/1057 4687/4687/1133 4682/4682/1128
f 4648/4648/1094 4642/4514/1057 4627/4499/1057
f 4648/4648/1094 4627/4499/1057 4671/4671/1117
f 4653/4653/1099 4652/4652/1098 4694/4694/1140
f 4653/4653/1099 4694/4694/1140 4697/4697/1143
f 4655/4655/1101 4698/4698/1144 4699/4699/1145
f 4655/4655/1101 4699/4699/1145 4686/4686/1132
f 4661/4661/1107 4660/4660/1106 4696/4696/1142
f 4661/4661/1107 4696/4696/1142 4700/4700/1146
f 4663/4663/1109 4701/4701/1147 4702/4702/1148
f 4663/4663/1109 4702/4702/1148 4687/4687/1133
f 4667/4667/1113 4703/4703/1149 4704/4704/1150
f 4667/4667/1113 4704/4704/1150 4690/4690/1136
f 4649/4649/1095 4648/4648/1094 4671/4671/1117
f 4649/4649/1095 4671/4671/1117 4670/4670/1116
f 4651/4651/1097 4705/4705/1151 4673/4673/1119
f 4651/4651/1097 4673/4673/1119 4672/4672/1118
f 4657/4657/1103 4656/4656/1102 4675/4675/1121
f 4657/4657/1103 4675/4675/1121 4674/4674/1120
f 4659/4659/1105 4706/4706/1152 4677/4677/1123
f 4659/4659/1105 4677/4677/1123 4676/4676/1122
f 4690/4690/1136 4704/4704/1150 4679/4679/1125
f 4690/4690/1136 4679/4679/1125 4678/4678/1124
f 4707/4707/1153 4692/4692/1138 4681/4681/1127
f 4707/4707/1153 4681/4681/1127 4680/4680/1126
f 4687/4687/1133 4702/4702/1148 4683/4683/1129
f 4687/4687/1133 4683/4683/1129 4682/4682/1128
f 4708/4708/1154 4689/4689/1135 4685/4685/1131
f 4708/4708/1154 4685/4685/1131 4684/4684/1130
f 4646/4646/1092 4645/4645/1091 4709/4709/1155
f 4646/4646/1092 4709/4709/1155 4693/4693/1139
f 4693/4693/1139 4709/4709/1155 4665/4665/1111
f 4693/4693/1139 4665/4665/1111 4664/4664/1110
f 4697/4697/1143 4694/4694/1140 4688/4688/1134
f 4697/4697/1143 4688/4688/1134 4710/4710/1156
f 4689/4689/1135 4711/4711/1157 4710/4710/1156
f 4689/4689/1135 4710/4710/1156 4688/4688/1134
f 4686/4686/1132 4699/4699/1145 4712/4712/1158
f 4686/4686/1132 4712/4712/1158 4695/4695/1141
f 4695/4695/1141 4712/4712/1158 4669/4669/1115
f 4695/4695/1141 4669/4669/1115 4668/4668/1114
f 4700/4700/1146 4696/4696/1142 4691/4691/1137
f 4700/4700/1146 4691/4691/1137 4713/4713/1159
f 4692/4692/1138 4714/4714/1160 4713/4713/1159
f 4692/4692/1138 4713/4713/1159 4691/4691/1137
f 4644/4644/1090 4643/4643/1089 4647/4647/1093
f 4644/4644/1090 4647/4647/1093 3/4517/1061
f 4705/4705/1151 4651/4651/1097 4650/4650/1096
f 4705/4705/1151 4650/4650/1096 5/4519/1063
f 4698/4698/1144 4655/4655/1101 4654/4654/1100
f 4698/4698/1144 4654/4654/1100 9/4523/1067
f 4706/4706/1152 4659/4659/1105 4658/4658/1104
f 4706/4706/1152 4658/4658/1104 11/4525/1069
f 4701/4701/1147 4663/4663/1109 4662/4662/1108
f 4701/4701/1147 4662/4662/1108 13/4527/1071
f 4711/4711/1157 4689/4689/1135 4708/4708/1154
f 4711/4711/1157 4708/4708/1154 16/4530/1074
f 4703/4703/1149 4667/4667/1113 4666/4666/1112
f 4703/4703/1149 4666/4666/1112 19/4533/1077
f 4714/4714/1160 4692/4692/1138 4707/4707/1153
f 4714/4714/1160 4707/4707/1153 22/4536/1080
f 4715/4715/1161 4716/4716/1162 4717/4717/1163
f 4715/4715/1161 4717/4717/1163 4718/4718/1164
f 4716/4716/1162 4715/4715/1161 4719/4719/1165
f 4716/4716/1162 4719/4719/1165 4720/4720/1166
f 4720/4720/1166 4719/4719/1165 4721/4721/1167
f 4720/4720/1166 4721/4721/1167 4722/4722/1168
f 4723/4723/1169 4724/4724/1170 4725/4725/1171
f 4723/4723/1169 4725/4725/1171 4726/4726/1172
f 4724/4724/1170 4723/4723/1169 4727/4727/1173
f 4724/4724/1170 4727/4727/1173 4728/4728/1174
f 4728/4728/1174 4727/4727/1173 4729/4729/1175
f 4728/4728/1174 4729/4729/1175 4730/4730/1176
f 4731/4731/1177 4732/4732/1178 4733/4733/1179
f 4731/4731/1177 4733/4733/1179 4734/4734/1064
f 4732/4732/1178 4731/4731/1177 4735/4735/1180
f 4732/4732/1178 4735/4735/1180 4736/4736/1181
f 4736/4736/1181 4735/4735/1180 4737/4737/1182
f 4736/4736/1181 4737/4737/1182 4738/4738/1183
f 4739/4739/1184 4740/4740/1185 4741/4741/1186
f 4739/4739/1184 4741/4741/1186 4742/4742/1187
f 4740/4740/1185 4739/4739/1184 4743/4743/1188
f 4740/4740/1185 4743/4743/1188 4744/4744/1189
f 4744/4744/1189 4743/4743/1188 4745/4745/1190
f 4744/4744/1189 4745/4745/1190 4746/4746/1191
f 4747/4747/1192 4748/4748/1193 4749/4749/1194
f 4747/4747/1192 4749/4749/1194 4750/4750/1070
f 4748/4748/1193 4747/4747/1192 4751/4751/1195
f 4748/4748/1193 4751/4751/1195 4752/4752/1196
f 4752/4752/1196 4751/4751/1195 4753/4753/1197
f 4752/4752/1196 4753/4753/1197 4754/4754/1198
f 4755/4755/1199 4756/4756/1200 4757/4757/1201
f 4755/4755/1199 4757/4757/1201 4758/4758/1202
f 4756/4756/1200 4755/4755/1199 4759/4759/1203
f 4756/4756/1200 4759/4759/1203 4760/4760/1204
f 4760/4760/1204 4759/4759/1203 4722/4722/1168
f 4760/4760/1204 4722/4722/1168 4721/4721/1167
f 4761/4761/1205 4762/4762/1206 4763/4763/1207
f 4761/4761/1205 4763/4763/1207 4764/4764/1208
f 4762/4762/1206 4761/4761/1205 4765/4765/1209
f 4762/4762/1206 4765/4765/1209 4766/4766/1210
f 4766/4766/1210 4765/4765/1209 4767/4767/1211
f 4766/4766/1210 4767/4767/1211 4768/4768/1212
f 4730/4730/1176 4729/4729/1175 4769/4769/1213
f 4730/4730/1176 4769/4769/1213 4770/4770/1214
f 4770/4770/1214 4769/4769/1213 4771/4771/1215
f 4770/4770/1214 4771/4771/1215 4772/4772/1216
f 4746/4746/1191 4745/4745/1190 4773/4773/1217
f 4746/4746/1191 4773/4773/1217 4774/4774/1218
f 4774/4774/1218 4773/4773/1217 4775/4775/1219
f 4774/4774/1218 4775/4775/1219 4776/4776/1220
f 4777/4777/1221 4778/4778/1222 4779/4779/1223
f 4777/4777/1221 4779/4779/1223 4780/4780/1224
f 4778/4778/1222 4777/4777/1221 4781/4781/1225
f 4778/4778/1222 4781/4781/1225 4782/4782/1226
f 4782/4782/1226 4781/4781/1225 4783/4783/1227
f 4782/4782/1226 4783/4783/1227 4784/4784/1228
f 4785/4785/1229 4786/4786/1230 4787/4787/1231
f 4785/4785/1229 4787/4787/1231 4788/4788/1232
f 4786/4786/1230 4785/4785/1229 4789/4789/1233
f 4786/4786/1230 4789/4789/1233 4790/4790/1234
f 4790/4790/1234 4789/4789/1233 4791/4791/1235
f 4790/4790/1234 4791/4791/1235 4792/4792/1236
f 4738/4738/1183 4737/4737/1182 4793/4793/1237
f 4738/4738/1183 4793/4793/1237 4794/4794/1238
f 4795/4795/1239 4796/4796/1240 4797/4797/1066
f 4795/4795/1239 4797/4797/1066 4798/4798/1241
f 4796/4796/1240 4795/4795/1239 4799/4799/1242
f 4796/4796/1240 4799/4799/1242 4800/4800/1243
f 4800/4800/1243 4799/4799/1242 4768/4768/1212
f 4800/4800/1243 4768/4768/1212 4767/4767/1211
f 4754/4754/1198 4753/4753/1197 4801/4801/1244
f 4754/4754/1198 4801/4801/1244 4802/4802/1245
f 4803/4803/1246 4804/4804/1247 4805/4805/1073
f 4803/4803/1246 4805/4805/1073 4806/4806/1248
f 4804/4804/1247 4803/4803/1246 4788/4788/1232
f 4804/4804/1247 4788/4788/1232 4787/4787/1231
f 4807/4807/1249 4808/4808/1250 4809/4809/1079
f 4807/4807/1249 4809/4809/1079 4810/4810/1251
f 4808/4808/1250 4807/4807/1249 4780/4780/1224
f 4808/4808/1250 4780/4780/1224 4779/4779/1223
f 4772/4772/1216 4771/4771/1215 4811/4811/1062
f 4772/4772/1216 4811/4811/1062 4812/4812/1252
f 4776/4776/1220 4775/4775/1219 4813/4813/1068
f 4776/4776/1220 4813/4813/1068 4814/4814/1253
f 4784/4784/1228 4783/4783/1227 4815/4815/1254
f 4784/4784/1228 4815/4815/1254 4816/4816/1255
f 4792/4792/1236 4791/4791/1235 4817/4817/1256
f 4792/4792/1236 4817/4817/1256 4818/4818/1257
f 4794/4794/1238 4793/4793/1237 4819/4819/1258
f 4794/4794/1238 4819/4819/1258 4820/4820/1259
f 4820/4820/1259 4819/4819/1258 4821/4821/1076
f 4820/4820/1259 4821/4821/1076 4822/4822/1260
f 4802/4802/1245 4801/4801/1244 4823/4823/1261
f 4802/4802/1245 4823/4823/1261 4824/4824/1262
f 4824/4824/1262 4823/4823/1261 4825/4825/1082
f 4824/4824/1262 4825/4825/1082 4826/4826/1263
f 4726/4726/1172 4725/4725/1171 4827/4827/1164
f 4726/4726/1172 4827/4827/1164 4828/4828/1060
f 4829/4829/1252 4/4518/1062 6/4520/1064
f 4829/4829/1252 6/4520/1064 4830/4830/1179
f 4742/4742/1187 4741/4741/1186 4831/4831/1241
f 4742/4742/1187 4831/4831/1241 4832/4832/1066
f 4833/4833/1253 10/4524/1068 12/4526/1070
f 4833/4833/1253 12/4526/1070 4834/4834/1194
f 4835/4835/1072 4836/4836/1201 4806/4806/1248
f 4835/4835/1072 4806/4806/1248 4805/4805/1073
f 4837/4837/1075 4838/4838/1264 4822/4822/1260
f 4837/4837/1075 4822/4822/1260 4821/4821/1076
f 4839/4839/1078 4840/4840/1207 4810/4810/1251
f 4839/4839/1078 4810/4810/1251 4809/4809/1079
f 4841/4841/1081 4842/4842/1265 4826/4826/1263
f 4841/4841/1081 4826/4826/1263 4825/4825/1082
f 4644/4644/1090 4843/4843/1266 4844/4844/1267
f 4644/4644/1090 4844/4844/1267 4645/4645/1091
f 4715/4715/1161 4845/4845/1268 4846/4846/1269
f 4715/4715/1161 4846/4846/1269 4719/4719/1165
f 4847/4847/1270 4724/4724/1170 4728/4728/1174
f 4847/4847/1270 4728/4728/1174 4848/4848/1271
f 4849/4849/1272 4647/4647/1093 4649/4649/1095
f 4849/4849/1272 4649/4649/1095 4850/4850/1173
f 4851/4851/1273 4732/4732/1178 4736/4736/1181
f 4851/4851/1273 4736/4736/1181 4852/4852/1274
f 4853/4853/1177 4650/4650/1096 4653/4653/1099
f 4853/4853/1177 4653/4653/1099 4854/4854/1180
f 4855/4855/1275 4740/4740/1185 4744/4744/1189
f 4855/4855/1275 4744/4744/1189 4856/4856/1276
f 4857/4857/1277 4654/4654/1100 4657/4657/1103
f 4857/4857/1277 4657/4657/1103 4858/4858/1188
f 4859/4859/1278 4748/4748/1193 4752/4752/1196
f 4859/4859/1278 4752/4752/1196 4860/4860/1279
f 4861/4861/1192 4658/4658/1104 4661/4661/1107
f 4861/4861/1192 4661/4661/1107 4862/4862/1195
f 4863/4863/1280 4756/4756/1200 4760/4760/1204
f 4863/4863/1280 4760/4760/1204 4864/4864/1281
f 4865/4865/1199 4662/4662/1108 4665/4665/1111
f 4865/4865/1199 4665/4665/1111 4866/4866/1203
f 4867/4867/1282 4762/4762/1206 4766/4766/1210
f 4867/4867/1282 4766/4766/1210 4868/4868/1283
f 4869/4869/1205 4666/4666/1112 4669/4669/1115
f 4869/4869/1205 4669/4669/1115 4870/4870/1284
f 4871/4871/1285 4730/4730/1176 4770/4770/1214
f 4871/4871/1285 4770/4770/1214 4872/4872/1286
f 4873/4873/1175 4670/4670/1116 4673/4673/1119
f 4873/4873/1175 4673/4673/1119 4874/4874/1213
f 4875/4875/1287 4746/4746/1191 4774/4774/1218
f 4875/4875/1287 4774/4774/1218 4876/4876/1288
f 4877/4877/1190 4674/4674/1120 4677/4677/1123
f 4877/4877/1190 4677/4677/1123 4878/4878/1217
f 4679/4679/1125 4879/4879/1222 4880/4880/1289
f 4679/4679/1125 4880/4880/1289 4680/4680/1126
f 4777/4777/1221 4881/4881/1290 4882/4882/1291
f 4777/4777/1221 4882/4882/1291 4781/4781/1225
f 4683/4683/1129 4883/4883/1230 4884/4884/1292
f 4683/4683/1129 4884/4884/1292 4684/4684/1130
f 4785/4785/1229 4885/4885/1293 4886/4886/1294
f 4785/4785/1229 4886/4886/1294 4789/4789/1233
f 4852/4852/1274 4736/4736/1181 4738/4738/1183
f 4852/4852/1274 4738/4738/1183 4887/4887/1295
f 4854/4854/1180 4653/4653/1099 4697/4697/1143
f 4854/4854/1180 4697/4697/1143 4888/4888/1182
f 4698/4698/1144 4889/4889/1296 4890/4890/1297
f 4698/4698/1144 4890/4890/1297 4699/4699/1145
f 4795/4795/1239 4891/4891/1298 4892/4892/1299
f 4795/4795/1239 4892/4892/1299 4799/4799/1242
f 4860/4860/1279 4752/4752/1196 4754/4754/1198
f 4860/4860/1279 4754/4754/1198 4893/4893/1300
f 4862/4862/1195 4661/4661/1107 4700/4700/1146
f 4862/4862/1195 4700/4700/1146 4894/4894/1197
f 4701/4701/1147 4895/4895/1301 4896/4896/1302
f 4701/4701/1147 4896/4896/1302 4702/4702/1148
f 4803/4803/1246 4897/4897/1303 4898/4898/1304
f 4803/4803/1246 4898/4898/1304 4788/4788/1232
f 4703/4703/1149 4899/4899/1305 4900/4900/1306
f 4703/4703/1149 4900/4900/1306 4704/4704/1150
f 4807/4807/1249 4901/4901/1307 4902/4902/1308
f 4807/4807/1249 4902/4902/1308 4780/4780/1224
f 4848/4848/1271 4728/4728/1174 4730/4730/1176
f 4848/4848/1271 4730/4730/1176 4871/4871/1285
f 4850/4850/1173 4649/4649/1095 4670/4670/1116
f 4850/4850/1173 4670/4670/1116 4873/4873/1175
f 4705/4705/1151 4903/4903/1309 4874/4874/1213
f 4705/4705/1151 4874/4874/1213 4673/4673/1119
f 4772/4772/1216 4904/4904/1310 4872/4872/1286
f 4772/4772/1216 4872/4872/1286 4770/4770/1214
f 4856/4856/1276 4744/4744/1189 4746/4746/1191
f 4856/4856/1276 4746/4746/1191 4875/4875/1287
f 4858/4858/1188 4657/4657/1103 4674/4674/1120
f 4858/4858/1188 4674/4674/1120 4877/4877/1190
f 4706/4706/1152 4905/4905/1311 4878/4878/1217
f 4706/4706/1152 4878/4878/1217 4677/4677/1123
f 4776/4776/1220 4906/4906/1312 4876/4876/1288
f 4776/4776/1220 4876/4876/1288 4774/4774/1218
f 4704/4704/1150 4900/4900/1306 4879/4879/1222
f 4704/4704/1150 4879/4879/1222 4679/4679/1125
f 4780/4780/1224 4902/4902/1308 4881/4881/1290
f 4780/4780/1224 4881/4881/1290 4777/4777/1221
f 4907/4907/1313 4783/4783/1227 4781/4781/1225
f 4907/4907/1313 4781/4781/1225 4882/4882/1291
f 4908/4908/1228 4707/4707/1153 4680/4680/1126
f 4908/4908/1228 4680/4680/1126 4880/4880/1289
f 4702/4702/1148 4896/4896/1302 4883/4883/1230
f 4702/4702/1148 4883/4883/1230 4683/4683/1129
f 4788/4788/1232 4898/4898/1304 4885/4885/1293
f 4788/4788/1232 4885/4885/1293 4785/4785/1229
f 4909/4909/1314 4791/4791/1235 4789/4789/1233
f 4909/4909/1314 4789/4789/1233 4886/4886/1294
f 4910/4910/1236 4708/4708/1154 4684/4684/1130
f 4910/4910/1236 4684/4684/1130 4884/4884/1292
f 4645/4645/1091 4844/4844/1267 4911/4911/1168
f 4645/4645/1091 4911/4911/1168 4709/4709/1155
f 4719/4719/1165 4846/4846/1269 4912/4912/1315
f 4719/4719/1165 4912/4912/1315 4721/4721/1167
f 4709/4709/1155 4911/4911/1168 4866/4866/1203
f 4709/4709/1155 4866/4866/1203 4665/4665/1111
f 4721/4721/1167 4912/4912/1315 4864/4864/1281
f 4721/4721/1167 4864/4864/1281 4760/4760/1204
f 4887/4887/1295 4738/4738/1183 4794/4794/1238
f 4887/4887/1295 4794/4794/1238 4913/4913/1316
f 4888/4888/1182 4697/4697/1143 4710/4710/1156
f 4888/4888/1182 4710/4710/1156 4914/4914/1237
f 4711/4711/1157 4915/4915/1317 4914/4914/1237
f 4711/4711/1157 4914/4914/1237 4710/4710/1156
f 4820/4820/1259 4916/4916/1318 4913/4913/1316
f 4820/4820/1259 4913/4913/1316 4794/4794/1238
f 4699/4699/1145 4890/4890/1297 4917/4917/1211
f 4699/4699/1145 4917/4917/1211 4712/4712/1158
f 4799/4799/1242 4892/4892/1299 4918/4918/1319
f 4799/4799/1242 4918/4918/1319 4768/4768/1212
f 4712/4712/1158 4917/4917/1211 4870/4870/1284
f 4712/4712/1158 4870/4870/1284 4669/4669/1115
f 4768/4768/1212 4918/4918/1319 4868/4868/1283
f 4768/4768/1212 4868/4868/1283 4766/4766/1210
f 4893/4893/1300 4754/4754/1198 4802/4802/1245
f 4893/4893/1300 4802/4802/1245 4919/4919/1320
f 4894/4894/1197 4700/4700/1146 4713/4713/1159
f 4894/4894/1197 4713/4713/1159 4920/4920/1244
f 4714/4714/1160 4921/4921/1261 4920/4920/1244
f 4714/4714/1160 4920/4920/1244 4713/4713/1159
f 4824/4824/1262 4922/4922/1321 4919/4919/1320
f 4824/4824/1262 4919/4919/1320 4802/4802/1245
f 4724/4724/1170 4847/4847/1270 4923/4923/1322
f 4724/4724/1170 4923/4923/1322 4725/4725/1171
f 4725/4725/1171 4923/4923/1322 4924/4924/1323
f 4725/4725/1171 4924/4924/1323 4827/4827/1164
f 4925/4925/1323 4845/4845/1268 4715/4715/1161
f 4925/4925/1323 4715/4715/1161 4718/4718/1164
f 2/4516/1060 4843/4843/1266 4644/4644/1090
f 2/4516/1060 4644/4644/1090 3/4517/1061
f 3/4517/1061 4647/4647/1093 4849/4849/1272
f 3/4517/1061 4849/4849/1272 1/4515/1059
f 4926/4926/1324 4904/4904/1310 4772/4772/1216
f 4926/4926/1324 4772/4772/1216 4812/4812/1252
f 4/4518/1062 4903/4903/1309 4705/4705/1151
f 4/4518/1062 4705/4705/1151 5/4519/1063
f 5/4519/1063 4650/4650/1096 4853/4853/1177
f 5/4519/1063 4853/4853/1177 6/4520/1064
f 4732/4732/1178 4851/4851/1273 4927/4927/1325
f 4732/4732/1178 4927/4927/1325 4733/4733/1179
f 4928/4928/1179 4929/4929/1326 4926/4926/1324
f 4928/4928/1179 4926/4926/1324 4812/4812/1252
f 4740/4740/1185 4855/4855/1275 4930/4930/1327
f 4740/4740/1185 4930/4930/1327 4741/4741/1186
f 4741/4741/1186 4930/4930/1327 4931/4931/1328
f 4741/4741/1186 4931/4931/1328 4831/4831/1241
f 4932/4932/1328 4891/4891/1298 4795/4795/1239
f 4932/4932/1328 4795/4795/1239 4798/4798/1241
f 8/4522/1066 4889/4889/1296 4698/4698/1144
f 8/4522/1066 4698/4698/1144 9/4523/1067
f 9/4523/1067 4654/4654/1100 4857/4857/1277
f 9/4523/1067 4857/4857/1277 7/4521/1065
f 4933/4933/1329 4906/4906/1312 4776/4776/1220
f 4933/4933/1329 4776/4776/1220 4814/4814/1253
f 10/4524/1068 4905/4905/1311 4706/4706/1152
f 10/4524/1068 4706/4706/1152 11/4525/1069
f 11/4525/1069 4658/4658/1104 4861/4861/1192
f 11/4525/1069 4861/4861/1192 12/4526/1070
f 4748/4748/1193 4859/4859/1278 4934/4934/1330
f 4748/4748/1193 4934/4934/1330 4749/4749/1194
f 4935/4935/1194 4936/4936/1331 4933/4933/1329
f 4935/4935/1194 4933/4933/1329 4814/4814/1253
f 13/4527/1071 4662/4662/1108 4865/4865/1199
f 13/4527/1071 4865/4865/1199 14/4528/1072
f 4756/4756/1200 4863/4863/1280 4937/4937/1332
f 4756/4756/1200 4937/4937/1332 4757/4757/1201
f 4836/4836/1201 4938/4938/1332 4939/4939/1333
f 4836/4836/1201 4939/4939/1333 4806/4806/1248
f 4939/4939/1333 4897/4897/1303 4803/4803/1246
f 4939/4939/1333 4803/4803/1246 4806/4806/1248
f 15/4529/1073 4895/4895/1301 4701/4701/1147
f 15/4529/1073 4701/4701/1147 13/4527/1071
f 16/4530/1074 4708/4708/1154 4910/4910/1236
f 16/4530/1074 4910/4910/1236 17/4531/1075
f 4791/4791/1235 4909/4909/1314 4940/4940/1334
f 4791/4791/1235 4940/4940/1334 4817/4817/1256
f 4817/4817/1256 4940/4940/1334 4941/4941/1335
f 4817/4817/1256 4941/4941/1335 4942/4942/1260
f 4943/4943/1335 4916/4916/1318 4820/4820/1259
f 4943/4943/1335 4820/4820/1259 4822/4822/1260
f 18/4532/1076 4915/4915/1317 4711/4711/1157
f 18/4532/1076 4711/4711/1157 16/4530/1074
f 19/4533/1077 4666/4666/1112 4869/4869/1205
f 19/4533/1077 4869/4869/1205 20/4534/1078
f 4762/4762/1206 4867/4867/1282 4944/4944/1336
f 4762/4762/1206 4944/4944/1336 4763/4763/1207
f 4840/4840/1207 4945/4945/1336 4946/4946/1337
f 4840/4840/1207 4946/4946/1337 4810/4810/1251
f 4946/4946/1337 4901/4901/1307 4807/4807/1249
f 4946/4946/1337 4807/4807/1249 4810/4810/1251
f 21/4535/1079 4899/4899/1305 4703/4703/1149
f 21/4535/1079 4703/4703/1149 19/4533/1077
f 22/4536/1080 4707/4707/1153 4908/4908/1228
f 22/4536/1080 4908/4908/1228 23/4537/1081
f 4783/4783/1227 4907/4907/1313 4947/4947/1338
f 4783/4783/1227 4947/4947/1338 4815/4815/1254
f 4815/4815/1254 4947/4947/1338 4948/4948/1339
f 4815/4815/1254 4948/4948/1339 4949/4949/1263
f 4950/4950/1339 4922/4922/1321 4824/4824/1262
f 4950/4950/1339 4824/4824/1262 4826/4826/1263
f 24/4538/1082 4921/4921/1261 4714/4714/1160
f 24/4538/1082 4714/4714/1160 22/4536/1080
f 4951/4951/1340 4952/4952/1341 4953/4953/1342
f 4951/4951/1340 4953/4953/1342 4954/4954/1343
f 4952/4952/1341 4951/4951/1340 4955/4955/1344
f 4952/4952/1341 4955/4955/1344 4956/4956/1345
f 4956/4956/1345 4955/4955/1344 4957/4957/1346
f 4956/4956/1345 4957/4957/1346 4958/4958/1347
f 4959/4959/1348 4960/4960/1349 4961/4961/1350
f 4959/4959/1348 4961/4961/1350 4962/4962/1351
f 4960/4960/1349 4959/4959/1348 4963/4963/1352
f 4960/4960/1349 4963/4963/1352 4964/4964/1353
f 4964/4964/1353 4963/4963/1352 4965/4965/1354
f 4964/4964/1353 4965/4965/1354 4966/4966/1355
f 4967/4967/1356 4968/4968/1357 4969/4969/1358
f 4967/4967/1356 4969/4969/1358 4970/4970/1359
f 4968/4968/1357 4967/4967/1356 4971/4971/1360
f 4968/4968/1357 4971/4971/1360 4972/4972/1361
f 4972/4972/1361 4971/4971/1360 4973/4973/1362
f 4972/4972/1361 4973/4973/1362 4974/4974/1363
f 4975/4975/1364 4976/4976/1365 4977/4977/1366
f 4975/4975/1364 4977/4977/1366 4978/4978/1367
f 4976/4976/1365 4975/4975/1364 4979/4979/1368
f 4976/4976/1365 4979/4979/1368 4980/4980/1369
f 4980/4980/1369 4979/4979/1368 4981/4981/1370
f 4980/4980/1369 4981/4981/1370 4982/4982/1371
f 4983/4983/1372 4984/4984/1373 4985/4985/1374
f 4983/4983/1372 4985/4985/1374 4986/4986/1375
f 4984/4984/1373 4983/4983/1372 4987/4987/1376
f 4984/4984/1373 4987/4987/1376 4988/4988/1377
f 4988/4988/1377 4987/4987/1376 4989/4989/1378
f 4988/4988/1377 4989/4989/1378 4990/4990/1379
f 4991/4991/1380 4992/4992/1381 4993/4993/1382
f 4991/4991/1380 4993/4993/1382 4994/4994/1383
f 4992/4992/1381 4991/4991/1380 4995/4995/1384
f 4992/4992/1381 4995/4995/1384 4996/4996/1385
f 4996/4996/1385 4995/4995/1384 4997/4997/1386
f 4996/4996/1385 4997/4997/1386 4998/4998/1387
f 4999/4999/1388 5000/5000/1389 5001/5001/1390
f 4999/4999/1388 5001/5001/1390 5002/5002/1391
f 5000/5000/1389 4999/4999/1388 5003/5003/1392
f 5000/5000/1389 5003/5003/1392 5004/5004/1393
f 5004/5004/1393 5003/5003/1392 5005/5005/1394
f 5004/5004/1393 5005/5005/1394 5006/5006/1395
f 5007/5007/1396 5008/5008/1397 5009/5009/1398
f 5007/5007/1396 5009/5009/1398 5010/5010/1399
f 5008/5008/1397 5007/5007/1396 5011/5011/1400
f 5008/5008/1397 5011/5011/1400 5012/5012/1401
f 5012/5012/1401 5011/5011/1400 5013/5013/1402
f 5012/5012/1401 5013/5013/1402 5014/5014/1403
f 4986/4986/1375 4985/4985/1374 5015/5015/1404
f 4986/4986/1375 5015/5015/1404 5016/5016/1405
f 5002/5002/1391 5001/5001/1390 5017/5017/1406
f 5002/5002/1391 5017/5017/1406 5018/5018/1407
f 5010/5010/1399 5009/5009/1398 5019/5019/1408
f 5010/5010/1399 5019/5019/1408 5020/5020/1409
f 4994/4994/1383 4993/4993/1382 5021/5021/1410
f 4994/4994/1383 5021/5021/1410 5022/5022/1411
f 4962/4962/1351 4961/4961/1350 5023/5023/1412
f 4962/4962/1351 5023/5023/1412 5024/5024/1413
f 4978/4978/1367 4977/4977/1366 5025/5025/1414
f 4978/4978/1367 5025/5025/1414 5026/5026/1415
f 4954/4954/1343 4953/4953/1342 5027/5027/1416
f 4954/4954/1343 5027/5027/1416 5028/5028/1417
f 4970/4970/1359 4969/4969/1358 5029/5029/1418
f 4970/4970/1359 5029/5029/1418 5030/5030/1419
f 5024/5024/1413 5023/5023/1412 5031/5031/1420
f 5024/5024/1413 5031/5031/1420 5032/5032/1421
f 5032/5032/1421 5031/5031/1420 5033/5033/1422
f 5032/5032/1421 5033/5033/1422 5034/5034/1423
f 5035/5035/1423 5036/5036/1422 4998/4998/1387
f 5035/5035/1423 4998/4998/1387 4997/4997/1386
f 5016/5016/1405 5015/5015/1404 5037/5037/1424
f 5016/5016/1405 5037/5037/1424 5038/5038/1425
f 5039/5039/1425 5040/5040/1424 5041/5041/1426
f 5039/5039/1425 5041/5041/1426 5042/5042/1427
f 5042/5042/1427 5041/5041/1426 4958/4958/1347
f 5042/5042/1427 4958/4958/1347 4957/4957/1346
f 5018/5018/1407 5017/5017/1406 5043/5043/1428
f 5018/5018/1407 5043/5043/1428 5044/5044/1429
f 5045/5045/1429 5046/5046/1428 5047/5047/1430
f 5045/5045/1429 5047/5047/1430 5048/5048/1431
f 5048/5048/1431 5047/5047/1430 4966/4966/1355
f 5048/5048/1431 4966/4966/1355 4965/4965/1354
f 5028/5028/1417 5027/5027/1416 5049/5049/1432
f 5028/5028/1417 5049/5049/1432 5050/5050/1433
f 5050/5050/1433 5049/5049/1432 5051/5051/1434
f 5050/5050/1433 5051/5051/1434 5052/5052/1435
f 5053/5053/1435 5054/5054/1434 5014/5014/1403
f 5053/5053/1435 5014/5014/1403 5013/5013/1402
f 5030/5030/1419 5029/5029/1418 5055/5055/1436
f 5030/5030/1419 5055/5055/1436 5056/5056/1437
f 5056/5056/1437 5055/5055/1436 5057/5057/1438
f 5056/5056/1437 5057/5057/1438 5058/5058/1439
f 5059/5059/1439 5060/5060/1438 5006/5006/1395
f 5059/5059/1439 5006/5006/1395 5005/5005/1394
f 5020/5020/1409 5019/5019/1408 5061/5061/1440
f 5020/5020/1409 5061/5061/1440 5062/5062/1441
f 5063/5063/1441 5064/5064/1440 5065/5065/1442
f 5063/5063/1441 5065/5065/1442 5066/5066/1443
f 5066/5066/1443 5065/5065/1442 4982/4982/1371
f 5066/5066/1443 4982/4982/1371 4981/4981/1370
f 5022/5022/1411 5021/5021/1410 5067/5067/1444
f 5022/5022/1411 5067/5067/1444 5068/5068/1445
f 5069/5069/1445 5070/5070/1444 5071/5071/1446
f 5069/5069/1445 5071/5071/1446 5072/5072/1447
f 5072/5072/1447 5071/5071/1446 4974/4974/1363
f 5072/5072/1447 4974/4974/1363 4973/4973/1362
f 5026/5026/1415 5025/5025/1414 5073/5073/1448
f 5026/5026/1415 5073/5073/1448 5074/5074/1449
f 5074/5074/1449 5073/5073/1448 5075/5075/1450
f 5074/5074/1449 5075/5075/1450 5076/5076/1451
f 5077/5077/1451 5078/5078/1450 4990/4990/1379
f 5077/5077/1451 4990/4990/1379 4989/4989/1378
f 4986/4986/1375 5079/5079/1452 5080/5080/1453
f 4986/4986/1375 5080/5080/1453 4983/4983/1372
f 5081/5081/1454 4985/4985/1374 4984/4984/1373
f 5081/5081/1454 4984/4984/1373 5082/5082/1455
f 4996/4996/1385 5081/5081/1454 5082/5082/1455
f 4996/4996/1385 5082/5082/1455 4992/4992/1381
f 5083/5083/1456 4995/4995/1384 4991/4991/1380
f 5083/5083/1456 4991/4991/1380 5084/5084/1457
f 5002/5002/1391 5085/5085/1458 5086/5086/1459
f 5002/5002/1391 5086/5086/1459 4999/4999/1388
f 5087/5087/1460 5001/5001/1390 5000/5000/1389
f 5087/5087/1460 5000/5000/1389 5088/5088/1461
f 5012/5012/1401 5087/5087/1460 5088/5088/1461
f 5012/5012/1401 5088/5088/1461 5008/5008/1397
f 5089/5089/1462 5011/5011/1400 5007/5007/1396
f 5089/5089/1462 5007/5007/1396 5090/5090/1463
f 5082/5082/1455 4984/4984/1373 4988/4988/1377
f 5082/5082/1455 4988/4988/1377 5091/5091/1464
f 4983/4983/1372 5080/5080/1453 5092/5092/1465
f 4983/4983/1372 5092/5092/1465 4987/4987/1376
f 5090/5090/1463 5007/5007/1396 5010/5010/1399
f 5090/5090/1463 5010/5010/1399 5093/5093/1466
f 5008/5008/1397 5088/5088/1461 5094/5094/1467
f 5008/5008/1397 5094/5094/1467 5009/5009/1398
f 5088/5088/1461 5000/5000/1389 5004/5004/1393
f 5088/5088/1461 5004/5004/1393 5094/5094/1467
f 4999/4999/1388 5086/5086/1459 5095/5095/1468
f 4999/4999/1388 5095/5095/1468 5003/5003/1392
f 5084/5084/1457 4991/4991/1380 4994/4994/1383
f 5084/5084/1457 4994/4994/1383 5096/5096/1469
f 4992/4992/1381 5082/5082/1455 5091/5091/1464
f 4992/4992/1381 5091/5091/1464 4993/4993/1382
f 4962/4962/1351 5097/5097/1470 5098/5098/1471
f 4962/4962/1351 5098/5098/1471 4959/4959/1348
f 5099/5099/1472 4961/4961/1350 4960/4960/1349
f 5099/5099/1472 4960/4960/1349 5100/5100/1473
f 4956/4956/1345 5099/5099/1472 5100/5100/1473
f 4956/4956/1345 5100/5100/1473 4952/4952/1341
f 5101/5101/1474 4955/4955/1344 4951/4951/1340
f 5101/5101/1474 4951/4951/1340 5102/5102/1475
f 4978/4978/1367 5103/5103/1476 5104/5104/1477
f 4978/4978/1367 5104/5104/1477 4975/4975/1364
f 5105/5105/1478 4977/4977/1366 4976/4976/1365
f 5105/5105/1478 4976/4976/1365 5106/5106/1479
f 4972/4972/1361 5105/5105/1478 5106/5106/1479
f 4972/4972/1361 5106/5106/1479 4968/4968/1357
f 5107/5107/1480 4971/4971/1360 4967/4967/1356
f 5107/5107/1480 4967/4967/1356 5108/5108/1481
f 5102/5102/1475 4951/4951/1340 4954/4954/1343
f 5102/5102/1475 4954/4954/1343 5109/5109/1482
f 4952/4952/1341 5100/5100/1473 5110/5110/1483
f 4952/4952/1341 5110/5110/1483 4953/4953/1342
f 5100/5100/1473 4960/4960/1349 4964/4964/1353
f 5100/5100/1473 4964/4964/1353 5110/5110/1483
f 4959/4959/1348 5098/5098/1471 5111/5111/1484
f 4959/4959/1348 5111/5111/1484 4963/4963/1352
f 5108/5108/1481 4967/4967/1356 4970/4970/1359
f 5108/5108/1481 4970/4970/1359 5112/5112/1485
f 4968/4968/1357 5106/5106/1479 5113/5113/1486
f 4968/4968/1357 5113/5113/1486 4969/4969/1358
f 5106/5106/1479 4976/4976/1365 4980/4980/1369
f 5106/5106/1479 4980/4980/1369 5113/5113/1486
f 4975/4975/1364 5104/5104/1477 5114/5114/1487
f 4975/4975/1364 5114/5114/1487 4979/4979/1368
f 5115/5115/1488 5116/5116/1489 5037/5037/1424
f 5115/5115/1488 5037/5037/1424 5015/5015/1404
f 5117/5117/1489 5118/5118/1490 5041/5041/1426
f 5117/5117/1489 5041/5041/1426 5040/5040/1424
f 5118/5118/1490 5119/5119/1491 4958/4958/1347
f 5118/5118/1490 4958/4958/1347 5041/5041/1426
f 5120/5120/1492 5121/5121/1493 5049/5049/1432
f 5120/5120/1492 5049/5049/1432 5027/5027/1416
f 5121/5121/1493 5122/5122/1494 5051/5051/1434
f 5121/5121/1493 5051/5051/1434 5049/5049/1432
f 5123/5123/1494 5124/5124/1495 5014/5014/1403
f 5123/5123/1494 5014/5014/1403 5054/5054/1434
f 5125/5125/1496 5126/5126/1497 5061/5061/1440
f 5125/5125/1496 5061/5061/1440 5019/5019/1408
f 5127/5127/1497 5128/5128/1498 5065/5065/1442
f 5127/5127/1497 5065/5065/1442 5064/5064/1440
f 5128/5128/1498 5129/5129/1499 4982/4982/1371
f 5128/5128/1498 4982/4982/1371 5065/5065/1442
f 5130/5130/1500 5131/5131/1501 5073/5073/1448
f 5130/5130/1500 5073/5073/1448 5025/5025/1414
f 5131/5131/1501 5132/5132/1502 5075/5075/1450
f 5131/5131/1501 5075/5075/1450 5073/5073/1448
f 5133/5133/1502 5134/5134/1503 4990/4990/1379
f 5133/5133/1502 4990/4990/1379 5078/5078/1450
f 4953/4953/1342 5110/5110/1483 5120/5120/1492
f 4953/4953/1342 5120/5120/1492 5027/5027/1416
f 5124/5124/1495 5087/5087/1460 5012/5012/1401
f 5124/5124/1495 5012/5012/1401 5014/5014/1403
f 5113/5113/1486 4980/4980/1369 4982/4982/1371
f 5113/5113/1486 4982/4982/1371 5129/5129/1499
f 5015/5015/1404 4985/4985/1374 5081/5081/1454
f 5015/5015/1404 5081/5081/1454 5115/5115/1488
f 5110/5110/1483 4964/4964/1353 4966/4966/1355
f 5110/5110/1483 4966/4966/1355 5120/5120/1492
f 5115/5115/1488 5081/5081/1454 4996/4996/1385
f 5115/5115/1488 4996/4996/1385 4998/4998/1387
f 4969/4969/1358 5113/5113/1486 5129/5129/1499
f 4969/4969/1358 5129/5129/1499 5029/5029/1418
f 5017/5017/1406 5001/5001/1390 5087/5087/1460
f 5017/5017/1406 5087/5087/1460 5124/5124/1495
f 4963/4963/1352 5111/5111/1484 5135/5135/1504
f 4963/4963/1352 5135/5135/1504 4965/4965/1354
f 5136/5136/1505 5085/5085/1458 5002/5002/1391
f 5136/5136/1505 5002/5002/1391 5018/5018/1407
f 5112/5112/1485 4970/4970/1359 5030/5030/1419
f 5112/5112/1485 5030/5030/1419 5137/5137/1506
f 4997/4997/1386 4995/4995/1384 5083/5083/1456
f 4997/4997/1386 5083/5083/1456 5138/5138/1507
f 5109/5109/1482 4954/4954/1343 5028/5028/1417
f 5109/5109/1482 5028/5028/1417 5139/5139/1508
f 5140/5140/1509 5079/5079/1452 4986/4986/1375
f 5140/5140/1509 4986/4986/1375 5016/5016/1405
f 4979/4979/1368 5114/5114/1487 5141/5141/1510
f 4979/4979/1368 5141/5141/1510 4981/4981/1370
f 5013/5013/1402 5011/5011/1400 5089/5089/1462
f 5013/5013/1402 5089/5089/1462 5142/5142/1511
f 4957/4957/1346 4955/4955/1344 5101/5101/1474
f 4957/4957/1346 5101/5101/1474 5143/5143/1512
f 5119/5119/1491 5099/5099/1472 4956/4956/1345
f 5119/5119/1491 4956/4956/1345 4958/4958/1347
f 5023/5023/1412 4961/4961/1350 5099/5099/1472
f 5023/5023/1412 5099/5099/1472 5119/5119/1491
f 5144/5144/1513 5097/5097/1470 4962/4962/1351
f 5144/5144/1513 4962/4962/1351 5024/5024/1413
f 4973/4973/1362 4971/4971/1360 5107/5107/1480
f 4973/4973/1362 5107/5107/1480 5145/5145/1514
f 5130/5130/1500 5105/5105/1478 4972/4972/1361
f 5130/5130/1500 4972/4972/1361 4974/4974/1363
f 5025/5025/1414 4977/4977/1366 5105/5105/1478
f 5025/5025/1414 5105/5105/1478 5130/5130/1500
f 5146/5146/1515 5103/5103/1476 4978/4978/1367
f 5146/5146/1515 4978/4978/1367 5026/5026/1415
f 4987/4987/1376 5092/5092/1465 5147/5147/1516
f 4987/4987/1376 5147/5147/1516 4989/4989/1378
f 5091/5091/1464 4988/4988/1377 4990/4990/1379
f 5091/5091/1464 4990/4990/1379 5134/5134/1503
f 4993/4993/1382 5091/5091/1464 5134/5134/1503
f 4993/4993/1382 5134/5134/1503 5021/5021/1410
f 5096/5096/1469 4994/4994/1383 5022/5022/1411
f 5096/5096/1469 5022/5022/1411 5148/5148/1517
f 5003/5003/1392 5095/5095/1468 5149/5149/1518
f 5003/5003/1392 5149/5149/1518 5005/5005/1394
f 5094/5094/1467 5004/5004/1393 5006/5006/1395
f 5094/5094/1467 5006/5006/1395 5125/5125/1496
f 5009/5009/1398 5094/5094/1467 5125/5125/1496
f 5009/5009/1398 5125/5125/1496 5019/5019/1408
f 5093/5093/1466 5010/5010/1399 5020/5020/1409
f 5093/5093/1466 5020/5020/1409 5150/5150/1519
f 5116/5116/1489 5115/5115/1488 4998/4998/1387
f 5116/5116/1489 4998/4998/1387 5036/5036/1422
f 5119/5119/1491 5118/5118/1490 5031/5031/1420
f 5119/5119/1491 5031/5031/1420 5023/5023/1412
f 5118/5118/1490 5117/5117/1489 5033/5033/1422
f 5118/5118/1490 5033/5033/1422 5031/5031/1420
f 5121/5121/1493 5120/5120/1492 4966/4966/1355
f 5121/5121/1493 4966/4966/1355 5047/5047/1430
f 5124/5124/1495 5123/5123/1494 5043/5043/1428
f 5124/5124/1495 5043/5043/1428 5017/5017/1406
f 5122/5122/1494 5121/5121/1493 5047/5047/1430
f 5122/5122/1494 5047/5047/1430 5046/5046/1428
f 5126/5126/1497 5125/5125/1496 5006/5006/1395
f 5126/5126/1497 5006/5006/1395 5060/5060/1438
f 5129/5129/1499 5128/5128/1498 5055/5055/1436
f 5129/5129/1499 5055/5055/1436 5029/5029/1418
f 5128/5128/1498 5127/5127/1497 5057/5057/1438
f 5128/5128/1498 5057/5057/1438 5055/5055/1436
f 5131/5131/1501 5130/5130/1500 4974/4974/1363
f 5131/5131/1501 4974/4974/1363 5071/5071/1446
f 5134/5134/1503 5133/5133/1502 5067/5067/1444
f 5134/5134/1503 5067/5067/1444 5021/5021/1410
f 5132/5132/1502 5131/5131/1501 5071/5071/1446
f 5132/5132/1502 5071/5071/1446 5070/5070/1444
f 5143/5143/1512 5151/5151/1520 5042/5042/1427
f 5143/5143/1512 5042/5042/1427 4957/4957/1346
f 5151/5151/1520 5152/5152/1521 5039/5039/1425
f 5151/5151/1520 5039/5039/1425 5042/5042/1427
f 5153/5153/1521 5140/5140/1509 5016/5016/1405
f 5153/5153/1521 5016/5016/1405 5038/5038/1425
f 5028/5028/1417 5050/5050/1433 5154/5154/1522
f 5028/5028/1417 5154/5154/1522 5139/5139/1508
f 5050/5050/1433 5052/5052/1435 5155/5155/1523
f 5050/5050/1433 5155/5155/1523 5154/5154/1522
f 5053/5053/1435 5013/5013/1402 5142/5142/1511
f 5053/5053/1435 5142/5142/1511 5156/5156/1523
f 5020/5020/1409 5062/5062/1441 5157/5157/1524
f 5020/5020/1409 5157/5157/1524 5150/5150/1519
f 5063/5063/1441 5066/5066/1443 5158/5158/1525
f 5063/5063/1441 5158/5158/1525 5159/5159/1524
f 5066/5066/1443 4981/4981/1370 5141/5141/1510
f 5066/5066/1443 5141/5141/1510 5158/5158/1525
f 5147/5147/1516 5160/5160/1526 5077/5077/1451
f 5147/5147/1516 5077/5077/1451 4989/4989/1378
f 5161/5161/1526 5162/5162/1527 5074/5074/1449
f 5161/5161/1526 5074/5074/1449 5076/5076/1451
f 5162/5162/1527 5146/5146/1515 5026/5026/1415
f 5162/5162/1527 5026/5026/1415 5074/5074/1449
f 5135/5135/1504 5163/5163/1528 5048/5048/1431
f 5135/5135/1504 5048/5048/1431 4965/4965/1354
f 5163/5163/1528 5164/5164/1529 5045/5045/1429
f 5163/5163/1528 5045/5045/1429 5048/5048/1431
f 5165/5165/1529 5136/5136/1505 5018/5018/1407
f 5165/5165/1529 5018/5018/1407 5044/5044/1429
f 5024/5024/1413 5032/5032/1421 5166/5166/1530
f 5024/5024/1413 5166/5166/1530 5144/5144/1513
f 5032/5032/1421 5034/5034/1423 5167/5167/1531
f 5032/5032/1421 5167/5167/1531 5166/5166/1530
f 5035/5035/1423 4997/4997/1386 5138/5138/1507
f 5035/5035/1423 5138/5138/1507 5168/5168/1531
f 5022/5022/1411 5068/5068/1445 5169/5169/1532
f 5022/5022/1411 5169/5169/1532 5148/5148/1517
f 5069/5069/1445 5072/5072/1447 5170/5170/1533
f 5069/5069/1445 5170/5170/1533 5171/5171/1532
f 5072/5072/1447 4973/4973/1362 5145/5145/1514
f 5072/5072/1447 5145/5145/1514 5170/5170/1533
f 5149/5149/1518 5172/5172/1534 5059/5059/1439
f 5149/5149/1518 5059/5059/1439 5005/5005/1394
f 5173/5173/1534 5174/5174/1535 5056/5056/1437
f 5173/5173/1534 5056/5056/1437 5058/5058/1439
f 5174/5174/1535 5137/5137/1506 5030/5030/1419
f 5174/5174/1535 5030/5030/1419 5056/5056/1437
f 5175/5175/1536 5176/5176/1537 5177/5177/1538
f 5175/5175/1536 5177/5177/1538 5178/5178/1539
f 5176/5176/1537 5175/5175/1536 5179/5179/1540
f 5176/5176/1537 5179/5179/1540 5180/5180/1541
f 5180/5180/1541 5179/5179/1540 5181/5181/1542
f 5180/5180/1541 5181/5181/1542 5182/5182/1543
f 5183/5183/1544 5184/5184/1545 5185/5185/1546
f 5183/5183/1544 5185/5185/1546 5186/5186/1547
f 5184/5184/1545 5183/5183/1544 5187/5187/1548
f 5184/5184/1545 5187/5187/1548 5188/5188/1549
f 5188/5188/1549 5187/5187/1548 5189/5189/1550
f 5188/5188/1549 5189/5189/1550 5190/5190/1551
f 5191/5191/1552 5192/5192/1553 5193/5193/1554
f 5191/5191/1552 5193/5193/1554 5194/5194/1555
f 5192/5192/1553 5191/5191/1552 5195/5195/1556
f 5192/5192/1553 5195/5195/1556 5196/5196/1557
f 5196/5196/1557 5195/5195/1556 5197/5197/1558
f 5196/5196/1557 5197/5197/1558 5198/5198/1559
f 5199/5199/1560 5200/5200/1561 5201/5201/1562
f 5199/5199/1560 5201/5201/1562 5202/5202/1563
f 5200/5200/1561 5199/5199/1560 5203/5203/1564
f 5200/5200/1561 5203/5203/1564 5204/5204/1565
f 5204/5204/1565 5203/5203/1564 5205/5205/1566
f 5204/5204/1565 5205/5205/1566 5206/5206/1567
f 5207/5207/1568 5208/5208/1381 5209/5209/1569
f 5207/5207/1568 5209/5209/1569 5210/5210/1570
f 5208/5208/1381 5207/5207/1568 5211/5211/1571
f 5208/5208/1381 5211/5211/1571 5212/5212/1572
f 5212/5212/1572 5211/5211/1571 5213/5213/1573
f 5212/5212/1572 5213/5213/1573 5214/5214/1574
f 5215/5215/1575 5216/5216/1373 5217/5217/1576
f 5215/5215/1575 5217/5217/1576 5218/5218/1577
f 5216/5216/1373 5215/5215/1575 5219/5219/1578
f 5216/5216/1373 5219/5219/1578 5220/5220/1579
f 5220/5220/1579 5219/5219/1578 5221/5221/1580
f 5220/5220/1579 5221/5221/1580 5222/5222/1581
f 5223/5223/1582 5224/5224/1397 5225/5225/1583
f 5223/5223/1582 5225/5225/1583 5226/5226/1584
f 5224/5224/1397 5223/5223/1582 5227/5227/1585
f 5224/5224/1397 5227/5227/1585 5228/5228/1586
f 5228/5228/1586 5227/5227/1585 5229/5229/1587
f 5228/5228/1586 5229/5229/1587 5230/5230/1588
f 5231/5231/1589 5232/5232/1389 5233/5233/1590
f 5231/5231/1589 5233/5233/1590 5234/5234/1591
f 5232/5232/1389 5231/5231/1589 5235/5235/1592
f 5232/5232/1389 5235/5235/1592 5236/5236/1593
f 5236/5236/1593 5235/5235/1592 5237/5237/1594
f 5236/5236/1593 5237/5237/1594 5238/5238/1595
f 5218/5218/1577 5217/5217/1576 5239/5239/1596
f 5218/5218/1577 5239/5239/1596 5240/5240/1597
f 5234/5234/1591 5233/5233/1590 5241/5241/1598
f 5234/5234/1591 5241/5241/1598 5242/5242/1599
f 5210/5210/1570 5209/5209/1569 5243/5243/1600
f 5210/5210/1570 5243/5243/1600 5244/5244/1601
f 5226/5226/1584 5225/5225/1583 5245/5245/1602
f 5226/5226/1584 5245/5245/1602 5246/5246/1603
f 5178/5178/1539 5177/5177/1538 5247/5247/1604
f 5178/5178/1539 5247/5247/1604 5248/5248/1605
f 5194/5194/1555 5193/5193/1554 5249/5249/1606
f 5194/5194/1555 5249/5249/1606 5250/5250/1607
f 5186/5186/1547 5185/5185/1546 5251/5251/1608
f 5186/5186/1547 5251/5251/1608 5252/5252/1609
f 5202/5202/1563 5201/5201/1562 5253/5253/1610
f 5202/5202/1563 5253/5253/1610 5254/5254/1611
f 5242/5242/1599 5241/5241/1598 5255/5255/1612
f 5242/5242/1599 5255/5255/1612 5256/5256/1613
f 5257/5257/1613 5258/5258/1612 5259/5259/1614
f 5257/5257/1613 5259/5259/1614 5260/5260/1615
f 5260/5260/1615 5259/5259/1614 5182/5182/1543
f 5260/5260/1615 5182/5182/1543 5181/5181/1542
f 5248/5248/1605 5247/5247/1604 5261/5261/1616
f 5248/5248/1605 5261/5261/1616 5262/5262/1617
f 5262/5262/1617 5261/5261/1616 5263/5263/1618
f 5262/5262/1617 5263/5263/1618 5264/5264/1619
f 5265/5265/1620 5266/5266/1618 5214/5214/1574
f 5265/5265/1620 5214/5214/1574 5213/5213/1573
f 5240/5240/1597 5239/5239/1596 5267/5267/1621
f 5240/5240/1597 5267/5267/1621 5268/5268/1622
f 5269/5269/1622 5270/5270/1621 5271/5271/1623
f 5269/5269/1622 5271/5271/1623 5272/5272/1624
f 5272/5272/1624 5271/5271/1623 5190/5190/1551
f 5272/5272/1624 5190/5190/1551 5189/5189/1550
f 5252/5252/1609 5251/5251/1608 5273/5273/1625
f 5252/5252/1609 5273/5273/1625 5274/5274/1626
f 5274/5274/1626 5273/5273/1625 5275/5275/1627
f 5274/5274/1626 5275/5275/1627 5276/5276/1628
f 5277/5277/1629 5278/5278/1627 5230/5230/1588
f 5277/5277/1629 5230/5230/1588 5229/5229/1587
f 5254/5254/1611 5253/5253/1610 5279/5279/1630
f 5254/5254/1611 5279/5279/1630 5280/5280/1631
f 5280/5280/1631 5279/5279/1630 5281/5281/1632
f 5280/5280/1631 5281/5281/1632 5282/5282/1633
f 5283/5283/1633 5284/5284/1634 5238/5238/1595
f 5283/5283/1633 5238/5238/1595 5237/5237/1594
f 5244/5244/1601 5243/5243/1600 5285/5285/1635
f 5244/5244/1601 5285/5285/1635 5286/5286/1636
f 5287/5287/1636 5288/5288/1637 5289/5289/1638
f 5287/5287/1636 5289/5289/1638 5290/5290/1639
f 5290/5290/1639 5289/5289/1638 5206/5206/1567
f 5290/5290/1639 5206/5206/1567 5205/5205/1566
f 5250/5250/1607 5249/5249/1606 5291/5291/1640
f 5250/5250/1607 5291/5291/1640 5292/5292/1641
f 5292/5292/1641 5291/5291/1640 5293/5293/1642
f 5292/5292/1641 5293/5293/1642 5294/5294/1643
f 5295/5295/1643 5296/5296/1644 5222/5222/1581
f 5295/5295/1643 5222/5222/1581 5221/5221/1580
f 5246/5246/1603 5245/5245/1602 5297/5297/1645
f 5246/5246/1603 5297/5297/1645 5298/5298/1646
f 5299/5299/1646 5300/5300/1645 5301/5301/1647
f 5299/5299/1646 5301/5301/1647 5302/5302/1648
f 5302/5302/1648 5301/5301/1647 5198/5198/1559
f 5302/5302/1648 5198/5198/1559 5197/5197/1558
f 5079/5079/1452 5211/5211/1571 5207/5207/1568
f 5079/5079/1452 5207/5207/1568 5080/5080/1453
f 5218/5218/1577 5083/5083/1456 5084/5084/1457
f 5218/5218/1577 5084/5084/1457 5215/5215/1575
f 5085/5085/1458 5227/5227/1585 5223/5223/1582
f 5085/5085/1458 5223/5223/1582 5086/5086/1459
f 5234/5234/1591 5089/5089/1462 5090/5090/1463
f 5234/5234/1591 5090/5090/1463 5231/5231/1589
f 5080/5080/1453 5207/5207/1568 5210/5210/1570
f 5080/5080/1453 5210/5210/1570 5092/5092/1465
f 5231/5231/1589 5090/5090/1463 5093/5093/1466
f 5231/5231/1589 5093/5093/1466 5235/5235/1592
f 5086/5086/1459 5223/5223/1582 5226/5226/1584
f 5086/5086/1459 5226/5226/1584 5095/5095/1468
f 5215/5215/1575 5084/5084/1457 5096/5096/1469
f 5215/5215/1575 5096/5096/1469 5219/5219/1578
f 5097/5097/1470 5187/5187/1548 5183/5183/1544
f 5097/5097/1470 5183/5183/1544 5098/5098/1471
f 5178/5178/1539 5101/5101/1474 5102/5102/1475
f 5178/5178/1539 5102/5102/1475 5175/5175/1536
f 5103/5103/1476 5203/5203/1564 5199/5199/1560
f 5103/5103/1476 5199/5199/1560 5104/5104/1477
f 5194/5194/1555 5107/5107/1480 5108/5108/1481
f 5194/5194/1555 5108/5108/1481 5191/5191/1552
f 5175/5175/1536 5102/5102/1475 5109/5109/1482
f 5175/5175/1536 5109/5109/1482 5179/5179/1540
f 5098/5098/1471 5183/5183/1544 5186/5186/1547
f 5098/5098/1471 5186/5186/1547 5111/5111/1484
f 5191/5191/1552 5108/5108/1481 5112/5112/1485
f 5191/5191/1552 5112/5112/1485 5195/5195/1556
f 5104/5104/1477 5199/5199/1560 5202/5202/1563
f 5104/5104/1477 5202/5202/1563 5114/5114/1487
f 4845/4845/1268 4925/4925/1323 5255/5255/1612
f 4845/4845/1268 5255/5255/1612 5241/5241/1598
f 4924/4924/1323 4923/4923/1322 5259/5259/1614
f 4924/4924/1323 5259/5259/1614 5258/5258/1612
f 4923/4923/1322 4847/4847/1270 5182/5182/1543
f 4923/4923/1322 5182/5182/1543 5259/5259/1614
f 4904/4904/1310 4926/4926/1324 5261/5261/1616
f 4904/4904/1310 5261/5261/1616 5247/5247/1604
f 4926/4926/1324 4929/4929/1326 5263/5263/1618
f 4926/4926/1324 5263/5263/1618 5261/5261/1616
f 4927/4927/1325 4851/4851/1273 5214/5214/1574
f 4927/4927/1325 5214/5214/1574 5266/5266/1618
f 4891/4891/1298 4932/4932/1328 5267/5267/1621
f 4891/4891/1298 5267/5267/1621 5239/5239/1596
f 4931/4931/1328 4930/4930/1327 5271/5271/1623
f 4931/4931/1328 5271/5271/1623 5270/5270/1621
f 4930/4930/1327 4855/4855/1275 5190/5190/1551
f 4930/4930/1327 5190/5190/1551 5271/5271/1623
f 4906/4906/1312 4933/4933/1329 5273/5273/1625
f 4906/4906/1312 5273/5273/1625 5251/5251/1608
f 4933/4933/1329 4936/4936/1331 5275/5275/1627
f 4933/4933/1329 5275/5275/1627 5273/5273/1625
f 4934/4934/1330 4859/4859/1278 5230/5230/1588
f 4934/4934/1330 5230/5230/1588 5278/5278/1627
f 4897/4897/1303 4939/4939/1333 5279/5279/1630
f 4897/4897/1303 5279/5279/1630 5253/5253/1610
f 4939/4939/1333 4938/4938/1332 5281/5281/1632
f 4939/4939/1333 5281/5281/1632 5279/5279/1630
f 4937/4937/1332 4863/4863/1280 5238/5238/1595
f 4937/4937/1332 5238/5238/1595 5284/5284/1634
f 4916/4916/1318 4943/4943/1335 5285/5285/1635
f 4916/4916/1318 5285/5285/1635 5243/5243/1600
f 4941/4941/1335 4940/4940/1334 5289/5289/1638
f 4941/4941/1335 5289/5289/1638 5288/5288/1637
f 4940/4940/1334 4909/4909/1314 5206/5206/1567
f 4940/4940/1334 5206/5206/1567 5289/5289/1638
f 4901/4901/1307 4946/4946/1337 5291/5291/1640
f 4901/4901/1307 5291/5291/1640 5249/5249/1606
f 4946/4946/1337 4945/4945/1336 5293/5293/1642
f 4946/4946/1337 5293/5293/1642 5291/5291/1640
f 4944/4944/1336 4867/4867/1282 5222/5222/1581
f 4944/4944/1336 5222/5222/1581 5296/5296/1644
f 4922/4922/1321 4950/4950/1339 5297/5297/1645
f 4922/4922/1321 5297/5297/1645 5245/5245/1602
f 4948/4948/1339 4947/4947/1338 5301/5301/1647
f 4948/4948/1339 5301/5301/1647 5300/5300/1645
f 4947/4947/1338 4907/4907/1313 5198/5198/1559
f 4947/4947/1338 5198/5198/1559 5301/5301/1647
f 4851/4851/1273 4852/4852/1274 5212/5212/1572
f 4851/4851/1273 5212/5212/1572 5214/5214/1574
f 5241/5241/1598 5233/5233/1590 4846/4846/1269
f 5241/5241/1598 4846/4846/1269 4845/4845/1268
f 4897/4897/1303 5253/5253/1610 5201/5201/1562
f 4897/4897/1303 5201/5201/1562 4898/4898/1304
f 4848/4848/1271 5180/5180/1541 5182/5182/1543
f 4848/4848/1271 5182/5182/1543 4847/4847/1270
f 4906/4906/1312 5251/5251/1608 5185/5185/1546
f 4906/4906/1312 5185/5185/1546 4876/4876/1288
f 4859/4859/1278 4860/4860/1279 5228/5228/1586
f 4859/4859/1278 5228/5228/1586 5230/5230/1588
f 4882/4882/1291 5196/5196/1557 5198/5198/1559
f 4882/4882/1291 5198/5198/1559 4907/4907/1313
f 5239/5239/1596 5217/5217/1576 4892/4892/1299
f 5239/5239/1596 4892/4892/1299 4891/4891/1298
f 5111/5111/1484 5186/5186/1547 5252/5252/1609
f 5111/5111/1484 5252/5252/1609 5135/5135/1504
f 5138/5138/1507 5083/5083/1456 5218/5218/1577
f 5138/5138/1507 5218/5218/1577 5240/5240/1597
f 5195/5195/1556 5112/5112/1485 5137/5137/1506
f 5195/5195/1556 5137/5137/1506 5197/5197/1558
f 5229/5229/1587 5227/5227/1585 5085/5085/1458
f 5229/5229/1587 5085/5085/1458 5136/5136/1505
f 5179/5179/1540 5109/5109/1482 5139/5139/1508
f 5179/5179/1540 5139/5139/1508 5181/5181/1542
f 5142/5142/1511 5089/5089/1462 5234/5234/1591
f 5142/5142/1511 5234/5234/1591 5242/5242/1599
f 5114/5114/1487 5202/5202/1563 5254/5254/1611
f 5114/5114/1487 5254/5254/1611 5141/5141/1510
f 5213/5213/1573 5211/5211/1571 5079/5079/1452
f 5213/5213/1573 5079/5079/1452 5140/5140/1509
f 5247/5247/1604 5177/5177/1538 4872/4872/1286
f 5247/5247/1604 4872/4872/1286 4904/4904/1310
f 5143/5143/1512 5101/5101/1474 5178/5178/1539
f 5143/5143/1512 5178/5178/1539 5248/5248/1605
f 5189/5189/1550 5187/5187/1548 5097/5097/1470
f 5189/5189/1550 5097/5097/1470 5144/5144/1513
f 4856/4856/1276 5188/5188/1549 5190/5190/1551
f 4856/4856/1276 5190/5190/1551 4855/4855/1275
f 5249/5249/1606 5193/5193/1554 4902/4902/1308
f 5249/5249/1606 4902/4902/1308 4901/4901/1307
f 5145/5145/1514 5107/5107/1480 5194/5194/1555
f 5145/5145/1514 5194/5194/1555 5250/5250/1607
f 5205/5205/1566 5203/5203/1564 5103/5103/1476
f 5205/5205/1566 5103/5103/1476 5146/5146/1515
f 4886/4886/1294 5204/5204/1565 5206/5206/1567
f 4886/4886/1294 5206/5206/1567 4909/4909/1314
f 5209/5209/1569 4913/4913/1316 4916/4916/1318
f 5209/5209/1569 4916/4916/1318 5243/5243/1600
f 5092/5092/1465 5210/5210/1570 5244/5244/1601
f 5092/5092/1465 5244/5244/1601 5147/5147/1516
f 5219/5219/1578 5096/5096/1469 5148/5148/1517
f 5219/5219/1578 5148/5148/1517 5221/5221/1580
f 4868/4868/1283 5220/5220/1579 5222/5222/1581
f 4868/4868/1283 5222/5222/1581 4867/4867/1282
f 5225/5225/1583 4919/4919/1320 4922/4922/1321
f 5225/5225/1583 4922/4922/1321 5245/5245/1602
f 5095/5095/1468 5226/5226/1584 5246/5246/1603
f 5095/5095/1468 5246/5246/1603 5149/5149/1518
f 5235/5235/1592 5093/5093/1466 5150/5150/1519
f 5235/5235/1592 5150/5150/1519 5237/5237/1594
f 4864/4864/1281 5236/5236/1593 5238/5238/1595
f 4864/4864/1281 5238/5238/1595 4863/4863/1280
f 5212/5212/1572 4852/4852/1274 4887/4887/1295
f 5212/5212/1572 4887/4887/1295 5208/5208/1381
f 4892/4892/1299 5217/5217/1576 5216/5216/1373
f 4892/4892/1299 5216/5216/1373 4918/4918/1319
f 5228/5228/1586 4860/4860/1279 4893/4893/1300
f 5228/5228/1586 4893/4893/1300 5224/5224/1397
f 4846/4846/1269 5233/5233/1590 5232/5232/1389
f 4846/4846/1269 5232/5232/1389 4912/4912/1315
f 5208/5208/1381 4887/4887/1295 4913/4913/1316
f 5208/5208/1381 4913/4913/1316 5209/5209/1569
f 4912/4912/1315 5232/5232/1389 5236/5236/1593
f 4912/4912/1315 5236/5236/1593 4864/4864/1281
f 5224/5224/1397 4893/4893/1300 4919/4919/1320
f 5224/5224/1397 4919/4919/1320 5225/5225/1583
f 4918/4918/1319 5216/5216/1373 5220/5220/1579
f 4918/4918/1319 5220/5220/1579 4868/4868/1283
f 4875/4875/1287 5184/5184/1545 5188/5188/1549
f 4875/4875/1287 5188/5188/1549 4856/4856/1276
f 4872/4872/1286 5177/5177/1538 5176/5176/1537
f 4872/4872/1286 5176/5176/1537 4871/4871/1285
f 4885/4885/1293 5200/5200/1561 5204/5204/1565
f 4885/4885/1293 5204/5204/1565 4886/4886/1294
f 4902/4902/1308 5193/5193/1554 5192/5192/1553
f 4902/4902/1308 5192/5192/1553 4881/4881/1290
f 4871/4871/1285 5176/5176/1537 5180/5180/1541
f 4871/4871/1285 5180/5180/1541 4848/4848/1271
f 4876/4876/1288 5185/5185/1546 5184/5184/1545
f 4876/4876/1288 5184/5184/1545 4875/4875/1287
f 4881/4881/1290 5192/5192/1553 5196/5196/1557
f 4881/4881/1290 5196/5196/1557 4882/4882/1291
f 4898/4898/1304 5201/5201/1562 5200/5200/1561
f 4898/4898/1304 5200/5200/1561 4885/4885/1293
f 5265/5265/1620 5213/5213/1573 5140/5140/1509
f 5265/5265/1620 5140/5140/1509 5153/5153/1521
f 5248/5248/1605 5262/5262/1617 5151/5151/1520
f 5248/5248/1605 5151/5151/1520 5143/5143/1512
f 5262/5262/1617 5264/5264/1619 5152/5152/1521
f 5262/5262/1617 5152/5152/1521 5151/5151/1520
f 5290/5290/1639 5205/5205/1566 5146/5146/1515
f 5290/5290/1639 5146/5146/1515 5162/5162/1527
f 5244/5244/1601 5286/5286/1636 5160/5160/1526
f 5244/5244/1601 5160/5160/1526 5147/5147/1516
f 5287/5287/1636 5290/5290/1639 5162/5162/1527
f 5287/5287/1636 5162/5162/1527 5161/5161/1526
f 5277/5277/1629 5229/5229/1587 5136/5136/1505
f 5277/5277/1629 5136/5136/1505 5165/5165/1529
f 5252/5252/1609 5274/5274/1626 5163/5163/1528
f 5252/5252/1609 5163/5163/1528 5135/5135/1504
f 5274/5274/1626 5276/5276/1628 5164/5164/1529
f 5274/5274/1626 5164/5164/1529 5163/5163/1528
f 5302/5302/1648 5197/5197/1558 5137/5137/1506
f 5302/5302/1648 5137/5137/1506 5174/5174/1535
f 5246/5246/1603 5298/5298/1646 5172/5172/1534
f 5246/5246/1603 5172/5172/1534 5149/5149/1518
f 5299/5299/1646 5302/5302/1648 5174/5174/1535
f 5299/5299/1646 5174/5174/1535 5173/5173/1534
f 5139/5139/1508 5154/5154/1522 5260/5260/1615
f 5139/5139/1508 5260/5260/1615 5181/5181/1542
f 5154/5154/1522 5155/5155/1523 5257/5257/1613
f 5154/5154/1522 5257/5257/1613 5260/5260/1615
f 5156/5156/1523 5142/5142/1511 5242/5242/1599
f 5156/5156/1523 5242/5242/1599 5256/5256/1613
f 5150/5150/1519 5157/5157/1524 5283/5283/1633
f 5150/5150/1519 5283/5283/1633 5237/5237/1594
f 5159/5159/1524 5158/5158/1525 5280/5280/1631
f 5159/5159/1524 5280/5280/1631 5282/5282/1633
f 5158/5158/1525 5141/5141/1510 5254/5254/1611
f 5158/5158/1525 5254/5254/1611 5280/5280/1631
f 5144/5144/1513 5166/5166/1530 5272/5272/1624
f 5144/5144/1513 5272/5272/1624 5189/5189/1550
f 5166/5166/1530 5167/5167/1531 5269/5269/1622
f 5166/5166/1530 5269/5269/1622 5272/5272/1624
f 5168/5168/1531 5138/5138/1507 5240/5240/1597
f 5168/5168/1531 5240/5240/1597 5268/5268/1622
f 5148/5148/1517 5169/5169/1532 5295/5295/1643
f 5148/5148/1517 5295/5295/1643 5221/5221/1580
f 5171/5171/1532 5170/5170/1533 5292/5292/1641
f 5171/5171/1532 5292/5292/1641 5294/5294/1643
f 5170/5170/1533 5145/5145/1514 5250/5250/1607
f 5170/5170/1533 5250/5250/1607 5292/5292/1641
f 5303/5303/1649 5304/5304/1650 5305/5305/1651
f 5303/5303/1649 5305/5305/1651 5306/5306/1652
f 5304/5304/1650 5307/5307/1653 5308/5308/1654
f 5304/5304/1650 5308/5308/1654 5305/5305/1651
f 5307/5307/1653 5309/5309/1655 5310/5310/1656
f 5307/5307/1653 5310/5310/1656 5308/5308/1654
f 5309/5309/1655 5311/5311/1657 5312/5312/1658
f 5309/5309/1655 5312/5312/1658 5310/5310/1656
f 5311/5311/1657 5313/5313/1659 5314/5314/1660
f 5311/5311/1657 5314/5314/1660 5312/5312/1658
f 5313/5313/1659 5315/5315/1661 5316/5316/1662
f 5313/5313/1659 5316/5316/1662 5314/5314/1660
f 5315/5315/1661 5317/5317/1663 5318/5318/1664
f 5315/5315/1661 5318/5318/1664 5316/5316/1662
f 5317/5317/1663 5319/5319/1649 5320/5320/1652
f 5317/5317/1663 5320/5320/1652 5318/5318/1664
f 5306/5306/1652 5305/5305/1651 5321/5321/1665
f 5306/5306/1652 5321/5321/1665 5322/5322/1666
f 5305/5305/1651 5308/5308/1654 5323/5323/1667
f 5305/5305/1651 5323/5323/1667 5321/5321/1665
f 5308/5308/1654 5310/5310/1656 5324/5324/1668
f 5308/5308/1654 5324/5324/1668 5323/5323/1667
f 5310/5310/1656 5312/5312/1658 5325/5325/1669
f 5310/5310/1656 5325/5325/1669 5324/5324/1668
f 5312/5312/1658 5314/5314/1660 5326/5326/1670
f 5312/5312/1658 5326/5326/1670 5325/5325/1669
f 5314/5314/1660 5316/5316/1662 5327/5327/1671
f 5314/5314/1660 5327/5327/1671 5326/5326/1670
f 5316/5316/1662 5318/5318/1664 5328/5328/1672
f 5316/5316/1662 5328/5328/1672 5327/5327/1671
f 5318/5318/1664 5320/5320/1652 5329/5329/1666
f 5318/5318/1664 5329/5329/1666 5328/5328/1672
f 5322/5322/1666 5321/5321/1665 5330/5330/1673
f 5322/5322/1666 5330/5330/1673 5331/5331/1674
f 5321/5321/1665 5323/5323/1667 5332/5332/1675
f 5321/5321/1665 5332/5332/1675 5330/5330/1673
f 5323/5323/1667 5324/5324/1668 5333/5333/1676
f 5323/5323/1667 5333/5333/1676 5332/5332/1675
f 5324/5324/1668 5325/5325/1669 5334/5334/1677
f 5324/5324/1668 5334/5334/1677 5333/5333/1676
f 5325/5325/1669 5326/5326/1670 5335/5335/1678
f 5325/5325/1669 5335/5335/1678 5334/5334/1677
f 5326/5326/1670 5327/5327/1671 5336/5336/1679
f 5326/5326/1670 5336/5336/1679 5335/5335/1678
f 5327/5327/1671 5328/5328/1672 5337/5337/1680
f 5327/5327/1671 5337/5337/1680 5336/5336/1679
f 5328/5328/1672 5329/5329/1666 5338/5338/1674
f 5328/5328/1672 5338/5338/1674 5337/5337/1680
f 5331/5331/1674 5330/5330/1673 5339/5339/1681
f 5331/5331/1674 5339/5339/1681 5340/5340/1682
f 5330/5330/1673 5332/5332/1675 5341/5341/1683
f 5330/5330/1673 5341/5341/1683 5339/5339/1681
f 5332/5332/1675 5333/5333/1676 5342/5342/1684
f 5332/5332/1675 5342/5342/1684 5341/5341/1683
f 5333/5333/1676 5334/5334/1677 5343/5343/1685
f 5333/5333/1676 5343/5343/1685 5342/5342/1684
f 5334/5334/1677 5335/5335/1678 5344/5344/1686
f 5334/5334/1677 5344/5344/1686 5343/5343/1685
f 5335/5335/1678 5336/5336/1679 5345/5345/1687
f 5335/5335/1678 5345/5345/1687 5344/5344/1686
f 5336/5336/1679 5337/5337/1680 5346/5346/1688
f 5336/5336/1679 5346/5346/1688 5345/5345/1687
f 5337/5337/1680 5338/5338/1674 5347/5347/1682
f 5337/5337/1680 5347/5347/1682 5346/5346/1688
f 5340/5340/1682 5339/5339/1681 5348/5348/1689
f 5340/5340/1682 5348/5348/1689 5349/5349/1690
f 5339/5339/1681 5341/5341/1683 5350/5350/1691
f 5339/5339/1681 5350/5350/1691 5348/5348/1689
f 5341/5341/1683 5342/5342/1684 5351/5351/1692
f 5341/5341/1683 5351/5351/1692 5350/5350/1691
f 5342/5342/1684 5343/5343/1685 5352/5352/1693
f 5342/5342/1684 5352/5352/1693 5351/5351/1692
f 5343/5343/1685 5344/5344/1686 5353/5353/1694
f 5343/5343/1685 5353/5353/1694 5352/5352/1693
f 5344/5344/1686 5345/5345/1687 5354/5354/1695
f 5344/5344/1686 5354/5354/1695 5353/5353/1694
f 5345/5345/1687 5346/5346/1688 5355/5355/1696
f 5345/5345/1687 5355/5355/1696 5354/5354/1695
f 5346/5346/1688 5347/5347/1682 5356/5356/1690
f 5346/5346/1688 5356/5356/1690 5355/5355/1696
f 5349/5349/1690 5348/5348/1689 5357/5357/1697
f 5349/5349/1690 5357/5357/1697 5358/5358/1698
f 5348/5348/1689 5350/5350/1691 5359/5359/1699
f 5348/5348/1689 5359/5359/1699 5357/5357/1697
f 5350/5350/1691 5351/5351/1692 5360/5360/1700
f 5350/5350/1691 5360/5360/1700 5359/5359/1699
f 5351/5351/1692 5352/5352/1693 5361/5361/1701
f 5351/5351/1692 5361/5361/1701 5360/5360/1700
f 5352/5352/1693 5353/5353/1694 5362/5362/1702
f 5352/5352/1693 5362/5362/1702 5361/5361/1701
f 5353/5353/1694 5354/5354/1695 5363/5363/1703
f 5353/5353/1694 5363/5363/1703 5362/5362/1702
f 5354/5354/1695 5355/5355/1696 5364/5364/1704
f 5354/5354/1695 5364/5364/1704 5363/5363/1703
f 5355/5355/1696 5356/5356/1690 5365/5365/1698
f 5355/5355/1696 5365/5365/1698 5364/5364/1704
f 5358/5358/1698 5357/5357/1697 5366/5366/1705
f 5358/5358/1698 5366/5366/1705 5367/5367/1706
f 5357/5357/1697 5359/5359/1699 5368/5368/1707
f 5357/5357/1697 5368/5368/1707 5366/5366/1705
f 5359/5359/1699 5360/5360/1700 5369/5369/1708
f 5359/5359/1699 5369/5369/1708 5368/5368/1707
f 5360/5360/1700 5361/5361/1701 5370/5370/1709
f 5360/5360/1700 5370/5370/1709 5369/5369/1708
f 5361/5361/1701 5362/5362/1702 5371/5371/1710
f 5361/5361/1701 5371/5371/1710 5370/5370/1709
f 5362/5362/1702 5363/5363/1703 5372/5372/1711
f 5362/5362/1702 5372/5372/1711 5371/5371/1710
f 5363/5363/1703 5364/5364/1704 5373/5373/1712
f 5363/5363/1703 5373/5373/1712 5372/5372/1711
f 5364/5364/1704 5365/5365/1698 5374/5374/1706
f 5364/5364/1704 5374/5374/1706 5373/5373/1712
f 5367/5367/1706 5366/5366/1705 5375/5375/1713
f 5367/5367/1706 5375/5375/1713 5376/5376/1714
f 5366/5366/1705 5368/5368/1707 5377/5377/1715
f 5366/5366/1705 5377/5377/1715 5375/5375/1713
f 5368/5368/1707 5369/5369/1708 5378/5378/1716
f 5368/5368/1707 5378/5378/1716 5377/5377/1715
f 5369/5369/1708 5370/5370/1709 5379/5379/1717
f 5369/5369/1708 5379/5379/1717 5378/5378/1716
f 5370/5370/1709 5371/5371/1710 5380/5380/1718
f 5370/5370/1709 5380/5380/1718 5379/5379/1717
f 5371/5371/1710 5372/5372/1711 5381/5381/1719
f 5371/5371/1710 5381/5381/1719 5380/5380/1718
f 5372/5372/1711 5373/5373/1712 5382/5382/1720
f 5372/5372/1711 5382/5382/1720 5381/5381/1719
f 5373/5373/1712 5374/5374/1706 5383/5383/1714
f 5373/5373/1712 5383/5383/1714 5382/5382/1720
f 5376/5376/1714 5375/5375/1713 5384/5384/1721
f 5376/5376/1714 5384/5384/1721 5385/5385/1722
f 5375/5375/1713 5377/5377/1715 5386/5386/1723
f 5375/5375/1713 5386/5386/1723 5384/5384/1721
f 5377/5377/1715 5378/5378/1716 5387/5387/1724
f 5377/5377/1715 5387/5387/1724 5386/5386/1723
f 5378/5378/1716 5379/5379/1717 5388/5388/1725
f 5378/5378/1716 5388/5388/1725 5387/5387/1724
f 5379/5379/1717 5380/5380/1718 5389/5389/1726
f 5379/5379/1717 5389/5389/1726 5388/5388/1725
f 5380/5380/1718 5381/5381/1719 5390/5390/1727
f 5380/5380/1718 5390/5390/1727 5389/5389/1726
f 5381/5381/1719 5382/5382/1720 5391/5391/1728
f 5381/5381/1719 5391/5391/1728 5390/5390/1727
f 5382/5382/1720 5383/5383/1714 5392/5392/1722
f 5382/5382/1720 5392/5392/1722 5391/5391/1728
f 5385/5385/1722 5384/5384/1721 5393/5393/1729
f 5385/5385/1722 5393/5393/1729 5394/5394/1730
f 5384/5384/1721 5386/5386/1723 5395/5395/1731
f 5384/5384/1721 5395/5395/1731 5393/5393/1729
f 5386/5386/1723 5387/5387/1724 5396/5396/1732
f 5386/5386/1723 5396/5396/1732 5395/5395/1731
f 5387/5387/1724 5388/5388/1725 5397/5397/1733
f 5387/5387/1724 5397/5397/1733 5396/5396/1732
f 5388/5388/1725 5389/5389/1726 5398/5398/1734
f 5388/5388/1725 5398/5398/1734 5397/5397/1733
f 5389/5389/1726 5390/5390/1727 5399/5399/1735
f 5389/5389/1726 5399/5399/1735 5398/5398/1734
f 5390/5390/1727 5391/5391/1728 5400/5400/1736
f 5390/5390/1727 5400/5400/1736 5399/5399/1735
f 5391/5391/1728 5392/5392/1722 5401/5401/1730
f 5391/5391/1728 5401/5401/1730 5400/5400/1736
f 5394/5394/1730 5393/5393/1729 5402/5402/1737
f 5394/5394/1730 5402/5402/1737 5403/5403/1738
f 5393/5393/1729 5395/5395/1731 5404/5404/1739
f 5393/5393/1729 5404/5404/1739 5402/5402/1737
f 5395/5395/1731 5396/5396/1732 5405/5405/1740
f 5395/5395/1731 5405/5405/1740 5404/5404/1739
f 5396/5396/1732 5397/5397/1733 5406/5406/1741
f 5396/5396/1732 5406/5406/1741 5405/5405/1740
f 5397/5397/1733 5398/5398/1734 5407/5407/1742
f 5397/5397/1733 5407/5407/1742 5406/5406/1741
f 5398/5398/1734 5399/5399/1735 5408/5408/1743
f 5398/5398/1734 5408/5408/1743 5407/5407/1742
f 5399/5399/1735 5400/5400/1736 5409/5409/1744
f 5399/5399/1735 5409/5409/1744 5408/5408/1743
f 5400/5400/1736 5401/5401/1730 5410/5410/1738
f 5400/5400/1736 5410/5410/1738 5409/5409/1744
f 5403/5403/1738 5402/5402/1737 5411/5411/1745
f 5403/5403/1738 5411/5411/1745 5412/5412/1746
f 5402/5402/1737 5404/5404/1739 5413/5413/1747
f 5402/5402/1737 5413/5413/1747 5411/5411/1745
f 5404/5404/1739 5405/5405/1740 5414/5414/1748
f 5404/5404/1739 5414/5414/1748 5413/5413/1747
f 5405/5405/1740 5406/5406/1741 5415/5415/1749
f 5405/5405/1740 5415/5415/1749 5414/5414/1748
f 5406/5406/1741 5407/5407/1742 5416/5416/1750
f 5406/5406/1741 5416/5416/1750 5415/5415/1749
f 5407/5407/1742 5408/5408/1743 5417/5417/1751
f 5407/5407/1742 5417/5417/1751 5416/5416/1750
f 5408/5408/1743 5409/5409/1744 5418/5418/1752
f 5408/5408/1743 5418/5418/1752 5417/5417/1751
f 5409/5409/1744 5410/5410/1738 5419/5419/1746
f 5409/5409/1744 5419/5419/1746 5418/5418/1752
f 5412/5412/1746 5411/5411/1745 5420/5420/1753
f 5412/5412/1746 5420/5420/1753 5421/5421/1754
f 5411/5411/1745 5413/5413/1747 5422/5422/1755
f 5411/5411/1745 5422/5422/1755 5420/5420/1753
f 5413/5413/1747 5414/5414/1748 5423/5423/1756
f 5413/5413/1747 5423/5423/1756 5422/5422/1755
f 5414/5414/1748 5415/5415/1749 5424/5424/1757
f 5414/5414/1748 5424/5424/1757 5423/5423/1756
f 5415/5415/1749 5416/5416/1750 5425/5425/1758
f 5415/5415/1749 5425/5425/1758 5424/5424/1757
f 5416/5416/1750 5417/5417/1751 5426/5426/1759
f 5416/5416/1750 5426/5426/1759 5425/5425/1758
f 5417/5417/1751 5418/5418/1752 5427/5427/1760
f 5417/5417/1751 5427/5427/1760 5426/5426/1759
f 5418/5418/1752 5419/5419/1746 5428/5428/1754
f 5418/5418/1752 5428/5428/1754 5427/5427/1760
f 5421/5421/1754 5420/5420/1753 5429/5429/1761
f 5421/5421/1754 5429/5429/1761 5430/5430/1762
f 5420/5420/1753 5422/5422/1755 5431/5431/1763
f 5420/5420/1753 5431/5431/1763 5429/5429/1761
f 5422/5422/1755 5423/5423/1756 5432/5432/1764
f 5422/5422/1755 5432/5432/1764 5431/5431/1763
f 5423/5423/1756 5424/5424/1757 5433/5433/1765
f 5423/5423/1756 5433/5433/1765 5432/5432/1764
f 5424/5424/1757 5425/5425/1758 5434/5434/1766
f 5424/5424/1757 5434/5434/1766 5433/5433/1765
f 5425/5425/1758 5426/5426/1759 5435/5435/1767
f 5425/5425/1758 5435/5435/1767 5434/5434/1766
f 5426/5426/1759 5427/5427/1760 5436/5436/1768
f 5426/5426/1759 5436/5436/1768 5435/5435/1767
f 5427/5427/1760 5428/5428/1754 5437/5437/1762
f 5427/5427/1760 5437/5437/1762 5436/5436/1768
f 5430/5430/1762 5429/5429/1761 5438/5438/1769
f 5430/5430/1762 5438/5438/1769 5439/5439/1770
f 5429/5429/1761 5431/5431/1763 5440/5440/1771
f 5429/5429/1761 5440/5440/1771 5438/5438/1769
f 5431/5431/1763 5432/5432/1764 5441/5441/1772
f 5431/5431/1763 5441/5441/1772 5440/5440/1771
f 5432/5432/1764 5433/5433/1765 5442/5442/1773
f 5432/5432/1764 5442/5442/1773 5441/5441/1772
f 5433/5433/1765 5434/5434/1766 5443/5443/1774
f 5433/5433/1765 5443/5443/1774 5442/5442/1773
f 5434/5434/1766 5435/5435/1767 5444/5444/1775
f 5434/5434/1766 5444/5444/1775 5443/5443/1774
f 5435/5435/1767 5436/5436/1768 5445/5445/1776
f 5435/5435/1767 5445/5445/1776 5444/5444/1775
f 5436/5436/1768 5437/5437/1762 5446/5446/1770
f 5436/5436/1768 5446/5446/1770 5445/5445/1776
f 5439/5439/1770 5438/5438/1769 5447/5447/1777
f 5439/5439/1770 5447/5447/1777 5448/5448/1778
f 5438/5438/1769 5440/5440/1771 5449/5449/1779
f 5438/5438/1769 5449/5449/1779 5447/5447/1777
f 5440/5440/1771 5441/5441/1772 5450/5450/1780
f 5440/5440/1771 5450/5450/1780 5449/5449/1779
f 5441/5441/1772 5442/5442/1773 5451/5451/1781
f 5441/5441/1772 5451/5451/1781 5450/5450/1780
f 5442/5442/1773 5443/5443/1774 5452/5452/1782
f 5442/5442/1773 5452/5452/1782 5451/5451/1781
f 5443/5443/1774 5444/5444/1775 5453/5453/1783
f 5443/5443/1774 5453/5453/1783 5452/5452/1782
f 5444/5444/1775 5445/5445/1776 5454/5454/1784
f 5444/5444/1775 5454/5454/1784 5453/5453/1783
f 5445/5445/1776 5446/5446/1770 5455/5455/1778
f 5445/5445/1776 5455/5455/1778 5454/5454/1784
f 5448/5448/1778 5447/5447/1777 5456/5456/1785
f 5448/5448/1778 5456/5456/1785 5457/5457/1786
f 5447/5447/1777 5449/5449/1779 5458/5458/1787
f 5447/5447/1777 5458/5458/1787 5456/5456/1785
f 5449/5449/1779 5450/5450/1780 5459/5459/1788
f 5449/5449/1779 5459/5459/1788 5458/5458/1787
f 5450/5450/1780 5451/5451/1781 5460/5460/1789
f 5450/5450/1780 5460/5460/1789 5459/5459/1788
f 5451/5451/1781 5452/5452/1782 5461/5461/1790
f 5451/5451/1781 5461/5461/1790 5460/5460/1789
f 5452/5452/1782 5453/5453/1783 5462/5462/1791
f 5452/5452/1782 5462/5462/1791 5461/5461/1790
f 5453/5453/1783 5454/5454/1784 5463/5463/1792
f 5453/5453/1783 5463/5463/1792 5462/5462/1791
f 5454/5454/1784 5455/5455/1778 5464/5464/1786
f 5454/5454/1784 5464/5464/1786 5463/5463/1792
f 5457/5457/1786 5456/5456/1785 5465/5465/1793
f 5457/5457/1786 5465/5465/1793 5466/5466/1794
f 5456/5456/1785 5458/5458/1787 5467/5467/1795
f 5456/5456/1785 5467/5467/1795 5465/5465/1793
f 5458/5458/1787 5459/5459/1788 5468/5468/1796
f 5458/5458/1787 5468/5468/1796 5467/5467/1795
f 5459/5459/1788 5460/5460/1789 5469/5469/1797
f 5459/5459/1788 5469/5469/1797 5468/5468/1796
f 5460/5460/1789 5461/5461/1790 5470/5470/1798
f 5460/5460/1789 5470/5470/1798 5469/5469/1797
f 5461/5461/1790 5462/5462/1791 5471/5471/1799
f 5461/5461/1790 5471/5471/1799 5470/5470/1798
f 5462/5462/1791 5463/5463/1792 5472/5472/1800
f 5462/5462/1791 5472/5472/1800 5471/5471/1799
f 5463/5463/1792 5464/5464/1786 5473/5473/1794
f 5463/5463/1792 5473/5473/1794 5472/5472/1800
f 5466/5466/1794 5465/5465/1793 5474/5474/1801
f 5466/5466/1794 5474/5474/1801 5475/5475/1802
f 5465/5465/1793 5467/5467/1795 5476/5476/1803
f 5465/5465/1793 5476/5476/1803 5474/5474/1801
f 5467/5467/1795 5468/5468/1796 5477/5477/1804
f 5467/5467/1795 5477/5477/1804 5476/5476/1803
f 5468/5468/1796 5469/5469/1797 5478/5478/1805
f 5468/5468/1796 5478/5478/1805 5477/5477/1804
f 5469/5469/1797 5470/5470/1798 5479/5479/1806
f 5469/5469/1797 5479/5479/1806 5478/5478/1805
f 5470/5470/1798 5471/5471/1799 5480/5480/1807
f 5470/5470/1798 5480/5480/1807 5479/5479/1806
f 5471/5471/1799 5472/5472/1800 5481/5481/1808
f 5471/5471/1799 5481/5481/1808 5480/5480/1807
f 5472/5472/1800 5473/5473/1794 5482/5482/1802
f 5472/5472/1800 5482/5482/1802 5481/5481/1808
f 5475/5475/1802 5474/5474/1801 5483/5483/1809
f 5475/5475/1802 5483/5483/1809 5484/5484/1810
f 5474/5474/1801 5476/5476/1803 5485/5485/1811
f 5474/5474/1801 5485/5485/1811 5483/5483/1809
f 5476/5476/1803 5477/5477/1804 5486/5486/1812
f 5476/5476/1803 5486/5486/1812 5485/5485/1811
f 5477/5477/1804 5478/5478/1805 5487/5487/1813
f 5477/5477/1804 5487/5487/1813 5486/5486/1812
f 5478/5478/1805 5479/5479/1806 5488/5488/1814
f 5478/5478/1805 5488/5488/1814 5487/5487/1813
f 5479/5479/1806 5480/5480/1807 5489/5489/1815
f 5479/5479/1806 5489/5489/1815 5488/5488/1814
f 5480/5480/1807 5481/5481/1808 5490/5490/1816
f 5480/5480/1807 5490/5490/1816 5489/5489/1815
f 5481/5481/1808 5482/5482/1802 5491/5491/1810
f 5481/5481/1808 5491/5491/1810 5490/5490/1816
f 5484/5484/1810 5483/5483/1809 5492/5492/1817
f 5484/5484/1810 5492/5492/1817 5493/5493/1818
f 5483/5483/1809 5485/5485/1811 5494/5494/1819
f 5483/5483/1809 5494/5494/1819 5492/5492/1817
f 5485/5485/1811 5486/5486/1812 5495/5495/1820
f 5485/5485/1811 5495/5495/1820 5494/5494/1819
f 5486/5486/1812 5487/5487/1813 5496/5496/1821
f 5486/5486/1812 5496/5496/1821 5495/5495/1820
f 5487/5487/1813 5488/5488/1814 5497/5497/1822
f 5487/5487/1813 5497/5497/1822 5496/5496/1821
f 5488/5488/1814 5489/5489/1815 5498/5498/1823
f 5488/5488/1814 5498/5498/1823 5497/5497/1822
f 5489/5489/1815 5490/5490/1816 5499/5499/1824
f 5489/5489/1815 5499/5499/1824 5498/5498/1823
f 5490/5490/1816 5491/5491/1810 5500/5500/1818
f 5490/5490/1816 5500/5500/1818 5499/5499/1824
f 5493/5493/1818 5492/5492/1817 5501/5501/1825
f 5493/5493/1818 5501/5501/1825 5502/5502/1826
f 5492/5492/1817 5494/5494/1819 5503/5503/1827
f 5492/5492/1817 5503/5503/1827 5501/5501/1825
f 5494/5494/1819 5495/5495/1820 5504/5504/1828
f 5494/5494/1819 5504/5504/1828 5503/5503/1827
f 5495/5495/1820 5496/5496/1821 5505/5505/1829
f 5495/5495/1820 5505/5505/1829 5504/5504/1828
f 5496/5496/1821 5497/5497/1822 5506/5506/1830
f 5496/5496/1821 5506/5506/1830 5505/5505/1829
f 5497/5497/1822 5498/5498/1823 5507/5507/1831
f 5497/5497/1822 5507/5507/1831 5506/5506/1830
f 5498/5498/1823 5499/5499/1824 5508/5508/1832
f 5498/5498/1823 5508/5508/1832 5507/5507/1831
f 5499/5499/1824 5500/5500/1818 5509/5509/1826
f 5499/5499/1824 5509/5509/1826 5508/5508/1832
f 5502/5502/1826 5501/5501/1825 5510/5510/1833
f 5502/5502/1826 5510/5510/1833 5511/5511/1834
f 5501/5501/1825 5503/5503/1827 5512/5512/1835
f 5501/5501/1825 5512/5512/1835 5510/5510/1833
f 5503/5503/1827 5504/5504/1828 5513/5513/1836
f 5503/5503/1827 5513/5513/1836 5512/5512/1835
f 5504/5504/1828 5505/5505/1829 5514/5514/1837
f 5504/5504/1828 5514/5514/1837 5513/5513/1836
f 5505/5505/1829 5506/5506/1830 5515/5515/1838
f 5505/5505/1829 5515/5515/1838 5514/5514/1837
f 5506/5506/1830 5507/5507/1831 5516/5516/1839
f 5506/5506/1830 5516/5516/1839 5515/5515/1838
f 5507/5507/1831 5508/5508/1832 5517/5517/1840
f 5507/5507/1831 5517/5517/1840 5516/5516/1839
f 5508/5508/1832 5509/5509/1826 5518/5518/1841
f 5508/5508/1832 5518/5518/1841 5517/5517/1840
f 5511/5511/1834 5510/5510/1833 5519/5519/1842
f 5511/5511/1834 5519/5519/1842 5520/5520/1843
f 5510/5510/1833 5512/5512/1835 5521/5521/1844
f 5510/5510/1833 5521/5521/1844 5519/5519/1842
f 5512/5512/1835 5513/5513/1836 5522/5522/1845
f 5512/5512/1835 5522/5522/1845 5521/5521/1844
f 5513/5513/1836 5514/5514/1837 5523/5523/1846
f 5513/5513/1836 5523/5523/1846 5522/5522/1845
f 5514/5514/1837 5515/5515/1838 5524/5524/1847
f 5514/5514/1837 5524/5524/1847 5523/5523/1846
f 5515/5515/1838 5516/5516/1839 5525/5525/1848
f 5515/5515/1838 5525/5525/1848 5524/5524/1847
f 5516/5516/1839 5517/5517/1840 5526/5526/1849
f 5516/5516/1839 5526/5526/1849 5525/5525/1848
f 5517/5517/1840 5518/5518/1841 5527/5527/1843
f 5517/5517/1840 5527/5527/1843 5526/5526/1849
f 5520/5520/1843 5519/5519/1842 5528/5528/1850
f 5520/5520/1843 5528/5528/1850 5529/5529/1851
f 5519/5519/1842 5521/5521/1844 5530/5530/1852
f 5519/5519/1842 5530/5530/1852 5528/5528/1850
f 5521/5521/1844 5522/5522/1845 5531/5531/1853
f 5521/5521/1844 5531/5531/1853 5530/5530/1852
f 5522/5522/1845 5523/5523/1846 5532/5532/1854
f 5522/5522/1845 5532/5532/1854 5531/5531/1853
f 5523/5523/1846 5524/5524/1847 5533/5533/1855
f 5523/5523/1846 5533/5533/1855 5532/5532/1854
f 5524/5524/1847 5525/5525/1848 5534/5534/1856
f 5524/5524/1847 5534/5534/1856 5533/5533/1855
f 5525/5525/1848 5526/5526/1849 5535/5535/1857
f 5525/5525/1848 5535/5535/1857 5534/5534/1856
f 5526/5526/1849 5527/5527/1843 5536/5536/1851
f 5526/5526/1849 5536/5536/1851 5535/5535/1857
f 5529/5529/1851 5528/5528/1850 5537/5537/1858
f 5529/5529/1851 5537/5537/1858 5538/5538/1859
f 5528/5528/1850 5530/5530/1852 5539/5539/1860
f 5528/5528/1850 5539/5539/1860 5537/5537/1858
f 5530/5530/1852 5531/5531/1853 5540/5540/1861
f 5530/5530/1852 5540/5540/1861 5539/5539/1860
f 5531/5531/1853 5532/5532/1854 5541/5541/1862
f 5531/5531/1853 5541/5541/1862 5540/5540/1861
f 5532/5532/1854 5533/5533/1855 5542/5542/1863
f 5532/5532/1854 5542/5542/1863 5541/5541/1862
f 5533/5533/1855 5534/5534/1856 5543/5543/1864
f 5533/5533/1855 5543/5543/1864 5542/5542/1863
f 5534/5534/1856 5535/5535/1857 5544/5544/1865
f 5534/5534/1856 5544/5544/1865 5543/5543/1864
f 5535/5535/1857 5536/5536/1851 5545/5545/1866
f 5535/5535/1857 5545/5545/1866 5544/5544/1865
f 5538/5538/1859 5537/5537/1858 5546/5546/1867
f 5538/5538/1859 5546/5546/1867 5547/5547/1868
f 5537/5537/1858 5539/5539/1860 5548/5548/1869
f 5537/5537/1858 5548/5548/1869 5546/5546/1867
f 5539/5539/1860 5540/5540/1861 5549/5549/1870
f 5539/5539/1860 5549/5549/1870 5548/5548/1869
f 5540/5540/1861 5541/5541/1862 5550/5550/1871
f 5540/5540/1861 5550/5550/1871 5549/5549/1870
f 5541/5541/1862 5542/5542/1863 5551/5551/1872
f 5541/5541/1862 5551/5551/1872 5550/5550/1871
f 5542/5542/1863 5543/5543/1864 5552/5552/1873
f 5542/5542/1863 5552/5552/1873 5551/5551/1872
f 5543/5543/1864 5544/5544/1865 5553/5553/1874
f 5543/5543/1864 5553/5553/1874 5552/5552/1873
f 5544/5544/1865 5545/5545/1866 5554/5554/1868
f 5544/5544/1865 5554/5554/1868 5553/5553/1874
f 5547/5547/1868 5546/5546/1867 5555/5555/1875
f 5547/5547/1868 5555/5555/1875 5556/5556/1876
f 5546/5546/1867 5548/5548/1869 5557/5557/1877
f 5546/5546/1867 5557/5557/1877 5555/5555/1875
f 5548/5548/1869 5549/5549/1870 5558/5558/1878
f 5548/5548/1869 5558/5558/1878 5557/5557/1877
f 5549/5549/1870 5550/5550/1871 5559/5559/1879
f 5549/5549/1870 5559/5559/1879 5558/5558/1878
f 5550/5550/1871 5551/5551/1872 5560/5560/1880
f 5550/5550/1871 5560/5560/1880 5559/5559/1879
f 5551/5551/1872 5552/5552/1873 5561/5561/1881
f 5551/5551/1872 5561/5561/1881 5560/5560/1880
f 5552/5552/1873 5553/5553/1874 5562/5562/1882
f 5552/5552/1873 5562/5562/1882 5561/5561/1881
f 5553/5553/1874 5554/5554/1868 5563/5563/1876
f 5553/5553/1874 5563/5563/1876 5562/5562/1882
f 5556/5556/1876 5555/5555/1875 5564/5564/1883
f 5556/5556/1876 5564/5564/1883 5565/5565/1884
f 5555/5555/1875 5557/5557/1877 5566/5566/1885
f 5555/5555/1875 5566/5566/1885 5564/5564/1883
f 5557/5557/1877 5558/5558/1878 5567/5567/1886
f 5557/5557/1877 5567/5567/1886 5566/5566/1885
f 5558/5558/1878 5559/5559/1879 5568/5568/1887
f 5558/5558/1878 5568/5568/1887 5567/5567/1886
f 5559/5559/1879 5560/5560/1880 5569/5569/1888
f 5559/5559/1879 5569/5569/1888 5568/5568/1887
f 5560/5560/1880 5561/5561/1881 5570/5570/1889
f 5560/5560/1880 5570/5570/1889 5569/5569/1888
f 5561/5561/1881 5562/5562/1882 5571/5571/1890
f 5561/5561/1881 5571/5571/1890 5570/5570/1889
f 5562/5562/1882 5563/5563/1876 5572/5572/1884
f 5562/5562/1882 5572/5572/1884 5571/5571/1890
f 5565/5565/1884 5564/5564/1883 5573/5573/1891
f 5565/5565/1884 5573/5573/1891 5574/5574/1892
f 5564/5564/1883 5566/5566/1885 5575/5575/1893
f 5564/5564/1883 5575/5575/1893 5573/5573/1891
f 5566/5566/1885 5567/5567/1886 5576/5576/1894
f 5566/5566/1885 5576/5576/1894 5575/5575/1893
f 5567/5567/1886 5568/5568/1887 5577/5577/1895
f 5567/5567/1886 5577/5577/1895 5576/5576/1894
f 5568/5568/1887 5569/5569/1888 5578/5578/1896
f 5568/5568/1887 5578/5578/1896 5577/5577/1895
f 5569/5569/1888 5570/5570/1889 5579/5579/1897
f 5569/5569/1888 5579/5579/1897 5578/5578/1896
f 5570/5570/1889 5571/5571/1890 5580/5580/1898
f 5570/5570/1889 5580/5580/1898 5579/5579/1897
f 5571/5571/1890 5572/5572/1884 5581/5581/1892
f 5571/5571/1890 5581/5581/1892 5580/5580/1898
f 5574/5574/1892 5573/5573/1891 5582/5582/1899
f 5574/5574/1892 5582/5582/1899 5583/5583/1900
f 5573/5573/1891 5575/5575/1893 5584/5584/1901
f 5573/5573/1891 5584/5584/1901 5582/5582/1899
f 5575/5575/1893 5576/5576/1894 5585/5585/1902
f 5575/5575/1893 5585/5585/1902 5584/5584/1901
f 5576/5576/1894 5577/5577/1895 5586/5586/1903
f 5576/5576/1894 5586/5586/1903 5585/5585/1902
f 5577/5577/1895 5578/5578/1896 5587/5587/1904
f 5577/5577/1895 5587/5587/1904 5586/5586/1903
f 5578/5578/1896 5579/5579/1897 5588/5588/1905
f 5578/5578/1896 5588/5588/1905 5587/5587/1904
f 5579/5579/1897 5580/5580/1898 5589/5589/1906
f 5579/5579/1897 5589/5589/1906 5588/5588/1905
f 5580/5580/1898 5581/5581/1892 5590/5590/1900
f 5580/5580/1898 5590/5590/1900 5589/5589/1906
f 5583/5583/1900 5582/5582/1899 5591/5591/1907
f 5583/5583/1900 5591/5591/1907 5592/5592/1908
f 5582/5582/1899 5584/5584/1901 5593/5593/1909
f 5582/5582/1899 5593/5593/1909 5591/5591/1907
f 5584/5584/1901 5585/5585/1902 5594/5594/1910
f 5584/5584/1901 5594/5594/1910 5593/5593/1909
f 5585/5585/1902 5586/5586/1903 5595/5595/1911
f 5585/5585/1902 5595/5595/1911 5594/5594/1910
f 5586/5586/1903 5587/5587/1904 5596/5596/1912
f 5586/5586/1903 5596/5596/1912 5595/5595/1911
f 5587/5587/1904 5588/5588/1905 5597/5597/1913
f 5587/5587/1904 5597/5597/1913 5596/5596/1912
f 5588/5588/1905 5589/5589/1906 5598/5598/1914
f 5588/5588/1905 5598/5598/1914 5597/5597/1913
f 5589/5589/1906 5590/5590/1900 5599/5599/1908
f 5589/5589/1906 5599/5599/1908 5598/5598/1914
f 5592/5592/1908 5591/5591/1907 5600/5600/1915
f 5592/5592/1908 5600/5600/1915 5601/5601/1916
f 5591/5591/1907 5593/5593/1909 5602/5602/1795
f 5591/5591/1907 5602/5602/1795 5600/5600/1915
f 5593/5593/1909 5594/5594/1910 5603/5603/1917
f 5593/5593/1909 5603/5603/1917 5602/5602/1795
f 5594/5594/1910 5595/5595/1911 5604/5604/1918
f 5594/5594/1910 5604/5604/1918 5603/5603/1917
f 5595/5595/1911 5596/5596/1912 5605/5605/1919
f 5595/5595/1911 5605/5605/1919 5604/5604/1918
f 5596/5596/1912 5597/5597/1913 5606/5606/1799
f 5596/5596/1912 5606/5606/1799 5605/5605/1919
f 5597/5597/1913 5598/5598/1914 5607/5607/1920
f 5597/5597/1913 5607/5607/1920 5606/5606/1799
f 5598/5598/1914 5599/5599/1908 5608/5608/1921
f 5598/5598/1914 5608/5608/1921 5607/5607/1920
f 5601/5601/1916 5600/5600/1915 5609/5609/1922
f 5601/5601/1916 5609/5609/1922 5610/5610/1923
f 5600/5600/1915 5602/5602/1795 5611/5611/1924
f 5600/5600/1915 5611/5611/1924 5609/5609/1922
f 5602/5602/1795 5603/5603/1917 5612/5612/1925
f 5602/5602/1795 5612/5612/1925 5611/5611/1924
f 5603/5603/1917 5604/5604/1918 5613/5613/1926
f 5603/5603/1917 5613/5613/1926 5612/5612/1925
f 5604/5604/1918 5605/5605/1919 5614/5614/1927
f 5604/5604/1918 5614/5614/1927 5613/5613/1926
f 5605/5605/1919 5606/5606/1799 5615/5615/1928
f 5605/5605/1919 5615/5615/1928 5614/5614/1927
f 5606/5606/1799 5607/5607/1920 5616/5616/1929
f 5606/5606/1799 5616/5616/1929 5615/5615/1928
f 5607/5607/1920 5608/5608/1921 5617/5617/1923
f 5607/5607/1920 5617/5617/1923 5616/5616/1929
f 5610/5610/1923 5609/5609/1922 5618/5618/1930
f 5610/5610/1923 5618/5618/1930 5619/5619/1931
f 5609/5609/1922 5611/5611/1924 5620/5620/1932
f 5609/5609/1922 5620/5620/1932 5618/5618/1930
f 5611/5611/1924 5612/5612/1925 5621/5621/1933
f 5611/5611/1924 5621/5621/1933 5620/5620/1932
f 5612/5612/1925 5613/5613/1926 5622/5622/1934
f 5612/5612/1925 5622/5622/1934 5621/5621/1933
f 5613/5613/1926 5614/5614/1927 5623/5623/1935
f 5613/5613/1926 5623/5623/1935 5622/5622/1934
f 5614/5614/1927 5615/5615/1928 5624/5624/1936
f 5614/5614/1927 5624/5624/1936 5623/5623/1935
f 5615/5615/1928 5616/5616/1929 5625/5625/1937
f 5615/5615/1928 5625/5625/1937 5624/5624/1936
f 5616/5616/1929 5617/5617/1923 5626/5626/1938
f 5616/5616/1929 5626/5626/1938 5625/5625/1937
f 5619/5619/1931 5618/5618/1930 5627/5627/1939
f 5619/5619/1931 5627/5627/1939 5628/5628/1940
f 5618/5618/1930 5620/5620/1932 5629/5629/1941
f 5618/5618/1930 5629/5629/1941 5627/5627/1939
f 5620/5620/1932 5621/5621/1933 5630/5630/1942
f 5620/5620/1932 5630/5630/1942 5629/5629/1941
f 5621/5621/1933 5622/5622/1934 5631/5631/1943
f 5621/5621/1933 5631/5631/1943 5630/5630/1942
f 5622/5622/1934 5623/5623/1935 5632/5632/1944
f 5622/5622/1934 5632/5632/1944 5631/5631/1943
f 5623/5623/1935 5624/5624/1936 5633/5633/1945
f 5623/5623/1935 5633/5633/1945 5632/5632/1944
f 5624/5624/1936 5625/5625/1937 5634/5634/1946
f 5624/5624/1936 5634/5634/1946 5633/5633/1945
f 5625/5625/1937 5626/5626/1938 5635/5635/1940
f 5625/5625/1937 5635/5635/1940 5634/5634/1946
f 5628/5628/1940 5627/5627/1939 5636/5636/1947
f 5628/5628/1940 5636/5636/1947 5637/5637/1948
f 5627/5627/1939 5629/5629/1941 5638/5638/1949
f 5627/5627/1939 5638/5638/1949 5636/5636/1947
f 5629/5629/1941 5630/5630/1942 5639/5639/1950
f 5629/5629/1941 5639/5639/1950 5638/5638/1949
f 5630/5630/1942 5631/5631/1943 5640/5640/1951
f 5630/5630/1942 5640/5640/1951 5639/5639/1950
f 5631/5631/1943 5632/5632/1944 5641/5641/1952
f 5631/5631/1943 5641/5641/1952 5640/5640/1951
f 5632/5632/1944 5633/5633/1945 5642/5642/1953
f 5632/5632/1944 5642/5642/1953 5641/5641/1952
f 5633/5633/1945 5634/5634/1946 5643/5643/1954
f 5633/5633/1945 5643/5643/1954 5642/5642/1953
f 5634/5634/1946 5635/5635/1940 5644/5644/1948
f 5634/5634/1946 5644/5644/1948 5643/5643/1954
f 5637/5637/1948 5636/5636/1947 5645/5645/1955
f 5637/5637/1948 5645/5645/1955 5646/5646/1956
f 5636/5636/1947 5638/5638/1949 5647/5647/1957
f 5636/5636/1947 5647/5647/1957 5645/5645/1955
f 5638/5638/1949 5639/5639/1950 5648/5648/1958
f 5638/5638/1949 5648/5648/1958 5647/5647/1957
f 5639/5639/1950 5640/5640/1951 5649/5649/1959
f 5639/5639/1950 5649/5649/1959 5648/5648/1958
f 5640/5640/1951 5641/5641/1952 5650/5650/1960
f 5640/5640/1951 5650/5650/1960 5649/5649/1959
f 5641/5641/1952 5642/5642/1953 5651/5651/1961
f 5641/5641/1952 5651/5651/1961 5650/5650/1960
f 5642/5642/1953 5643/5643/1954 5652/5652/1962
f 5642/5642/1953 5652/5652/1962 5651/5651/1961
f 5643/5643/1954 5644/5644/1948 5653/5653/1956
f 5643/5643/1954 5653/5653/1956 5652/5652/1962
f 5646/5646/1956 5645/5645/1955 5654/5654/1963
f 5646/5646/1956 5654/5654/1963 5655/5655/1964
f 5645/5645/1955 5647/5647/1957 5656/5656/1965
f 5645/5645/1955 5656/5656/1965 5654/5654/1963
f 5647/5647/1957 5648/5648/1958 5657/5657/1966
f 5647/5647/1957 5657/5657/1966 5656/5656/1965
f 5648/5648/1958 5649/5649/1959 5658/5658/1967
f 5648/5648/1958 5658/5658/1967 5657/5657/1966
f 5649/5649/1959 5650/5650/1960 5659/5659/1968
f 5649/5649/1959 5659/5659/1968 5658/5658/1967
f 5650/5650/1960 5651/5651/1961 5660/5660/1969
f 5650/5650/1960 5660/5660/1969 5659/5659/1968
f 5651/5651/1961 5652/5652/1962 5661/5661/1970
f 5651/5651/1961 5661/5661/1970 5660/5660/1969
f 5652/5652/1962 5653/5653/1956 5662/5662/1971
f 5652/5652/1962 5662/5662/1971 5661/5661/1970
f 5655/5655/1964 5654/5654/1963 5663/5663/1972
f 5655/5655/1964 5663/5663/1972 5664/5664/1973
f 5654/5654/1963 5656/5656/1965 5665/5665/1974
f 5654/5654/1963 5665/5665/1974 5663/5663/1972
f 5656/5656/1965 5657/5657/1966 5666/5666/1975
f 5656/5656/1965 5666/5666/1975 5665/5665/1974
f 5657/5657/1966 5658/5658/1967 5667/5667/1976
f 5657/5657/1966 5667/5667/1976 5666/5666/1975
f 5658/5658/1967 5659/5659/1968 5668/5668/1977
f 5658/5658/1967 5668/5668/1977 5667/5667/1976
f 5659/5659/1968 5660/5660/1969 5669/5669/1978
f 5659/5659/1968 5669/5669/1978 5668/5668/1977
f 5660/5660/1969 5661/5661/1970 5670/5670/1979
f 5660/5660/1969 5670/5670/1979 5669/5669/1978
f 5661/5661/1970 5662/5662/1971 5671/5671/1973
f 5661/5661/1970 5671/5671/1973 5670/5670/1979
f 5664/5664/1973 5663/5663/1972 5672/5672/1980
f 5664/5664/1973 5672/5672/1980 5673/5673/1981
f 5663/5663/1972 5665/5665/1974 5674/5674/1982
f 5663/5663/1972 5674/5674/1982 5672/5672/1980
f 5665/5665/1974 5666/5666/1975 5675/5675/1983
f 5665/5665/1974 5675/5675/1983 5674/5674/1982
f 5666/5666/1975 5667/5667/1976 5676/5676/1984
f 5666/5666/1975 5676/5676/1984 5675/5675/1983
f 5667/5667/1976 5668/5668/1977 5677/5677/1985
f 5667/5667/1976 5677/5677/1985 5676/5676/1984
f 5668/5668/1977 5669/5669/1978 5678/5678/1986
f 5668/5668/1977 5678/5678/1986 5677/5677/1985
f 5669/5669/1978 5670/5670/1979 5679/5679/1987
f 5669/5669/1978 5679/5679/1987 5678/5678/1986
f 5670/5670/1979 5671/5671/1973 5680/5680/1981
f 5670/5670/1979 5680/5680/1981 5679/5679/1987
f 5673/5673/1981 5672/5672/1980 5681/5681/1988
f 5673/5673/1981 5681/5681/1988 5682/5682/1989
f 5672/5672/1980 5674/5674/1982 5683/5683/1990
f 5672/5672/1980 5683/5683/1990 5681/5681/1988
f 5674/5674/1982 5675/5675/1983 5684/5684/1991
f 5674/5674/1982 5684/5684/1991 5683/5683/1990
f 5675/5675/1983 5676/5676/1984 5685/5685/1992
f 5675/5675/1983 5685/5685/1992 5684/5684/1991
f 5676/5676/1984 5677/5677/1985 5686/5686/1993
f 5676/5676/1984 5686/5686/1993 5685/5685/1992
f 5677/5677/1985 5678/5678/1986 5687/5687/1994
f 5677/5677/1985 5687/5687/1994 5686/5686/1993
f 5678/5678/1986 5679/5679/1987 5688/5688/1995
f 5678/5678/1986 5688/5688/1995 5687/5687/1994
f 5679/5679/1987 5680/5680/1981 5689/5689/1989
f 5679/5679/1987 5689/5689/1989 5688/5688/1995
f 5682/5682/1989 5681/5681/1988 5690/5690/1996
f 5682/5682/1989 5690/5690/1996 5691/5691/1997
f 5681/5681/1988 5683/5683/1990 5692/5692/1998
f 5681/5681/1988 5692/5692/1998 5690/5690/1996
f 5683/5683/1990 5684/5684/1991 5693/5693/1999
f 5683/5683/1990 5693/5693/1999 5692/5692/1998
f 5684/5684/1991 5685/5685/1992 5694/5694/2000
f 5684/5684/1991 5694/5694/2000 5693/5693/1999
f 5685/5685/1992 5686/5686/1993 5695/5695/2001
f 5685/5685/1992 5695/5695/2001 5694/5694/2000
f 5686/5686/1993 5687/5687/1994 5696/5696/2002
f 5686/5686/1993 5696/5696/2002 5695/5695/2001
f 5687/5687/1994 5688/5688/1995 5697/5697/2003
f 5687/5687/1994 5697/5697/2003 5696/5696/2002
f 5688/5688/1995 5689/5689/1989 5698/5698/1997
f 5688/5688/1995 5698/5698/1997 5697/5697/2003
f 5691/5691/1997 5690/5690/1996 5699/5699/2004
f 5691/5691/1997 5699/5699/2004 5700/5700/2005
f 5690/5690/1996 5692/5692/1998 5701/5701/2006
f 5690/5690/1996 5701/5701/2006 5699/5699/2004
f 5692/5692/1998 5693/5693/1999 5702/5702/2007
f 5692/5692/1998 5702/5702/2007 5701/5701/2006
f 5693/5693/1999 5694/5694/2000 5703/5703/2008
f 5693/5693/1999 5703/5703/2008 5702/5702/2007
f 5694/5694/2000 5695/5695/2001 5704/5704/2009
f 5694/5694/2000 5704/5704/2009 5703/5703/2008
f 5695/5695/2001 5696/5696/2002 5705/5705/2010
f 5695/5695/2001 5705/5705/2010 5704/5704/2009
f 5696/5696/2002 5697/5697/2003 5706/5706/2011
f 5696/5696/2002 5706/5706/2011 5705/5705/2010
f 5697/5697/2003 5698/5698/1997 5707/5707/2012
f 5697/5697/2003 5707/5707/2012 5706/5706/2011
f 5700/5700/2005 5699/5699/2004 5708/5708/2013
f 5700/5700/2005 5708/5708/2013 5709/5709/2014
f 5699/5699/2004 5701/5701/2006 5710/5710/2015
f 5699/5699/2004 5710/5710/2015 5708/5708/2013
f 5701/5701/2006 5702/5702/2007 5711/5711/2016
f 5701/5701/2006 5711/5711/2016 5710/5710/2015
f 5702/5702/2007 5703/5703/2008 5712/5712/2017
f 5702/5702/2007 5712/5712/2017 5711/5711/2016
f 5703/5703/2008 5704/5704/2009 5713/5713/2018
f 5703/5703/2008 5713/5713/2018 5712/5712/2017
f 5704/5704/2009 5705/5705/2010 5714/5714/2019
f 5704/5704/2009 5714/5714/2019 5713/5713/2018
f 5705/5705/2010 5706/5706/2011 5715/5715/2020
f 5705/5705/2010 5715/5715/2020 5714/5714/2019
f 5706/5706/2011 5707/5707/2012 5716/5716/2014
f 5706/5706/2011 5716/5716/2014 5715/5715/2020
f 5709/5709/2014 5708/5708/2013 5717/5717/2021
f 5709/5709/2014 5717/5717/2021 5718/5718/2022
f 5708/5708/2013 5710/5710/2015 5719/5719/2023
f 5708/5708/2013 5719/5719/2023 5717/5717/2021
f 5710/5710/2015 5711/5711/2016 5720/5720/2024
f 5710/5710/2015 5720/5720/2024 5719/5719/2023
f 5711/5711/2016 5712/5712/2017 5721/5721/2025
f 5711/5711/2016 5721/5721/2025 5720/5720/2024
f 5712/5712/2017 5713/5713/2018 5722/5722/2026
f 5712/5712/2017 5722/5722/2026 5721/5721/2025
f 5713/5713/2018 5714/5714/2019 5723/5723/2027
f 5713/5713/2018 5723/5723/2027 5722/5722/2026
f 5714/5714/2019 5715/5715/2020 5724/5724/2028
f 5714/5714/2019 5724/5724/2028 5723/5723/2027
f 5715/5715/2020 5716/5716/2014 5725/5725/2022
f 5715/5715/2020 5725/5725/2022 5724/5724/2028
f 5718/5718/2022 5717/5717/2021 5726/5726/2029
f 5718/5718/2022 5726/5726/2029 5727/5727/2030
f 5717/5717/2021 5719/5719/2023 5728/5728/2031
f 5717/5717/2021 5728/5728/2031 5726/5726/2029
f 5719/5719/2023 5720/5720/2024 5729/5729/2032
f 5719/5719/2023 5729/5729/2032 5728/5728/2031
f 5720/5720/2024 5721/5721/2025 5730/5730/2033
f 5720/5720/2024 5730/5730/2033 5729/5729/2032
f 5721/5721/2025 5722/5722/2026 5731/5731/2034
f 5721/5721/2025 5731/5731/2034 5730/5730/2033
f 5722/5722/2026 5723/5723/2027 5732/5732/2035
f 5722/5722/2026 5732/5732/2035 5731/5731/2034
f 5723/5723/2027 5724/5724/2028 5733/5733/2036
f 5723/5723/2027 5733/5733/2036 5732/5732/2035
f 5724/5724/2028 5725/5725/2022 5734/5734/2030
f 5724/5724/2028 5734/5734/2030 5733/5733/2036
f 5727/5727/2030 5726/5726/2029 5735/5735/2037
f 5727/5727/2030 5735/5735/2037 5736/5736/2038
f 5726/5726/2029 5728/5728/2031 5737/5737/2039
f 5726/5726/2029 5737/5737/2039 5735/5735/2037
f 5728/5728/2031 5729/5729/2032 5738/5738/2040
f 5728/5728/2031 5738/5738/2040 5737/5737/2039
f 5729/5729/2032 5730/5730/2033 5739/5739/2041
f 5729/5729/2032 5739/5739/2041 5738/5738/2040
f 5730/5730/2033 5731/5731/2034 5740/5740/2042
f 5730/5730/2033 5740/5740/2042 5739/5739/2041
f 5731/5731/2034 5732/5732/2035 5741/5741/2043
f 5731/5731/2034 5741/5741/2043 5740/5740/2042
f 5732/5732/2035 5733/5733/2036 5742/5742/2044
f 5732/5732/2035 5742/5742/2044 5741/5741/2043
f 5733/5733/2036 5734/5734/2030 5743/5743/2038
f 5733/5733/2036 5743/5743/2038 5742/5742/2044
f 5736/5736/2038 5735/5735/2037 5744/5744/2045
f 5736/5736/2038 5744/5744/2045 5745/5745/2046
f 5735/5735/2037 5737/5737/2039 5746/5746/2047
f 5735/5735/2037 5746/5746/2047 5744/5744/2045
f 5737/5737/2039 5738/5738/2040 5747/5747/2048
f 5737/5737/2039 5747/5747/2048 5746/5746/2047
f 5738/5738/2040 5739/5739/2041 5748/5748/2049
f 5738/5738/2040 5748/5748/2049 5747/5747/2048
f 5739/5739/2041 5740/5740/2042 5749/5749/2050
f 5739/5739/2041 5749/5749/2050 5748/5748/2049
f 5740/5740/2042 5741/5741/2043 5750/5750/2051
f 5740/5740/2042 5750/5750/2051 5749/5749/2050
f 5741/5741/2043 5742/5742/2044 5751/5751/2052
f 5741/5741/2043 5751/5751/2052 5750/5750/2051
f 5742/5742/2044 5743/5743/2038 5752/5752/2046
f 5742/5742/2044 5752/5752/2046 5751/5751/2052
f 5745/5745/2046 5744/5744/2045 5753/5753/2053
f 5745/5745/2046 5753/5753/2053 5754/5754/2054
f 5744/5744/2045 5746/5746/2047 5755/5755/2055
f 5744/5744/2045 5755/5755/2055 5753/5753/2053
f 5746/5746/2047 5747/5747/2048 5756/5756/2056
f 5746/5746/2047 5756/5756/2056 5755/5755/2055
f 5747/5747/2048 5748/5748/2049 5757/5757/2057
f 5747/5747/2048 5757/5757/2057 5756/5756/2056
f 5748/5748/2049 5749/5749/2050 5758/5758/2058
f 5748/5748/2049 5758/5758/2058 5757/5757/2057
f 5749/5749/2050 5750/5750/2051 5759/5759/2059
f 5749/5749/2050 5759/5759/2059 5758/5758/2058
f 5750/5750/2051 5751/5751/2052 5760/5760/2060
f 5750/5750/2051 5760/5760/2060 5759/5759/2059
f 5751/5751/2052 5752/5752/2046 5761/5761/2054
f 5751/5751/2052 5761/5761/2054 5760/5760/2060
f 5754/5754/2054 5753/5753/2053 5762/5762/2061
f 5754/5754/2054 5762/5762/2061 5763/5763/2062
f 5753/5753/2053 5755/5755/2055 5764/5764/2063
f 5753/5753/2053 5764/5764/2063 5762/5762/2061
f 5755/5755/2055 5756/5756/2056 5765/5765/2064
f 5755/5755/2055 5765/5765/2064 5764/5764/2063
f 5756/5756/2056 5757/5757/2057 5766/5766/2065
f 5756/5756/2056 5766/5766/2065 5765/5765/2064
f 5757/5757/2057 5758/5758/2058 5767/5767/2066
f 5757/5757/2057 5767/5767/2066 5766/5766/2065
f 5758/5758/2058 5759/5759/2059 5768/5768/2067
f 5758/5758/2058 5768/5768/2067 5767/5767/2066
f 5759/5759/2059 5760/5760/2060 5769/5769/2068
f 5759/5759/2059 5769/5769/2068 5768/5768/2067
f 5760/5760/2060 5761/5761/2054 5770/5770/2069
f 5760/5760/2060 5770/5770/2069 5769/5769/2068
f 5763/5763/2062 5762/5762/2061 5771/5771/2070
f 5763/5763/2062 5771/5771/2070 5772/5772/2071
f 5762/5762/2061 5764/5764/2063 5773/5773/2072
f 5762/5762/2061 5773/5773/2072 5771/5771/2070
f 5764/5764/2063 5765/5765/2064 5774/5774/2073
f 5764/5764/2063 5774/5774/2073 5773/5773/2072
f 5765/5765/2064 5766/5766/2065 5775/5775/2074
f 5765/5765/2064 5775/5775/2074 5774/5774/2073
f 5766/5766/2065 5767/5767/2066 5776/5776/2075
f 5766/5766/2065 5776/5776/2075 5775/5775/2074
f 5767/5767/2066 5768/5768/2067 5777/5777/2076
f 5767/5767/2066 5777/5777/2076 5776/5776/2075
f 5768/5768/2067 5769/5769/2068 5778/5778/2077
f 5768/5768/2067 5778/5778/2077 5777/5777/2076
f 5769/5769/2068 5770/5770/2069 5779/5779/2071
f 5769/5769/2068 5779/5779/2071 5778/5778/2077
f 5772/5772/2071 5771/5771/2070 5780/5780/2078
f 5772/5772/2071 5780/5780/2078 5781/5781/2079
f 5771/5771/2070 5773/5773/2072 5782/5782/2080
f 5771/5771/2070 5782/5782/2080 5780/5780/2078
f 5773/5773/2072 5774/5774/2073 5783/5783/2081
f 5773/5773/2072 5783/5783/2081 5782/5782/2080
f 5774/5774/2073 5775/5775/2074 5784/5784/2082
f 5774/5774/2073 5784/5784/2082 5783/5783/2081
f 5775/5775/2074 5776/5776/2075 5785/5785/2083
f 5775/5775/2074 5785/5785/2083 5784/5784/2082
f 5776/5776/2075 5777/5777/2076 5786/5786/2084
f 5776/5776/2075 5786/5786/2084 5785/5785/2083
f 5777/5777/2076 5778/5778/2077 5787/5787/2085
f 5777/5777/2076 5787/5787/2085 5786/5786/2084
f 5778/5778/2077 5779/5779/2071 5788/5788/2079
f 5778/5778/2077 5788/5788/2079 5787/5787/2085
f 5781/5781/2079 5780/5780/2078 5789/5789/2086
f 5781/5781/2079 5789/5789/2086 5790/5790/2087
f 5780/5780/2078 5782/5782/2080 5791/5791/2088
f 5780/5780/2078 5791/5791/2088 5789/5789/2086
f 5782/5782/2080 5783/5783/2081 5792/5792/2089
f 5782/5782/2080 5792/5792/2089 5791/5791/2088
f 5783/5783/2081 5784/5784/2082 5793/5793/2090
f 5783/5783/2081 5793/5793/2090 5792/5792/2089
f 5784/5784/2082 5785/5785/2083 5794/5794/2091
f 5784/5784/2082 5794/5794/2091 5793/5793/2090
f 5785/5785/2083 5786/5786/2084 5795/5795/2092
f 5785/5785/2083 5795/5795/2092 5794/5794/2091
f 5786/5786/2084 5787/5787/2085 5796/5796/2093
f 5786/5786/2084 5796/5796/2093 5795/5795/2092
f 5787/5787/2085 5788/5788/2079 5797/5797/2087
f 5787/5787/2085 5797/5797/2087 5796/5796/2093
f 5790/5790/2087 5789/5789/2086 5798/5798/2094
f 5790/5790/2087 5798/5798/2094 5799/5799/2095
f 5789/5789/2086 5791/5791/2088 5800/5800/2096
f 5789/5789/2086 5800/5800/2096 5798/5798/2094
f 5791/5791/2088 5792/5792/2089 5801/5801/2097
f 5791/5791/2088 5801/5801/2097 5800/5800/2096
f 5792/5792/2089 5793/5793/2090 5802/5802/2098
f 5792/5792/2089 5802/5802/2098 5801/5801/2097
f 5793/5793/2090 5794/5794/2091 5803/5803/2099
f 5793/5793/2090 5803/5803/2099 5802/5802/2098
f 5794/5794/2091 5795/5795/2092 5804/5804/2100
f 5794/5794/2091 5804/5804/2100 5803/5803/2099
f 5795/5795/2092 5796/5796/2093 5805/5805/2101
f 5795/5795/2092 5805/5805/2101 5804/5804/2100
f 5796/5796/2093 5797/5797/2087 5806/5806/2095
f 5796/5796/2093 5806/5806/2095 5805/5805/2101
f 5799/5799/2095 5798/5798/2094 5807/5807/2102
f 5799/5799/2095 5807/5807/2102 5808/5808/2103
f 5798/5798/2094 5800/5800/2096 5809/5809/2104
f 5798/5798/2094 5809/5809/2104 5807/5807/2102
f 5800/5800/2096 5801/5801/2097 5810/5810/2105
f 5800/5800/2096 5810/5810/2105 5809/5809/2104
f 5801/5801/2097 5802/5802/2098 5811/5811/2106
f 5801/5801/2097 5811/5811/2106 5810/5810/2105
f 5802/5802/2098 5803/5803/2099 5812/5812/2107
f 5802/5802/2098 5812/5812/2107 5811/5811/2106
f 5803/5803/2099 5804/5804/2100 5813/5813/2108
f 5803/5803/2099 5813/5813/2108 5812/5812/2107
f 5804/5804/2100 5805/5805/2101 5814/5814/2109
f 5804/5804/2100 5814/5814/2109 5813/5813/2108
f 5805/5805/2101 5806/5806/2095 5815/5815/2103
f 5805/5805/2101 5815/5815/2103 5814/5814/2109
f 5808/5808/2103 5807/5807/2102 5816/5816/2110
f 5808/5808/2103 5816/5816/2110 5817/5817/2111
f 5807/5807/2102 5809/5809/2104 5818/5818/2112
f 5807/5807/2102 5818/5818/2112 5816/5816/2110
f 5809/5809/2104 5810/5810/2105 5819/5819/2113
f 5809/5809/2104 5819/5819/2113 5818/5818/2112
f 5810/5810/2105 5811/5811/2106 5820/5820/2114
f 5810/5810/2105 5820/5820/2114 5819/5819/2113
f 5811/5811/2106 5812/5812/2107 5821/5821/2115
f 5811/5811/2106 5821/5821/2115 5820/5820/2114
f 5812/5812/2107 5813/5813/2108 5822/5822/2116
f 5812/5812/2107 5822/5822/2116 5821/5821/2115
f 5813/5813/2108 5814/5814/2109 5823/5823/2117
f 5813/5813/2108 5823/5823/2117 5822/5822/2116
f 5814/5814/2109 5815/5815/2103 5824/5824/2111
f 5814/5814/2109 5824/5824/2111 5823/5823/2117
f 5817/5817/2111 5816/5816/2110 5825/5825/2118
f 5817/5817/2111 5825/5825/2118 5826/5826/2119
f 5816/5816/2110 5818/5818/2112 5827/5827/2120
f 5816/5816/2110 5827/5827/2120 5825/5825/2118
f 5818/5818/2112 5819/5819/2113 5828/5828/2121
f 5818/5818/2112 5828/5828/2121 5827/5827/2120
f 5819/5819/2113 5820/5820/2114 5829/5829/2122
f 5819/5819/2113 5829/5829/2122 5828/5828/2121
f 5820/5820/2114 5821/5821/2115 5830/5830/2123
f 5820/5820/2114 5830/5830/2123 5829/5829/2122
f 5821/5821/2115 5822/5822/2116 5831/5831/2124
f 5821/5821/2115 5831/5831/2124 5830/5830/2123
f 5822/5822/2116 5823/5823/2117 5832/5832/2125
f 5822/5822/2116 5832/5832/2125 5831/5831/2124
f 5823/5823/2117 5824/5824/2111 5833/5833/2119
f 5823/5823/2117 5833/5833/2119 5832/5832/2125
f 5826/5826/2119 5825/5825/2118 5834/5834/2126
f 5826/5826/2119 5834/5834/2126 5835/5835/2127
f 5825/5825/2118 5827/5827/2120 5836/5836/2128
f 5825/5825/2118 5836/5836/2128 5834/5834/2126
f 5827/5827/2120 5828/5828/2121 5837/5837/2129
f 5827/5827/2120 5837/5837/2129 5836/5836/2128
f 5828/5828/2121 5829/5829/2122 5838/5838/2130
f 5828/5828/2121 5838/5838/2130 5837/5837/2129
f 5829/5829/2122 5830/5830/2123 5839/5839/2131
f 5829/5829/2122 5839/5839/2131 5838/5838/2130
f 5830/5830/2123 5831/5831/2124 5840/5840/2132
f 5830/5830/2123 5840/5840/2132 5839/5839/2131
f 5831/5831/2124 5832/5832/2125 5841/5841/2133
f 5831/5831/2124 5841/5841/2133 5840/5840/2132
f 5832/5832/2125 5833/5833/2119 5842/5842/2127
f 5832/5832/2125 5842/5842/2127 5841/5841/2133
f 5835/5835/2127 5834/5834/2126 5843/5843/2134
f 5835/5835/2127 5843/5843/2134 5844/5844/2135
f 5834/5834/2126 5836/5836/2128 5845/5845/2136
f 5834/5834/2126 5845/5845/2136 5843/5843/2134
f 5836/5836/2128 5837/5837/2129 5846/5846/2137
f 5836/5836/2128 5846/5846/2137 5845/5845/2136
f 5837/5837/2129 5838/5838/2130 5847/5847/2138
f 5837/5837/2129 5847/5847/2138 5846/5846/2137
f 5838/5838/2130 5839/5839/2131 5848/5848/2139
f 5838/5838/2130 5848/5848/2139 5847/5847/2138
f 5839/5839/2131 5840/5840/2132 5849/5849/2140
f 5839/5839/2131 5849/5849/2140 5848/5848/2139
f 5840/5840/2132 5841/5841/2133 5850/5850/2141
f 5840/5840/2132 5850/5850/2141 5849/5849/2140
f 5841/5841/2133 5842/5842/2127 5851/5851/2135
f 5841/5841/2133 5851/5851/2135 5850/5850/2141
f 5844/5844/2135 5843/5843/2134 5852/5852/2142
f 5844/5844/2135 5852/5852/2142 5853/5853/2143
f 5843/5843/2134 5845/5845/2136 5854/5854/2144
f 5843/5843/2134 5854/5854/2144 5852/5852/2142
f 5845/5845/2136 5846/5846/2137 5855/5855/2145
f 5845/5845/2136 5855/5855/2145 5854/5854/2144
f 5846/5846/2137 5847/5847/2138 5856/5856/2146
f 5846/5846/2137 5856/5856/2146 5855/5855/2145
f 5847/5847/2138 5848/5848/2139 5857/5857/2147
f 5847/5847/2138 5857/5857/2147 5856/5856/2146
f 5848/5848/2139 5849/5849/2140 5858/5858/2148
f 5848/5848/2139 5858/5858/2148 5857/5857/2147
f 5849/5849/2140 5850/5850/2141 5859/5859/2149
f 5849/5849/2140 5859/5859/2149 5858/5858/2148
f 5850/5850/2141 5851/5851/2135 5860/5860/2143
f 5850/5850/2141 5860/5860/2143 5859/5859/2149
f 5853/5853/2143 5852/5852/2142 5861/5861/2150
f 5853/5853/2143 5861/5861/2150 5862/5862/2151
f 5852/5852/2142 5854/5854/2144 5863/5863/2152
f 5852/5852/2142 5863/5863/2152 5861/5861/2150
f 5854/5854/2144 5855/5855/2145 5864/5864/2153
f 5854/5854/2144 5864/5864/2153 5863/5863/2152
f 5855/5855/2145 5856/5856/2146 5865/5865/2154
f 5855/5855/2145 5865/5865/2154 5864/5864/2153
f 5856/5856/2146 5857/5857/2147 5866/5866/2155
f 5856/5856/2146 5866/5866/2155 5865/5865/2154
f 5857/5857/2147 5858/5858/2148 5867/5867/2156
f 5857/5857/2147 5867/5867/2156 5866/5866/2155
f 5858/5858/2148 5859/5859/2149 5868/5868/2157
f 5858/5858/2148 5868/5868/2157 5867/5867/2156
f 5859/5859/2149 5860/5860/2143 5869/5869/2151
f 5859/5859/2149 5869/5869/2151 5868/5868/2157
f 5862/5862/2151 5861/5861/2150 5870/5870/2158
f 5862/5862/2151 5870/5870/2158 5871/5871/2159
f 5861/5861/2150 5863/5863/2152 5872/5872/2160
f 5861/5861/2150 5872/5872/2160 5870/5870/2158
f 5863/5863/2152 5864/5864/2153 5873/5873/2161
f 5863/5863/2152 5873/5873/2161 5872/5872/2160
f 5864/5864/2153 5865/5865/2154 5874/5874/2162
f 5864/5864/2153 5874/5874/2162 5873/5873/2161
f 5865/5865/2154 5866/5866/2155 5875/5875/2163
f 5865/5865/2154 5875/5875/2163 5874/5874/2162
f 5866/5866/2155 5867/5867/2156 5876/5876/2164
f 5866/5866/2155 5876/5876/2164 5875/5875/2163
f 5867/5867/2156 5868/5868/2157 5877/5877/2165
f 5867/5867/2156 5877/5877/2165 5876/5876/2164
f 5868/5868/2157 5869/5869/2151 5878/5878/2159
f 5868/5868/2157 5878/5878/2159 5877/5877/2165
f 5871/5871/2159 5870/5870/2158 5879/5879/2166
f 5871/5871/2159 5879/5879/2166 5880/5880/2167
f 5870/5870/2158 5872/5872/2160 5881/5881/2168
f 5870/5870/2158 5881/5881/2168 5879/5879/2166
f 5872/5872/2160 5873/5873/2161 5882/5882/2169
f 5872/5872/2160 5882/5882/2169 5881/5881/2168
f 5873/5873/2161 5874/5874/2162 5883/5883/2170
f 5873/5873/2161 5883/5883/2170 5882/5882/2169
f 5874/5874/2162 5875/5875/2163 5884/5884/2171
f 5874/5874/2162 5884/5884/2171 5883/5883/2170
f 5875/5875/2163 5876/5876/2164 5885/5885/2172
f 5875/5875/2163 5885/5885/2172 5884/5884/2171
f 5876/5876/2164 5877/5877/2165 5886/5886/2173
f 5876/5876/2164 5886/5886/2173 5885/5885/2172
f 5877/5877/2165 5878/5878/2159 5887/5887/2167
f 5877/5877/2165 5887/5887/2167 5886/5886/2173
f 5880/5880/2167 5879/5879/2166 5888/5888/2174
f 5880/5880/2167 5888/5888/2174 5889/5889/2175
f 5879/5879/2166 5881/5881/2168 5890/5890/2176
f 5879/5879/2166 5890/5890/2176 5888/5888/2174
f 5881/5881/2168 5882/5882/2169 5891/5891/2177
f 5881/5881/2168 5891/5891/2177 5890/5890/2176
f 5882/5882/2169 5883/5883/2170 5892/5892/2178
f 5882/5882/2169 5892/5892/2178 5891/5891/2177
f 5883/5883/2170 5884/5884/2171 5893/5893/2179
f 5883/5883/2170 5893/5893/2179 5892/5892/2178
f 5884/5884/2171 5885/5885/2172 5894/5894/2180
f 5884/5884/2171 5894/5894/2180 5893/5893/2179
f 5885/5885/2172 5886/5886/2173 5895/5895/2181
f 5885/5885/2172 5895/5895/2181 5894/5894/2180
f 5886/5886/2173 5887/5887/2167 5896/5896/2175
f 5886/5886/2173 5896/5896/2175 5895/5895/2181
f 5889/5889/2175 5888/5888/2174 5897/5897/2182
f 5889/5889/2175 5897/5897/2182 5898/5898/2183
f 5888/5888/2174 5890/5890/2176 5899/5899/2184
f 5888/5888/2174 5899/5899/2184 5897/5897/2182
f 5890/5890/2176 5891/5891/2177 5900/5900/2185
f 5890/5890/2176 5900/5900/2185 5899/5899/2184
f 5891/5891/2177 5892/5892/2178 5901/5901/2186
f 5891/5891/2177 5901/5901/2186 5900/5900/2185
f 5892/5892/2178 5893/5893/2179 5902/5902/2187
f 5892/5892/2178 5902/5902/2187 5901/5901/2186
f 5893/5893/2179 5894/5894/2180 5903/5903/2188
f 5893/5893/2179 5903/5903/2188 5902/5902/2187
f 5894/5894/2180 5895/5895/2181 5904/5904/2189
f 5894/5894/2180 5904/5904/2189 5903/5903/2188
f 5895/5895/2181 5896/5896/2175 5905/5905/2183
f 5895/5895/2181 5905/5905/2183 5904/5904/2189
f 5898/5898/2183 5897/5897/2182 5906/5906/2190
f 5898/5898/2183 5906/5906/2190 5907/5907/2191
f 5897/5897/2182 5899/5899/2184 5908/5908/2192
f 5897/5897/2182 5908/5908/2192 5906/5906/2190
f 5899/5899/2184 5900/5900/2185 5909/5909/2193
f 5899/5899/2184 5909/5909/2193 5908/5908/2192
f 5900/5900/2185 5901/5901/2186 5910/5910/2194
f 5900/5900/2185 5910/5910/2194 5909/5909/2193
f 5901/5901/2186 5902/5902/2187 5911/5911/2195
f 5901/5901/2186 5911/5911/2195 5910/5910/2194
f 5902/5902/2187 5903/5903/2188 5912/5912/2196
f 5902/5902/2187 5912/5912/2196 5911/5911/2195
f 5903/5903/2188 5904/5904/2189 5913/5913/2197
f 5903/5903/2188 5913/5913/2197 5912/5912/2196
f 5904/5904/2189 5905/5905/2183 5914/5914/2198
f 5904/5904/2189 5914/5914/2198 5913/5913/2197
f 5907/5907/2191 5906/5906/2190 5915/5915/2199
f 5907/5907/2191 5915/5915/2199 5916/5916/2200
f 5906/5906/2190 5908/5908/2192 5917/5917/1058
f 5906/5906/2190 5917/5917/1058 5915/5915/2199
f 5908/5908/2192 5909/5909/2193 5918/5918/2201
f 5908/5908/2192 5918/5918/2201 5917/5917/1058
f 5909/5909/2193 5910/5910/2194 5919/5919/2202
f 5909/5909/2193 5919/5919/2202 5918/5918/2201
f 5910/5910/2194 5911/5911/2195 5920/5920/2203
f 5910/5910/2194 5920/5920/2203 5919/5919/2202
f 5911/5911/2195 5912/5912/2196 5921/5921/1057
f 5911/5911/2195 5921/5921/1057 5920/5920/2203
f 5912/5912/2196 5913/5913/2197 5922/5922/2204
f 5912/5912/2196 5922/5922/2204 5921/5921/1057
f 5913/5913/2197 5914/5914/2198 5923/5923/2200
f 5913/5913/2197 5923/5923/2200 5922/5922/2204
f 5916/5916/2200 5915/5915/2199 5924/5924/2205
f 5916/5916/2200 5924/5924/2205 5925/5925/2206
f 5915/5915/2199 5917/5917/1058 5926/5926/2207
f 5915/5915/2199 5926/5926/2207 5924/5924/2205
f 5917/5917/1058 5918/5918/2201 5927/5927/2208
f 5917/5917/1058 5927/5927/2208 5926/5926/2207
f 5918/5918/2201 5919/5919/2202 5928/5928/2209
f 5918/5918/2201 5928/5928/2209 5927/5927/2208
f 5919/5919/2202 5920/5920/2203 5929/5929/2210
f 5919/5919/2202 5929/5929/2210 5928/5928/2209
f 5920/5920/2203 5921/5921/1057 5930/5930/2211
f 5920/5920/2203 5930/5930/2211 5929/5929/2210
f 5921/5921/1057 5922/5922/2204 5931/5931/2212
f 5921/5921/1057 5931/5931/2212 5930/5930/2211
f 5922/5922/2204 5923/5923/2200 5932/5932/2206
f 5922/5922/2204 5932/5932/2206 5931/5931/2212
f 5925/5925/2206 5924/5924/2205 5933/5933/2213
f 5925/5925/2206 5933/5933/2213 5934/5934/2214
f 5924/5924/2205 5926/5926/2207 5935/5935/2215
f 5924/5924/2205 5935/5935/2215 5933/5933/2213
f 5926/5926/2207 5927/5927/2208 5936/5936/2216
f 5926/5926/2207 5936/5936/2216 5935/5935/2215
f 5927/5927/2208 5928/5928/2209 5937/5937/2217
f 5927/5927/2208 5937/5937/2217 5936/5936/2216
f 5928/5928/2209 5929/5929/2210 5938/5938/2218
f 5928/5928/2209 5938/5938/2218 5937/5937/2217
f 5929/5929/2210 5930/5930/2211 5939/5939/2219
f 5929/5929/2210 5939/5939/2219 5938/5938/2218
f 5930/5930/2211 5931/5931/2212 5940/5940/2220
f 5930/5930/2211 5940/5940/2220 5939/5939/2219
f 5931/5931/2212 5932/5932/2206 5941/5941/2221
f 5931/5931/2212 5941/5941/2221 5940/5940/2220
f 5934/5934/2214 5933/5933/2213 5942/5942/2222
f 5934/5934/2214 5942/5942/2222 5943/5943/2223
f 5933/5933/2213 5935/5935/2215 5944/5944/2224
f 5933/5933/2213 5944/5944/2224 5942/5942/2222
f 5935/5935/2215 5936/5936/2216 5945/5945/2225
f 5935/5935/2215 5945/5945/2225 5944/5944/2224
f 5936/5936/2216 5937/5937/2217 5946/5946/2226
f 5936/5936/2216 5946/5946/2226 5945/5945/2225
f 5937/5937/2217 5938/5938/2218 5947/5947/2227
f 5937/5937/2217 5947/5947/2227 5946/5946/2226
f 5938/5938/2218 5939/5939/2219 5948/5948/2228
f 5938/5938/2218 5948/5948/2228 5947/5947/2227
f 5939/5939/2219 5940/5940/2220 5949/5949/2229
f 5939/5939/2219 5949/5949/2229 5948/5948/2228
f 5940/5940/2220 5941/5941/2221 5950/5950/2223
f 5940/5940/2220 5950/5950/2223 5949/5949/2229
f 5943/5943/2223 5942/5942/2222 5951/5951/2230
f 5943/5943/2223 5951/5951/2230 5952/5952/2231
f 5942/5942/2222 5944/5944/2224 5953/5953/2232
f 5942/5942/2222 5953/5953/2232 5951/5951/2230
f 5944/5944/2224 5945/5945/2225 5954/5954/2233
f 5944/5944/2224 5954/5954/2233 5953/5953/2232
f 5945/5945/2225 5946/5946/2226 5955/5955/2234
f 5945/5945/2225 5955/5955/2234 5954/5954/2233
f 5946/5946/2226 5947/5947/2227 5956/5956/2235
f 5946/5946/2226 5956/5956/2235 5955/5955/2234
f 5947/5947/2227 5948/5948/2228 5957/5957/2236
f 5947/5947/2227 5957/5957/2236 5956/5956/2235
f 5948/5948/2228 5949/5949/2229 5958/5958/2237
f 5948/5948/2228 5958/5958/2237 5957/5957/2236
f 5949/5949/2229 5950/5950/2223 5959/5959/2231
f 5949/5949/2229 5959/5959/2231 5958/5958/2237
f 5952/5952/2231 5951/5951/2230 5960/5960/2238
f 5952/5952/2231 5960/5960/2238 5961/5961/2239
f 5951/5951/2230 5953/5953/2232 5962/5962/2224
f 5951/5951/2230 5962/5962/2224 5960/5960/2238
f 5953/5953/2232 5954/5954/2233 5963/5963/2240
f 5953/5953/2232 5963/5963/2240 5962/5962/2224
f 5954/5954/2233 5955/5955/2234 5964/5964/2241
f 5954/5954/2233 5964/5964/2241 5963/5963/2240
f 5955/5955/2234 5956/5956/2235 5965/5965/2242
f 5955/5955/2234 5965/5965/2242 5964/5964/2241
f 5956/5956/2235 5957/5957/2236 5966/5966/2243
f 5956/5956/2235 5966/5966/2243 5965/5965/2242
f 5957/5957/2236 5958/5958/2237 5967/5967/2244
f 5957/5957/2236 5967/5967/2244 5966/5966/2243
f 5958/5958/2237 5959/5959/2231 5968/5968/2239
f 5958/5958/2237 5968/5968/2239 5967/5967/2244
f 5961/5961/2239 5960/5960/2238 5969/5969/2245
f 5961/5961/2239 5969/5969/2245 5970/5970/2246
f 5960/5960/2238 5962/5962/2224 5971/5971/2247
f 5960/5960/2238 5971/5971/2247 5969/5969/2245
f 5962/5962/2224 5963/5963/2240 5972/5972/2248
f 5962/5962/2224 5972/5972/2248 5971/5971/2247
f 5963/5963/2240 5964/5964/2241 5973/5973/2249
f 5963/5963/2240 5973/5973/2249 5972/5972/2248
f 5964/5964/2241 5965/5965/2242 5974/5974/2250
f 5964/5964/2241 5974/5974/2250 5973/5973/2249
f 5965/5965/2242 5966/5966/2243 5975/5975/2251
f 5965/5965/2242 5975/5975/2251 5974/5974/2250
f 5966/5966/2243 5967/5967/2244 5976/5976/2252
f 5966/5966/2243 5976/5976/2252 5975/5975/2251
f 5967/5967/2244 5968/5968/2239 5977/5977/2246
f 5967/5967/2244 5977/5977/2246 5976/5976/2252
f 5970/5970/2246 5969/5969/2245 5978/5978/2253
f 5970/5970/2246 5978/5978/2253 5979/5979/2254
f 5969/5969/2245 5971/5971/2247 5980/5980/2255
f 5969/5969/2245 5980/5980/2255 5978/5978/2253
f 5971/5971/2247 5972/5972/2248 5981/5981/2256
f 5971/5971/2247 5981/5981/2256 5980/5980/2255
f 5972/5972/2248 5973/5973/2249 5982/5982/2257
f 5972/5972/2248 5982/5982/2257 5981/5981/2256
f 5973/5973/2249 5974/5974/2250 5983/5983/2258
f 5973/5973/2249 5983/5983/2258 5982/5982/2257
f 5974/5974/2250 5975/5975/2251 5984/5984/2259
f 5974/5974/2250 5984/5984/2259 5983/5983/2258
f 5975/5975/2251 5976/5976/2252 5985/5985/2260
f 5975/5975/2251 5985/5985/2260 5984/5984/2259
f 5976/5976/2252 5977/5977/2246 5986/5986/2254
f 5976/5976/2252 5986/5986/2254 5985/5985/2260
f 5979/5979/2254 5978/5978/2253 5987/5987/2261
f 5979/5979/2254 5987/5987/2261 5988/5988/2254
f 5978/5978/2253 5980/5980/2255 5989/5989/2262
f 5978/5978/2253 5989/5989/2262 5987/5987/2261
f 5980/5980/2255 5981/5981/2256 5990/5990/2263
f 5980/5980/2255 5990/5990/2263 5989/5989/2262
f 5981/5981/2256 5982/5982/2257 5991/5991/2257
f 5981/5981/2256 5991/5991/2257 5990/5990/2263
f 5982/5982/2257 5983/5983/2258 5992/5992/2264
f 5982/5982/2257 5992/5992/2264 5991/5991/2257
f 5983/5983/2258 5984/5984/2259 5993/5993/2265
f 5983/5983/2258 5993/5993/2265 5992/5992/2264
f 5984/5984/2259 5985/5985/2260 5994/5994/2266
f 5984/5984/2259 5994/5994/2266 5993/5993/2265
f 5985/5985/2260 5986/5986/2254 5995/5995/2254
f 5985/5985/2260 5995/5995/2254 5994/5994/2266
f 5988/5988/2254 5987/5987/2261 5996/5996/2267
f 5988/5988/2254 5996/5996/2267 5997/5997/2268
f 5987/5987/2261 5989/5989/2262 5998/5998/2269
f 5987/5987/2261 5998/5998/2269 5996/5996/2267
f 5989/5989/2262 5990/5990/2263 5999/5999/2270
f 5989/5989/2262 5999/5999/2270 5998/5998/2269
f 5990/5990/2263 5991/5991/2257 6000/6000/2271
f 5990/5990/2263 6000/6000/2271 5999/5999/2270
f 5991/5991/2257 5992/5992/2264 6001/6001/2272
f 5991/5991/2257 6001/6001/2272 6000/6000/2271
f 5992/5992/2264 5993/5993/2265 6002/6002/2273
f 5992/5992/2264 6002/6002/2273 6001/6001/2272
f 5993/5993/2265 5994/5994/2266 6003/6003/2274
f 5993/5993/2265 6003/6003/2274 6002/6002/2273
f 5994/5994/2266 5995/5995/2254 6004/6004/2268
f 5994/5994/2266 6004/6004/2268 6003/6003/2274
f 5997/5997/2268 5996/5996/2267 6005/6005/2275
f 5997/5997/2268 6005/6005/2275 6006/6006/2276
f 5996/5996/2267 5998/5998/2269 6007/6007/2277
f 5996/5996/2267 6007/6007/2277 6005/6005/2275
f 5998/5998/2269 5999/5999/2270 6008/6008/2278
f 5998/5998/2269 6008/6008/2278 6007/6007/2277
f 5999/5999/2270 6000/6000/2271 6009/6009/2279
f 5999/5999/2270 6009/6009/2279 6008/6008/2278
f 6000/6000/2271 6001/6001/2272 6010/6010/2280
f 6000/6000/2271 6010/6010/2280 6009/6009/2279
f 6001/6001/2272 6002/6002/2273 6011/6011/2281
f 6001/6001/2272 6011/6011/2281 6010/6010/2280
f 6002/6002/2273 6003/6003/2274 6012/6012/2282
f 6002/6002/2273 6012/6012/2282 6011/6011/2281
f 6003/6003/2274 6004/6004/2268 6013/6013/2276
f 6003/6003/2274 6013/6013/2276 6012/6012/2282
f 6006/6006/2276 6005/6005/2275 6014/6014/2283
f 6006/6006/2276 6014/6014/2283 6015/6015/2284
f 6005/6005/2275 6007/6007/2277 6016/6016/2285
f 6005/6005/2275 6016/6016/2285 6014/6014/2283
f 6007/6007/2277 6008/6008/2278 6017/6017/2286
f 6007/6007/2277 6017/6017/2286 6016/6016/2285
f 6008/6008/2278 6009/6009/2279 6018/6018/2287
f 6008/6008/2278 6018/6018/2287 6017/6017/2286
f 6009/6009/2279 6010/6010/2280 6019/6019/2288
f 6009/6009/2279 6019/6019/2288 6018/6018/2287
f 6010/6010/2280 6011/6011/2281 6020/6020/2289
f 6010/6010/2280 6020/6020/2289 6019/6019/2288
f 6011/6011/2281 6012/6012/2282 6021/6021/2290
f 6011/6011/2281 6021/6021/2290 6020/6020/2289
f 6012/6012/2282 6013/6013/2276 6022/6022/2284
f 6012/6012/2282 6022/6022/2284 6021/6021/2290
f 6015/6015/2284 6014/6014/2283 6023/6023/2291
f 6015/6015/2284 6023/6023/2291 6024/6024/2292
f 6014/6014/2283 6016/6016/2285 6025/6025/2293
f 6014/6014/2283 6025/6025/2293 6023/6023/2291
f 6016/6016/2285 6017/6017/2286 6026/6026/2294
f 6016/6016/2285 6026/6026/2294 6025/6025/2293
f 6017/6017/2286 6018/6018/2287 6027/6027/2295
f 6017/6017/2286 6027/6027/2295 6026/6026/2294
f 6018/6018/2287 6019/6019/2288 6028/6028/2296
f 6018/6018/2287 6028/6028/2296 6027/6027/2295
f 6019/6019/2288 6020/6020/2289 6029/6029/2297
f 6019/6019/2288 6029/6029/2297 6028/6028/2296
f 6020/6020/2289 6021/6021/2290 6030/6030/2298
f 6020/6020/2289 6030/6030/2298 6029/6029/2297
f 6021/6021/2290 6022/6022/2284 6031/6031/2299
f 6021/6021/2290 6031/6031/2299 6030/6030/2298
f 6024/6024/2292 6023/6023/2291 6032/6032/2300
f 6024/6024/2292 6032/6032/2300 6033/6033/2301
f 6023/6023/2291 6025/6025/2293 6034/6034/2302
f 6023/6023/2291 6034/6034/2302 6032/6032/2300
f 6025/6025/2293 6026/6026/2294 6035/6035/2303
f 6025/6025/2293 6035/6035/2303 6034/6034/2302
f 6026/6026/2294 6027/6027/2295 6036/6036/2304
f 6026/6026/2294 6036/6036/2304 6035/6035/2303
f 6027/6027/2295 6028/6028/2296 6037/6037/2305
f 6027/6027/2295 6037/6037/2305 6036/6036/2304
f 6028/6028/2296 6029/6029/2297 6038/6038/2306
f 6028/6028/2296 6038/6038/2306 6037/6037/2305
f 6029/6029/2297 6030/6030/2298 6039/6039/2307
f 6029/6029/2297 6039/6039/2307 6038/6038/2306
f 6030/6030/2298 6031/6031/2299 6040/6040/2301
f 6030/6030/2298 6040/6040/2301 6039/6039/2307
f 6033/6033/2301 6032/6032/2300 6041/6041/2308
f 6033/6033/2301 6041/6041/2308 6042/6042/2309
f 6032/6032/2300 6034/6034/2302 6043/6043/2310
f 6032/6032/2300 6043/6043/2310 6041/6041/2308
f 6034/6034/2302 6035/6035/2303 6044/6044/2311
f 6034/6034/2302 6044/6044/2311 6043/6043/2310
f 6035/6035/2303 6036/6036/2304 6045/6045/2312
f 6035/6035/2303 6045/6045/2312 6044/6044/2311
f 6036/6036/2304 6037/6037/2305 6046/6046/2313
f 6036/6036/2304 6046/6046/2313 6045/6045/2312
f 6037/6037/2305 6038/6038/2306 6047/6047/2314
f 6037/6037/2305 6047/6047/2314 6046/6046/2313
f 6038/6038/2306 6039/6039/2307 6048/6048/2315
f 6038/6038/2306 6048/6048/2315 6047/6047/2314
f 6039/6039/2307 6040/6040/2301 6049/6049/2316
f 6039/6039/2307 6049/6049/2316 6048/6048/2315
f 6042/6042/2309 6041/6041/2308 6050/6050/2317
f 6042/6042/2309 6050/6050/2317 6051/6051/2318
f 6041/6041/2308 6043/6043/2310 6052/6052/2319
f 6041/6041/2308 6052/6052/2319 6050/6050/2317
f 6043/6043/2310 6044/6044/2311 6053/6053/2320
f 6043/6043/2310 6053/6053/2320 6052/6052/2319
f 6044/6044/2311 6045/6045/2312 6054/6054/2321
f 6044/6044/2311 6054/6054/2321 6053/6053/2320
f 6045/6045/2312 6046/6046/2313 6055/6055/2322
f 6045/6045/2312 6055/6055/2322 6054/6054/2321
f 6046/6046/2313 6047/6047/2314 6056/6056/2323
f 6046/6046/2313 6056/6056/2323 6055/6055/2322
f 6047/6047/2314 6048/6048/2315 6057/6057/2324
f 6047/6047/2314 6057/6057/2324 6056/6056/2323
f 6048/6048/2315 6049/6049/2316 6058/6058/2318
f 6048/6048/2315 6058/6058/2318 6057/6057/2324
f 6051/6051/2318 6050/6050/2317 6059/6059/2325
f 6051/6051/2318 6059/6059/2325 6060/6060/2326
f 6050/6050/2317 6052/6052/2319 6061/6061/2327
f 6050/6050/2317 6061/6061/2327 6059/6059/2325
f 6052/6052/2319 6053/6053/2320 6062/6062/2328
f 6052/6052/2319 6062/6062/2328 6061/6061/2327
f 6053/6053/2320 6054/6054/2321 6063/6063/2329
f 6053/6053/2320 6063/6063/2329 6062/6062/2328
f 6054/6054/2321 6055/6055/2322 6064/6064/2330
f 6054/6054/2321 6064/6064/2330 6063/6063/2329
f 6055/6055/2322 6056/6056/2323 6065/6065/2331
f 6055/6055/2322 6065/6065/2331 6064/6064/2330
f 6056/6056/2323 6057/6057/2324 6066/6066/2332
f 6056/6056/2323 6066/6066/2332 6065/6065/2331
f 6057/6057/2324 6058/6058/2318 6067/6067/2326
f 6057/6057/2324 6067/6067/2326 6066/6066/2332
f 6060/6060/2326 6059/6059/2325 6068/6068/2333
f 6060/6060/2326 6068/6068/2333 6069/6069/2334
f 6059/6059/2325 6061/6061/2327 6070/6070/2335
f 6059/6059/2325 6070/6070/2335 6068/6068/2333
f 6061/6061/2327 6062/6062/2328 6071/6071/2336
f 6061/6061/2327 6071/6071/2336 6070/6070/2335
f 6062/6062/2328 6063/6063/2329 6072/6072/2337
f 6062/6062/2328 6072/6072/2337 6071/6071/2336
f 6063/6063/2329 6064/6064/2330 6073/6073/2338
f 6063/6063/2329 6073/6073/2338 6072/6072/2337
f 6064/6064/2330 6065/6065/2331 6074/6074/2339
f 6064/6064/2330 6074/6074/2339 6073/6073/2338
f 6065/6065/2331 6066/6066/2332 6075/6075/2340
f 6065/6065/2331 6075/6075/2340 6074/6074/2339
f 6066/6066/2332 6067/6067/2326 6076/6076/2334
f 6066/6066/2332 6076/6076/2334 6075/6075/2340
f 6069/6069/2334 6068/6068/2333 6077/6077/2341
f 6069/6069/2334 6077/6077/2341 6078/6078/2342
f 6068/6068/2333 6070/6070/2335 6079/6079/2343
f 6068/6068/2333 6079/6079/2343 6077/6077/2341
f 6070/6070/2335 6071/6071/2336 6080/6080/2344
f 6070/6070/2335 6080/6080/2344 6079/6079/2343
f 6071/6071/2336 6072/6072/2337 6081/6081/2345
f 6071/6071/2336 6081/6081/2345 6080/6080/2344
f 6072/6072/2337 6073/6073/2338 6082/6082/2346
f 6072/6072/2337 6082/6082/2346 6081/6081/2345
f 6073/6073/2338 6074/6074/2339 6083/6083/2347
f 6073/6073/2338 6083/6083/2347 6082/6082/2346
f 6074/6074/2339 6075/6075/2340 6084/6084/2348
f 6074/6074/2339 6084/6084/2348 6083/6083/2347
f 6075/6075/2340 6076/6076/2334 6085/6085/2342
f 6075/6075/2340 6085/6085/2342 6084/6084/2348
f 6078/6078/2342 6077/6077/2341 6086/6086/2349
f 6078/6078/2342 6086/6086/2349 6087/6087/2350
f 6077/6077/2341 6079/6079/2343 6088/6088/2351
f 6077/6077/2341 6088/6088/2351 6086/6086/2349
f 6079/6079/2343 6080/6080/2344 6089/6089/2352
f 6079/6079/2343 6089/6089/2352 6088/6088/2351
f 6080/6080/2344 6081/6081/2345 6090/6090/2353
f 6080/6080/2344 6090/6090/2353 6089/6089/2352
f 6081/6081/2345 6082/6082/2346 6091/6091/2354
f 6081/6081/2345 6091/6091/2354 6090/6090/2353
f 6082/6082/2346 6083/6083/2347 6092/6092/2355
f 6082/6082/2346 6092/6092/2355 6091/6091/2354
f 6083/6083/2347 6084/6084/2348 6093/6093/2356
f 6083/6083/2347 6093/6093/2356 6092/6092/2355
f 6084/6084/2348 6085/6085/2342 6094/6094/2350
f 6084/6084/2348 6094/6094/2350 6093/6093/2356
f 6087/6087/2350 6086/6086/2349 6095/6095/2357
f 6087/6087/2350 6095/6095/2357 6096/6096/2358
f 6086/6086/2349 6088/6088/2351 6097/6097/2359
f 6086/6086/2349 6097/6097/2359 6095/6095/2357
f 6088/6088/2351 6089/6089/2352 6098/6098/2360
f 6088/6088/2351 6098/6098/2360 6097/6097/2359
f 6089/6089/2352 6090/6090/2353 6099/6099/2361
f 6089/6089/2352 6099/6099/2361 6098/6098/2360
f 6090/6090/2353 6091/6091/2354 6100/6100/2362
f 6090/6090/2353 6100/6100/2362 6099/6099/2361
f 6091/6091/2354 6092/6092/2355 6101/6101/2363
f 6091/6091/2354 6101/6101/2363 6100/6100/2362
f 6092/6092/2355 6093/6093/2356 6102/6102/2364
f 6092/6092/2355 6102/6102/2364 6101/6101/2363
f 6093/6093/2356 6094/6094/2350 6103/6103/2358
f 6093/6093/2356 6103/6103/2358 6102/6102/2364
f 6096/6096/2358 6095/6095/2357 6104/6104/2365
f 6096/6096/2358 6104/6104/2365 6105/6105/2366
f 6095/6095/2357 6097/6097/2359 6106/6106/2367
f 6095/6095/2357 6106/6106/2367 6104/6104/2365
f 6097/6097/2359 6098/6098/2360 6107/6107/2368
f 6097/6097/2359 6107/6107/2368 6106/6106/2367
f 6098/6098/2360 6099/6099/2361 6108/6108/2369
f 6098/6098/2360 6108/6108/2369 6107/6107/2368
f 6099/6099/2361 6100/6100/2362 6109/6109/2370
f 6099/6099/2361 6109/6109/2370 6108/6108/2369
f 6100/6100/2362 6101/6101/2363 6110/6110/2371
f 6100/6100/2362 6110/6110/2371 6109/6109/2370
f 6101/6101/2363 6102/6102/2364 6111/6111/2372
f 6101/6101/2363 6111/6111/2372 6110/6110/2371
f 6102/6102/2364 6103/6103/2358 6112/6112/2366
f 6102/6102/2364 6112/6112/2366 6111/6111/2372
f 6105/6105/2366 6104/6104/2365 6113/6113/2373
f 6105/6105/2366 6113/6113/2373 6114/6114/2374
f 6104/6104/2365 6106/6106/2367 6115/6115/2375
f 6104/6104/2365 6115/6115/2375 6113/6113/2373
f 6106/6106/2367 6107/6107/2368 6116/6116/2376
f 6106/6106/2367 6116/6116/2376 6115/6115/2375
f 6107/6107/2368 6108/6108/2369 6117/6117/2377
f 6107/6107/2368 6117/6117/2377 6116/6116/2376
f 6108/6108/2369 6109/6109/2370 6118/6118/2378
f 6108/6108/2369 6118/6118/2378 6117/6117/2377
f 6109/6109/2370 6110/6110/2371 6119/6119/2379
f 6109/6109/2370 6119/6119/2379 6118/6118/2378
f 6110/6110/2371 6111/6111/2372 6120/6120/2380
f 6110/6110/2371 6120/6120/2380 6119/6119/2379
f 6111/6111/2372 6112/6112/2366 6121/6121/2374
f 6111/6111/2372 6121/6121/2374 6120/6120/2380
f 6114/6114/2374 6113/6113/2373 6122/6122/2381
f 6114/6114/2374 6122/6122/2381 6123/6123/2382
f 6113/6113/2373 6115/6115/2375 6124/6124/2383
f 6113/6113/2373 6124/6124/2383 6122/6122/2381
f 6115/6115/2375 6116/6116/2376 6125/6125/2384
f 6115/6115/2375 6125/6125/2384 6124/6124/2383
f 6116/6116/2376 6117/6117/2377 6126/6126/2385
f 6116/6116/2376 6126/6126/2385 6125/6125/2384
f 6117/6117/2377 6118/6118/2378 6127/6127/2386
f 6117/6117/2377 6127/6127/2386 6126/6126/2385
f 6118/6118/2378 6119/6119/2379 6128/6128/2387
f 6118/6118/2378 6128/6128/2387 6127/6127/2386
f 6119/6119/2379 6120/6120/2380 6129/6129/2388
f 6119/6119/2379 6129/6129/2388 6128/6128/2387
f 6120/6120/2380 6121/6121/2374 6130/6130/2382
f 6120/6120/2380 6130/6130/2382 6129/6129/2388
f 6123/6123/2382 6122/6122/2381 6131/6131/2389
f 6123/6123/2382 6131/6131/2389 6132/6132/2390
f 6122/6122/2381 6124/6124/2383 6133/6133/2391
f 6122/6122/2381 6133/6133/2391 6131/6131/2389
f 6124/6124/2383 6125/6125/2384 6134/6134/2392
f 6124/6124/2383 6134/6134/2392 6133/6133/2391
f 6125/6125/2384 6126/6126/2385 6135/6135/2393
f 6125/6125/2384 6135/6135/2393 6134/6134/2392
f 6126/6126/2385 6127/6127/2386 6136/6136/2394
f 6126/6126/2385 6136/6136/2394 6135/6135/2393
f 6127/6127/2386 6128/6128/2387 6137/6137/2395
f 6127/6127/2386 6137/6137/2395 6136/6136/2394
f 6128/6128/2387 6129/6129/2388 6138/6138/2396
f 6128/6128/2387 6138/6138/2396 6137/6137/2395
f 6129/6129/2388 6130/6130/2382 6139/6139/2390
f 6129/6129/2388 6139/6139/2390 6138/6138/2396
f 6132/6132/2390 6131/6131/2389 6140/6140/2397
f 6132/6132/2390 6140/6140/2397 6141/6141/2398
f 6131/6131/2389 6133/6133/2391 6142/6142/2399
f 6131/6131/2389 6142/6142/2399 6140/6140/2397
f 6133/6133/2391 6134/6134/2392 6143/6143/2400
f 6133/6133/2391 6143/6143/2400 6142/6142/2399
f 6134/6134/2392 6135/6135/2393 6144/6144/2401
f 6134/6134/2392 6144/6144/2401 6143/6143/2400
f 6135/6135/2393 6136/6136/2394 6145/6145/2402
f 6135/6135/2393 6145/6145/2402 6144/6144/2401
f 6136/6136/2394 6137/6137/2395 6146/6146/2403
f 6136/6136/2394 6146/6146/2403 6145/6145/2402
f 6137/6137/2395 6138/6138/2396 6147/6147/2404
f 6137/6137/2395 6147/6147/2404 6146/6146/2403
f 6138/6138/2396 6139/6139/2390 6148/6148/2398
f 6138/6138/2396 6148/6148/2398 6147/6147/2404
f 6141/6141/2398 6140/6140/2397 6149/6149/2405
f 6141/6141/2398 6149/6149/2405 6150/6150/2406
f 6140/6140/2397 6142/6142/2399 6151/6151/2407
f 6140/6140/2397 6151/6151/2407 6149/6149/2405
f 6142/6142/2399 6143/6143/2400 6152/6152/2408
f 6142/6142/2399 6152/6152/2408 6151/6151/2407
f 6143/6143/2400 6144/6144/2401 6153/6153/2409
f 6143/6143/2400 6153/6153/2409 6152/6152/2408
f 6144/6144/2401 6145/6145/2402 6154/6154/2410
f 6144/6144/2401 6154/6154/2410 6153/6153/2409
f 6145/6145/2402 6146/6146/2403 6155/6155/2411
f 6145/6145/2402 6155/6155/2411 6154/6154/2410
f 6146/6146/2403 6147/6147/2404 6156/6156/2412
f 6146/6146/2403 6156/6156/2412 6155/6155/2411
f 6147/6147/2404 6148/6148/2398 6157/6157/2406
f 6147/6147/2404 6157/6157/2406 6156/6156/2412
f 6150/6150/2406 6149/6149/2405 6158/6158/2413
f 6150/6150/2406 6158/6158/2413 6159/6159/2414
f 6149/6149/2405 6151/6151/2407 6160/6160/2415
f 6149/6149/2405 6160/6160/2415 6158/6158/2413
f 6151/6151/2407 6152/6152/2408 6161/6161/2416
f 6151/6151/2407 6161/6161/2416 6160/6160/2415
f 6152/6152/2408 6153/6153/2409 6162/6162/2417
f 6152/6152/2408 6162/6162/2417 6161/6161/2416
f 6153/6153/2409 6154/6154/2410 6163/6163/2418
f 6153/6153/2409 6163/6163/2418 6162/6162/2417
f 6154/6154/2410 6155/6155/2411 6164/6164/2419
f 6154/6154/2410 6164/6164/2419 6163/6163/2418
f 6155/6155/2411 6156/6156/2412 6165/6165/2420
f 6155/6155/2411 6165/6165/2420 6164/6164/2419
f 6156/6156/2412 6157/6157/2406 6166/6166/2414
f 6156/6156/2412 6166/6166/2414 6165/6165/2420
f 6159/6159/2414 6158/6158/2413 6167/6167/2421
f 6159/6159/2414 6167/6167/2421 6168/6168/2422
f 6158/6158/2413 6160/6160/2415 6169/6169/2423
f 6158/6158/2413 6169/6169/2423 6167/6167/2421
f 6160/6160/2415 6161/6161/2416 6170/6170/2424
f 6160/6160/2415 6170/6170/2424 6169/6169/2423
f 6161/6161/2416 6162/6162/2417 6171/6171/2425
f 6161/6161/2416 6171/6171/2425 6170/6170/2424
f 6162/6162/2417 6163/6163/2418 6172/6172/2426
f 6162/6162/2417 6172/6172/2426 6171/6171/2425
f 6163/6163/2418 6164/6164/2419 6173/6173/2427
f 6163/6163/2418 6173/6173/2427 6172/6172/2426
f 6164/6164/2419 6165/6165/2420 6174/6174/2428
f 6164/6164/2419 6174/6174/2428 6173/6173/2427
f 6165/6165/2420 6166/6166/2414 6175/6175/2422
f 6165/6165/2420 6175/6175/2422 6174/6174/2428
f 6168/6168/2422 6167/6167/2421 6176/6176/2429
f 6168/6168/2422 6176/6176/2429 6177/6177/2430
f 6167/6167/2421 6169/6169/2423 6178/6178/2431
f 6167/6167/2421 6178/6178/2431 6176/6176/2429
f 6169/6169/2423 6170/6170/2424 6179/6179/2432
f 6169/6169/2423 6179/6179/2432 6178/6178/2431
f 6170/6170/2424 6171/6171/2425 6180/6180/2433
f 6170/6170/2424 6180/6180/2433 6179/6179/2432
f 6171/6171/2425 6172/6172/2426 6181/6181/2434
f 6171/6171/2425 6181/6181/2434 6180/6180/2433
f 6172/6172/2426 6173/6173/2427 6182/6182/2435
f 6172/6172/2426 6182/6182/2435 6181/6181/2434
f 6173/6173/2427 6174/6174/2428 6183/6183/2436
f 6173/6173/2427 6183/6183/2436 6182/6182/2435
f 6174/6174/2428 6175/6175/2422 6184/6184/2430
f 6174/6174/2428 6184/6184/2430 6183/6183/2436
f 6177/6177/2430 6176/6176/2429 6185/6185/2437
f 6177/6177/2430 6185/6185/2437 6186/6186/2438
f 6176/6176/2429 6178/6178/2431 6187/6187/2439
f 6176/6176/2429 6187/6187/2439 6185/6185/2437
f 6178/6178/2431 6179/6179/2432 6188/6188/2440
f 6178/6178/2431 6188/6188/2440 6187/6187/2439
f 6179/6179/2432 6180/6180/2433 6189/6189/2441
f 6179/6179/2432 6189/6189/2441 6188/6188/2440
f 6180/6180/2433 6181/6181/2434 6190/6190/2442
f 6180/6180/2433 6190/6190/2442 6189/6189/2441
f 6181/6181/2434 6182/6182/2435 6191/6191/2443
f 6181/6181/2434 6191/6191/2443 6190/6190/2442
f 6182/6182/2435 6183/6183/2436 6192/6192/2444
f 6182/6182/2435 6192/6192/2444 6191/6191/2443
f 6183/6183/2436 6184/6184/2430 6193/6193/2445
f 6183/6183/2436 6193/6193/2445 6192/6192/2444
f 6186/6186/2438 6185/6185/2437 6194/6194/2446
f 6186/6186/2438 6194/6194/2446 6195/6195/2447
f 6185/6185/2437 6187/6187/2439 6196/6196/2448
f 6185/6185/2437 6196/6196/2448 6194/6194/2446
f 6187/6187/2439 6188/6188/2440 6197/6197/2449
f 6187/6187/2439 6197/6197/2449 6196/6196/2448
f 6188/6188/2440 6189/6189/2441 6198/6198/2450
f 6188/6188/2440 6198/6198/2450 6197/6197/2449
f 6189/6189/2441 6190/6190/2442 6199/6199/2451
f 6189/6189/2441 6199/6199/2451 6198/6198/2450
f 6190/6190/2442 6191/6191/2443 6200/6200/2452
f 6190/6190/2442 6200/6200/2452 6199/6199/2451
f 6191/6191/2443 6192/6192/2444 6201/6201/2453
f 6191/6191/2443 6201/6201/2453 6200/6200/2452
f 6192/6192/2444 6193/6193/2445 6202/6202/2447
f 6192/6192/2444 6202/6202/2447 6201/6201/2453
f 6195/6195/2447 6194/6194/2446 6203/6203/2454
f 6195/6195/2447 6203/6203/2454 6204/6204/2455
f 6194/6194/2446 6196/6196/2448 6205/6205/2456
f 6194/6194/2446 6205/6205/2456 6203/6203/2454
f 6196/6196/2448 6197/6197/2449 6206/6206/2457
f 6196/6196/2448 6206/6206/2457 6205/6205/2456
f 6197/6197/2449 6198/6198/2450 6207/6207/2458
f 6197/6197/2449 6207/6207/2458 6206/6206/2457
f 6198/6198/2450 6199/6199/2451 6208/6208/2459
f 6198/6198/2450 6208/6208/2459 6207/6207/2458
f 6199/6199/2451 6200/6200/2452 6209/6209/2460
f 6199/6199/2451 6209/6209/2460 6208/6208/2459
f 6200/6200/2452 6201/6201/2453 6210/6210/2461
f 6200/6200/2452 6210/6210/2461 6209/6209/2460
f 6201/6201/2453 6202/6202/2447 6211/6211/2455
f 6201/6201/2453 6211/6211/2455 6210/6210/2461
f 6204/6204/2455 6203/6203/2454 6212/6212/2462
f 6204/6204/2455 6212/6212/2462 6213/6213/2463
f 6203/6203/2454 6205/6205/2456 6214/6214/2464
f 6203/6203/2454 6214/6214/2464 6212/6212/2462
f 6205/6205/2456 6206/6206/2457 6215/6215/2465
f 6205/6205/2456 6215/6215/2465 6214/6214/2464
f 6206/6206/2457 6207/6207/2458 6216/6216/2466
f 6206/6206/2457 6216/6216/2466 6215/6215/2465
f 6207/6207/2458 6208/6208/2459 6217/6217/2467
f 6207/6207/2458 6217/6217/2467 6216/6216/2466
f 6208/6208/2459 6209/6209/2460 6218/6218/2468
f 6208/6208/2459 6218/6218/2468 6217/6217/2467
f 6209/6209/2460 6210/6210/2461 6219/6219/2469
f 6209/6209/2460 6219/6219/2469 6218/6218/2468
f 6210/6210/2461 6211/6211/2455 6220/6220/2463
f 6210/6210/2461 6220/6220/2463 6219/6219/2469
f 6213/6213/2463 6212/6212/2462 6221/6221/2470
f 6213/6213/2463 6221/6221/2470 6222/6222/2471
f 6212/6212/2462 6214/6214/2464 6223/6223/2472
f 6212/6212/2462 6223/6223/2472 6221/6221/2470
f 6214/6214/2464 6215/6215/2465 6224/6224/2473
f 6214/6214/2464 6224/6224/2473 6223/6223/2472
f 6215/6215/2465 6216/6216/2466 6225/6225/2474
f 6215/6215/2465 6225/6225/2474 6224/6224/2473
f 6216/6216/2466 6217/6217/2467 6226/6226/2475
f 6216/6216/2466 6226/6226/2475 6225/6225/2474
f 6217/6217/2467 6218/6218/2468 6227/6227/2476
f 6217/6217/2467 6227/6227/2476 6226/6226/2475
f 6218/6218/2468 6219/6219/2469 6228/6228/2477
f 6218/6218/2468 6228/6228/2477 6227/6227/2476
f 6219/6219/2469 6220/6220/2463 6229/6229/2471
f 6219/6219/2469 6229/6229/2471 6228/6228/2477
f 6222/6222/2471 6221/6221/2470 6230/6230/2478
f 6222/6222/2471 6230/6230/2478 6231/6231/2479
f 6221/6221/2470 6223/6223/2472 6232/6232/2480
f 6221/6221/2470 6232/6232/2480 6230/6230/2478
f 6223/6223/2472 6224/6224/2473 6233/6233/2481
f 6223/6223/2472 6233/6233/2481 6232/6232/2480
f 6224/6224/2473 6225/6225/2474 6234/6234/2482
f 6224/6224/2473 6234/6234/2482 6233/6233/2481
f 6225/6225/2474 6226/6226/2475 6235/6235/2483
f 6225/6225/2474 6235/6235/2483 6234/6234/2482
f 6226/6226/2475 6227/6227/2476 6236/6236/2484
f 6226/6226/2475 6236/6236/2484 6235/6235/2483
f 6227/6227/2476 6228/6228/2477 6237/6237/2485
f 6227/6227/2476 6237/6237/2485 6236/6236/2484
f 6228/6228/2477 6229/6229/2471 6238/6238/2479
f 6228/6228/2477 6238/6238/2479 6237/6237/2485
f 6231/6231/2479 6230/6230/2478 6239/6239/2486
f 6231/6231/2479 6239/6239/2486 6240/6240/2487
f 6230/6230/2478 6232/6232/2480 6241/6241/2488
f 6230/6230/2478 6241/6241/2488 6239/6239/2486
f 6232/6232/2480 6233/6233/2481 6242/6242/2489
f 6232/6232/2480 6242/6242/2489 6241/6241/2488
f 6233/6233/2481 6234/6234/2482 6243/6243/2490
f 6233/6233/2481 6243/6243/2490 6242/6242/2489
f 6234/6234/2482 6235/6235/2483 6244/6244/2491
f 6234/6234/2482 6244/6244/2491 6243/6243/2490
f 6235/6235/2483 6236/6236/2484 6245/6245/2492
f 6235/6235/2483 6245/6245/2492 6244/6244/2491
f 6236/6236/2484 6237/6237/2485 6246/6246/2493
f 6236/6236/2484 6246/6246/2493 6245/6245/2492
f 6237/6237/2485 6238/6238/2479 6247/6247/2487
f 6237/6237/2485 6247/6247/2487 6246/6246/2493
f 6240/6240/2487 6239/6239/2486 6248/6248/2494
f 6240/6240/2487 6248/6248/2494 6249/6249/2495
f 6239/6239/2486 6241/6241/2488 6250/6250/2496
f 6239/6239/2486 6250/6250/2496 6248/6248/2494
f 6241/6241/2488 6242/6242/2489 6251/6251/2497
f 6241/6241/2488 6251/6251/2497 6250/6250/2496
f 6242/6242/2489 6243/6243/2490 6252/6252/2498
f 6242/6242/2489 6252/6252/2498 6251/6251/2497
f 6243/6243/2490 6244/6244/2491 6253/6253/2499
f 6243/6243/2490 6253/6253/2499 6252/6252/2498
f 6244/6244/2491 6245/6245/2492 6254/6254/2500
f 6244/6244/2491 6254/6254/2500 6253/6253/2499
f 6245/6245/2492 6246/6246/2493 6255/6255/2501
f 6245/6245/2492 6255/6255/2501 6254/6254/2500
f 6246/6246/2493 6247/6247/2487 6256/6256/2495
f 6246/6246/2493 6256/6256/2495 6255/6255/2501
f 6249/6249/2495 6248/6248/2494 6257/6257/2502
f 6249/6249/2495 6257/6257/2502 6258/6258/2503
f 6248/6248/2494 6250/6250/2496 6259/6259/2504
f 6248/6248/2494 6259/6259/2504 6257/6257/2502
f 6250/6250/2496 6251/6251/2497 6260/6260/2505
f 6250/6250/2496 6260/6260/2505 6259/6259/2504
f 6251/6251/2497 6252/6252/2498 6261/6261/2506
f 6251/6251/2497 6261/6261/2506 6260/6260/2505
f 6252/6252/2498 6253/6253/2499 6262/6262/2507
f 6252/6252/2498 6262/6262/2507 6261/6261/2506
f 6253/6253/2499 6254/6254/2500 6263/6263/2508
f 6253/6253/2499 6263/6263/2508 6262/6262/2507
f 6254/6254/2500 6255/6255/2501 6264/6264/2509
f 6254/6254/2500 6264/6264/2509 6263/6263/2508
f 6255/6255/2501 6256/6256/2495 6265/6265/2503
f 6255/6255/2501 6265/6265/2503 6264/6264/2509
f 6258/6258/2503 6257/6257/2502 6266/6266/2510
f 6258/6258/2503 6266/6266/2510 6267/6267/2511
f 6257/6257/2502 6259/6259/2504 6268/6268/2512
f 6257/6257/2502 6268/6268/2512 6266/6266/2510
f 6259/6259/2504 6260/6260/2505 6269/6269/2513
f 6259/6259/2504 6269/6269/2513 6268/6268/2512
f 6260/6260/2505 6261/6261/2506 6270/6270/2514
f 6260/6260/2505 6270/6270/2514 6269/6269/2513
f 6261/6261/2506 6262/6262/2507 6271/6271/2515
f 6261/6261/2506 6271/6271/2515 6270/6270/2514
f 6262/6262/2507 6263/6263/2508 6272/6272/2516
f 6262/6262/2507 6272/6272/2516 6271/6271/2515
f 6263/6263/2508 6264/6264/2509 6273/6273/2517
f 6263/6263/2508 6273/6273/2517 6272/6272/2516
f 6264/6264/2509 6265/6265/2503 6274/6274/2511
f 6264/6264/2509 6274/6274/2511 6273/6273/2517
f 6267/6267/2511 6266/6266/2510 6275/6275/2518
f 6267/6267/2511 6275/6275/2518 6276/6276/2519
f 6266/6266/2510 6268/6268/2512 6277/6277/1811
f 6266/6266/2510 6277/6277/1811 6275/6275/2518
f 6268/6268/2512 6269/6269/2513 6278/6278/2520
f 6268/6268/2512 6278/6278/2520 6277/6277/1811
f 6269/6269/2513 6270/6270/2514 6279/6279/2521
f 6269/6269/2513 6279/6279/2521 6278/6278/2520
f 6270/6270/2514 6271/6271/2515 6280/6280/2522
f 6270/6270/2514 6280/6280/2522 6279/6279/2521
f 6271/6271/2515 6272/6272/2516 6281/6281/2523
f 6271/6271/2515 6281/6281/2523 6280/6280/2522
f 6272/6272/2516 6273/6273/2517 6282/6282/2524
f 6272/6272/2516 6282/6282/2524 6281/6281/2523
f 6273/6273/2517 6274/6274/2511 6283/6283/2519
f 6273/6273/2517 6283/6283/2519 6282/6282/2524
f 6276/6276/2519 6275/6275/2518 6284/6284/2525
f 6276/6276/2519 6284/6284/2525 6285/6285/2526
f 6275/6275/2518 6277/6277/1811 6286/6286/2527
f 6275/6275/2518 6286/6286/2527 6284/6284/2525
f 6277/6277/1811 6278/6278/2520 6287/6287/2528
f 6277/6277/1811 6287/6287/2528 6286/6286/2527
f 6278/6278/2520 6279/6279/2521 6288/6288/2529
f 6278/6278/2520 6288/6288/2529 6287/6287/2528
f 6279/6279/2521 6280/6280/2522 6289/6289/2530
f 6279/6279/2521 6289/6289/2530 6288/6288/2529
f 6280/6280/2522 6281/6281/2523 6290/6290/2531
f 6280/6280/2522 6290/6290/2531 6289/6289/2530
f 6281/6281/2523 6282/6282/2524 6291/6291/2532
f 6281/6281/2523 6291/6291/2532 6290/6290/2531
f 6282/6282/2524 6283/6283/2519 6292/6292/2526
f 6282/6282/2524 6292/6292/2526 6291/6291/2532
f 6285/6285/2526 6284/6284/2525 6293/6293/2533
f 6285/6285/2526 6293/6293/2533 6294/6294/2534
f 6284/6284/2525 6286/6286/2527 6295/6295/2535
f 6284/6284/2525 6295/6295/2535 6293/6293/2533
f 6286/6286/2527 6287/6287/2528 6296/6296/2536
f 6286/6286/2527 6296/6296/2536 6295/6295/2535
f 6287/6287/2528 6288/6288/2529 6297/6297/2537
f 6287/6287/2528 6297/6297/2537 6296/6296/2536
f 6288/6288/2529 6289/6289/2530 6298/6298/2538
f 6288/6288/2529 6298/6298/2538 6297/6297/2537
f 6289/6289/2530 6290/6290/2531 6299/6299/2539
f 6289/6289/2530 6299/6299/2539 6298/6298/2538
f 6290/6290/2531 6291/6291/2532 6300/6300/2540
f 6290/6290/2531 6300/6300/2540 6299/6299/2539
f 6291/6291/2532 6292/6292/2526 6301/6301/2534
f 6291/6291/2532 6301/6301/2534 6300/6300/2540
f 6294/6294/2534 6293/6293/2533 6302/6302/2541
f 6294/6294/2534 6302/6302/2541 6303/6303/2542
f 6293/6293/2533 6295/6295/2535 6304/6304/2543
f 6293/6293/2533 6304/6304/2543 6302/6302/2541
f 6295/6295/2535 6296/6296/2536 6305/6305/2544
f 6295/6295/2535 6305/6305/2544 6304/6304/2543
f 6296/6296/2536 6297/6297/2537 6306/6306/2545
f 6296/6296/2536 6306/6306/2545 6305/6305/2544
f 6297/6297/2537 6298/6298/2538 6307/6307/2546
f 6297/6297/2537 6307/6307/2546 6306/6306/2545
f 6298/6298/2538 6299/6299/2539 6308/6308/2547
f 6298/6298/2538 6308/6308/2547 6307/6307/2546
f 6299/6299/2539 6300/6300/2540 6309/6309/2548
f 6299/6299/2539 6309/6309/2548 6308/6308/2547
f 6300/6300/2540 6301/6301/2534 6310/6310/2542
f 6300/6300/2540 6310/6310/2542 6309/6309/2548
f 6303/6303/2542 6302/6302/2541 6311/6311/2549
f 6303/6303/2542 6311/6311/2549 6312/6312/2550
f 6302/6302/2541 6304/6304/2543 6313/6313/2551
f 6302/6302/2541 6313/6313/2551 6311/6311/2549
f 6304/6304/2543 6305/6305/2544 6314/6314/2552
f 6304/6304/2543 6314/6314/2552 6313/6313/2551
f 6305/6305/2544 6306/6306/2545 6315/6315/2553
f 6305/6305/2544 6315/6315/2553 6314/6314/2552
f 6306/6306/2545 6307/6307/2546 6316/6316/2554
f 6306/6306/2545 6316/6316/2554 6315/6315/2553
f 6307/6307/2546 6308/6308/2547 6317/6317/2555
f 6307/6307/2546 6317/6317/2555 6316/6316/2554
f 6308/6308/2547 6309/6309/2548 6318/6318/2556
f 6308/6308/2547 6318/6318/2556 6317/6317/2555
f 6309/6309/2548 6310/6310/2542 6319/6319/2557
f 6309/6309/2548 6319/6319/2557 6318/6318/2556
f 6312/6312/2550 6311/6311/2549 6320/6320/2558
f 6312/6312/2550 6320/6320/2558 6321/6321/2559
f 6311/6311/2549 6313/6313/2551 6322/6322/2560
f 6311/6311/2549 6322/6322/2560 6320/6320/2558
f 6313/6313/2551 6314/6314/2552 6323/6323/2561
f 6313/6313/2551 6323/6323/2561 6322/6322/2560
f 6314/6314/2552 6315/6315/2553 6324/6324/2562
f 6314/6314/2552 6324/6324/2562 6323/6323/2561
f 6315/6315/2553 6316/6316/2554 6325/6325/2563
f 6315/6315/2553 6325/6325/2563 6324/6324/2562
f 6316/6316/2554 6317/6317/2555 6326/6326/2564
f 6316/6316/2554 6326/6326/2564 6325/6325/2563
f 6317/6317/2555 6318/6318/2556 6327/6327/2565
f 6317/6317/2555 6327/6327/2565 6326/6326/2564
f 6318/6318/2556 6319/6319/2557 6328/6328/2559
f 6318/6318/2556 6328/6328/2559 6327/6327/2565
f 6321/6321/2559 6320/6320/2558 6329/6329/2566
f 6321/6321/2559 6329/6329/2566 6330/6330/2567
f 6320/6320/2558 6322/6322/2560 6331/6331/2568
f 6320/6320/2558 6331/6331/2568 6329/6329/2566
f 6322/6322/2560 6323/6323/2561 6332/6332/2569
f 6322/6322/2560 6332/6332/2569 6331/6331/2568
f 6323/6323/2561 6324/6324/2562 6333/6333/2570
f 6323/6323/2561 6333/6333/2570 6332/6332/2569
f 6324/6324/2562 6325/6325/2563 6334/6334/2571
f 6324/6324/2562 6334/6334/2571 6333/6333/2570
f 6325/6325/2563 6326/6326/2564 6335/6335/2572
f 6325/6325/2563 6335/6335/2572 6334/6334/2571
f 6326/6326/2564 6327/6327/2565 6336/6336/2573
f 6326/6326/2564 6336/6336/2573 6335/6335/2572
f 6327/6327/2565 6328/6328/2559 6337/6337/2567
f 6327/6327/2565 6337/6337/2567 6336/6336/2573
f 6330/6330/2567 6329/6329/2566 6338/6338/2574
f 6330/6330/2567 6338/6338/2574 6339/6339/2575
f 6329/6329/2566 6331/6331/2568 6340/6340/2576
f 6329/6329/2566 6340/6340/2576 6338/6338/2574
f 6331/6331/2568 6332/6332/2569 6341/6341/2577
f 6331/6331/2568 6341/6341/2577 6340/6340/2576
f 6332/6332/2569 6333/6333/2570 6342/6342/2578
f 6332/6332/2569 6342/6342/2578 6341/6341/2577
f 6333/6333/2570 6334/6334/2571 6343/6343/2579
f 6333/6333/2570 6343/6343/2579 6342/6342/2578
f 6334/6334/2571 6335/6335/2572 6344/6344/2580
f 6334/6334/2571 6344/6344/2580 6343/6343/2579
f 6335/6335/2572 6336/6336/2573 6345/6345/2581
f 6335/6335/2572 6345/6345/2581 6344/6344/2580
f 6336/6336/2573 6337/6337/2567 6346/6346/2575
f 6336/6336/2573 6346/6346/2575 6345/6345/2581
f 6339/6339/2575 6338/6338/2574 6347/6347/2582
f 6339/6339/2575 6347/6347/2582 6348/6348/2583
f 6338/6338/2574 6340/6340/2576 6349/6349/2584
f 6338/6338/2574 6349/6349/2584 6347/6347/2582
f 6340/6340/2576 6341/6341/2577 6350/6350/2585
f 6340/6340/2576 6350/6350/2585 6349/6349/2584
f 6341/6341/2577 6342/6342/2578 6351/6351/2586
f 6341/6341/2577 6351/6351/2586 6350/6350/2585
f 6342/6342/2578 6343/6343/2579 6352/6352/2587
f 6342/6342/2578 6352/6352/2587 6351/6351/2586
f 6343/6343/2579 6344/6344/2580 6353/6353/2588
f 6343/6343/2579 6353/6353/2588 6352/6352/2587
f 6344/6344/2580 6345/6345/2581 6354/6354/2589
f 6344/6344/2580 6354/6354/2589 6353/6353/2588
f 6345/6345/2581 6346/6346/2575 6355/6355/2583
f 6345/6345/2581 6355/6355/2583 6354/6354/2589
f 6348/6348/2583 6347/6347/2582 6356/6356/2590
f 6348/6348/2583 6356/6356/2590 6357/6357/2591
f 6347/6347/2582 6349/6349/2584 6358/6358/2592
f 6347/6347/2582 6358/6358/2592 6356/6356/2590
f 6349/6349/2584 6350/6350/2585 6359/6359/2593
f 6349/6349/2584 6359/6359/2593 6358/6358/2592
f 6350/6350/2585 6351/6351/2586 6360/6360/2594
f 6350/6350/2585 6360/6360/2594 6359/6359/2593
f 6351/6351/2586 6352/6352/2587 6361/6361/2595
f 6351/6351/2586 6361/6361/2595 6360/6360/2594
f 6352/6352/2587 6353/6353/2588 6362/6362/2596
f 6352/6352/2587 6362/6362/2596 6361/6361/2595
f 6353/6353/2588 6354/6354/2589 6363/6363/2597
f 6353/6353/2588 6363/6363/2597 6362/6362/2596
f 6354/6354/2589 6355/6355/2583 6364/6364/2591
f 6354/6354/2589 6364/6364/2591 6363/6363/2597
f 6357/6357/2591 6356/6356/2590 6365/6365/2598
f 6357/6357/2591 6365/6365/2598 6366/6366/2599
f 6356/6356/2590 6358/6358/2592 6367/6367/2600
f 6356/6356/2590 6367/6367/2600 6365/6365/2598
f 6358/6358/2592 6359/6359/2593 6368/6368/2601
f 6358/6358/2592 6368/6368/2601 6367/6367/2600
f 6359/6359/2593 6360/6360/2594 6369/6369/2602
f 6359/6359/2593 6369/6369/2602 6368/6368/2601
f 6360/6360/2594 6361/6361/2595 6370/6370/2603
f 6360/6360/2594 6370/6370/2603 6369/6369/2602
f 6361/6361/2595 6362/6362/2596 6371/6371/2604
f 6361/6361/2595 6371/6371/2604 6370/6370/2603
f 6362/6362/2596 6363/6363/2597 6372/6372/2605
f 6362/6362/2596 6372/6372/2605 6371/6371/2604
f 6363/6363/2597 6364/6364/2591 6373/6373/2599
f 6363/6363/2597 6373/6373/2599 6372/6372/2605
f 6366/6366/2599 6365/6365/2598 6374/6374/2606
f 6366/6366/2599 6374/6374/2606 6375/6375/2607
f 6365/6365/2598 6367/6367/2600 6376/6376/2608
f 6365/6365/2598 6376/6376/2608 6374/6374/2606
f 6367/6367/2600 6368/6368/2601 6377/6377/2609
f 6367/6367/2600 6377/6377/2609 6376/6376/2608
f 6368/6368/2601 6369/6369/2602 6378/6378/2610
f 6368/6368/2601 6378/6378/2610 6377/6377/2609
f 6369/6369/2602 6370/6370/2603 6379/6379/2611
f 6369/6369/2602 6379/6379/2611 6378/6378/2610
f 6370/6370/2603 6371/6371/2604 6380/6380/2612
f 6370/6370/2603 6380/6380/2612 6379/6379/2611
f 6371/6371/2604 6372/6372/2605 6381/6381/2613
f 6371/6371/2604 6381/6381/2613 6380/6380/2612
f 6372/6372/2605 6373/6373/2599 6382/6382/2614
f 6372/6372/2605 6382/6382/2614 6381/6381/2613
f 6375/6375/2607 6374/6374/2606 6383/6383/2615
f 6375/6375/2607 6383/6383/2615 6384/6384/2616
f 6374/6374/2606 6376/6376/2608 6385/6385/1058
f 6374/6374/2606 6385/6385/1058 6383/6383/2615
f 6376/6376/2608 6377/6377/2609 6386/6386/2617
f 6376/6376/2608 6386/6386/2617 6385/6385/1058
f 6377/6377/2609 6378/6378/2610 6387/6387/2618
f 6377/6377/2609 6387/6387/2618 6386/6386/2617
f 6378/6378/2610 6379/6379/2611 6388/6388/2619
f 6378/6378/2610 6388/6388/2619 6387/6387/2618
f 6379/6379/2611 6380/6380/2612 6389/6389/1057
f 6379/6379/2611 6389/6389/1057 6388/6388/2619
f 6380/6380/2612 6381/6381/2613 6390/6390/2620
f 6380/6380/2612 6390/6390/2620 6389/6389/1057
f 6381/6381/2613 6382/6382/2614 6391/6391/2616
f 6381/6381/2613 6391/6391/2616 6390/6390/2620
f 6384/6384/2616 6383/6383/2615 6392/6392/2621
f 6384/6384/2616 6392/6392/2621 6393/6393/2622
f 6383/6383/2615 6385/6385/1058 6394/6394/2623
f 6383/6383/2615 6394/6394/2623 6392/6392/2621
f 6385/6385/1058 6386/6386/2617 6395/6395/2624
f 6385/6385/1058 6395/6395/2624 6394/6394/2623
f 6386/6386/2617 6387/6387/2618 6396/6396/2625
f 6386/6386/2617 6396/6396/2625 6395/6395/2624
f 6387/6387/2618 6388/6388/2619 6397/6397/2626
f 6387/6387/2618 6397/6397/2626 6396/6396/2625
f 6388/6388/2619 6389/6389/1057 6398/6398/2627
f 6388/6388/2619 6398/6398/2627 6397/6397/2626
f 6389/6389/1057 6390/6390/2620 6399/6399/2628
f 6389/6389/1057 6399/6399/2628 6398/6398/2627
f 6390/6390/2620 6391/6391/2616 6400/6400/2622
f 6390/6390/2620 6400/6400/2622 6399/6399/2628
f 6393/6393/2622 6392/6392/2621 6401/6401/2629
f 6393/6393/2622 6401/6401/2629 6402/6402/2630
f 6392/6392/2621 6394/6394/2623 6403/6403/2631
f 6392/6392/2621 6403/6403/2631 6401/6401/2629
f 6394/6394/2623 6395/6395/2624 6404/6404/2632
f 6394/6394/2623 6404/6404/2632 6403/6403/2631
f 6395/6395/2624 6396/6396/2625 6405/6405/2633
f 6395/6395/2624 6405/6405/2633 6404/6404/2632
f 6396/6396/2625 6397/6397/2626 6406/6406/2634
f 6396/6396/2625 6406/6406/2634 6405/6405/2633
f 6397/6397/2626 6398/6398/2627 6407/6407/2635
f 6397/6397/2626 6407/6407/2635 6406/6406/2634
f 6398/6398/2627 6399/6399/2628 6408/6408/2636
f 6398/6398/2627 6408/6408/2636 6407/6407/2635
f 6399/6399/2628 6400/6400/2622 6409/6409/2630
f 6399/6399/2628 6409/6409/2630 6408/6408/2636
f 6402/6402/2630 6401/6401/2629 6410/6410/2637
f 6402/6402/2630 6410/6410/2637 6411/6411/2638
f 6401/6401/2629 6403/6403/2631 6412/6412/2631
f 6401/6401/2629 6412/6412/2631 6410/6410/2637
f 6403/6403/2631 6404/6404/2632 6413/6413/2639
f 6403/6403/2631 6413/6413/2639 6412/6412/2631
f 6404/6404/2632 6405/6405/2633 6414/6414/2640
f 6404/6404/2632 6414/6414/2640 6413/6413/2639
f 6405/6405/2633 6406/6406/2634 6415/6415/2641
f 6405/6405/2633 6415/6415/2641 6414/6414/2640
f 6406/6406/2634 6407/6407/2635 6416/6416/2635
f 6406/6406/2634 6416/6416/2635 6415/6415/2641
f 6407/6407/2635 6408/6408/2636 6417/6417/2642
f 6407/6407/2635 6417/6417/2642 6416/6416/2635
f 6408/6408/2636 6409/6409/2630 6418/6418/2638
f 6408/6408/2636 6418/6418/2638 6417/6417/2642
f 6411/6411/2638 6410/6410/2637 6419/6419/2643
f 6411/6411/2638 6419/6419/2643 6420/6420/2644
f 6410/6410/2637 6412/6412/2631 6421/6421/2645
f 6410/6410/2637 6421/6421/2645 6419/6419/2643
f 6412/6412/2631 6413/6413/2639 6422/6422/2646
f 6412/6412/2631 6422/6422/2646 6421/6421/2645
f 6413/6413/2639 6414/6414/2640 6423/6423/2647
f 6413/6413/2639 6423/6423/2647 6422/6422/2646
f 6414/6414/2640 6415/6415/2641 6424/6424/2648
f 6414/6414/2640 6424/6424/2648 6423/6423/2647
f 6415/6415/2641 6416/6416/2635 6425/6425/2649
f 6415/6415/2641 6425/6425/2649 6424/6424/2648
f 6416/6416/2635 6417/6417/2642 6426/6426/2650
f 6416/6416/2635 6426/6426/2650 6425/6425/2649
f 6417/6417/2642 6418/6418/2638 6427/6427/2644
f 6417/6417/2642 6427/6427/2644 6426/6426/2650
f 6420/6420/2644 6419/6419/2643 6428/6428/2651
f 6420/6420/2644 6428/6428/2651 6429/6429/2652
f 6419/6419/2643 6421/6421/2645 6430/6430/2653
f 6419/6419/2643 6430/6430/2653 6428/6428/2651
f 6421/6421/2645 6422/6422/2646 6431/6431/2654
f 6421/6421/2645 6431/6431/2654 6430/6430/2653
f 6422/6422/2646 6423/6423/2647 6432/6432/2655
f 6422/6422/2646 6432/6432/2655 6431/6431/2654
f 6423/6423/2647 6424/6424/2648 6433/6433/2656
f 6423/6423/2647 6433/6433/2656 6432/6432/2655
f 6424/6424/2648 6425/6425/2649 6434/6434/2657
f 6424/6424/2648 6434/6434/2657 6433/6433/2656
f 6425/6425/2649 6426/6426/2650 6435/6435/2658
f 6425/6425/2649 6435/6435/2658 6434/6434/2657
f 6426/6426/2650 6427/6427/2644 6436/6436/2652
f 6426/6426/2650 6436/6436/2652 6435/6435/2658
f 6429/6429/2652 6428/6428/2651 6437/6437/2659
f 6429/6429/2652 6437/6437/2659 6438/6438/2660
f 6428/6428/2651 6430/6430/2653 6439/6439/2661
f 6428/6428/2651 6439/6439/2661 6437/6437/2659
f 6430/6430/2653 6431/6431/2654 6440/6440/2662
f 6430/6430/2653 6440/6440/2662 6439/6439/2661
f 6431/6431/2654 6432/6432/2655 6441/6441/2663
f 6431/6431/2654 6441/6441/2663 6440/6440/2662
f 6432/6432/2655 6433/6433/2656 6442/6442/2664
f 6432/6432/2655 6442/6442/2664 6441/6441/2663
f 6433/6433/2656 6434/6434/2657 6443/6443/2665
f 6433/6433/2656 6443/6443/2665 6442/6442/2664
f 6434/6434/2657 6435/6435/2658 6444/6444/2666
f 6434/6434/2657 6444/6444/2666 6443/6443/2665
f 6435/6435/2658 6436/6436/2652 6445/6445/2660
f 6435/6435/2658 6445/6445/2660 6444/6444/2666
f 6438/6438/2660 6437/6437/2659 6446/6446/2667
f 6438/6438/2660 6446/6446/2667 6447/6447/2668
f 6437/6437/2659 6439/6439/2661 6448/6448/2669
f 6437/6437/2659 6448/6448/2669 6446/6446/2667
f 6439/6439/2661 6440/6440/2662 6449/6449/2670
f 6439/6439/2661 6449/6449/2670 6448/6448/2669
f 6440/6440/2662 6441/6441/2663 6450/6450/2671
f 6440/6440/2662 6450/6450/2671 6449/6449/2670
f 6441/6441/2663 6442/6442/2664 6451/6451/2672
f 6441/6441/2663 6451/6451/2672 6450/6450/2671
f 6442/6442/2664 6443/6443/2665 6452/6452/2673
f 6442/6442/2664 6452/6452/2673 6451/6451/2672
f 6443/6443/2665 6444/6444/2666 6453/6453/2674
f 6443/6443/2665 6453/6453/2674 6452/6452/2673
f 6444/6444/2666 6445/6445/2660 6454/6454/2668
f 6444/6444/2666 6454/6454/2668 6453/6453/2674
f 6447/6447/2668 6446/6446/2667 6455/6455/2675
f 6447/6447/2668 6455/6455/2675 6456/6456/2676
f 6446/6446/2667 6448/6448/2669 6457/6457/1924
f 6446/6446/2667 6457/6457/1924 6455/6455/2675
f 6448/6448/2669 6449/6449/2670 6458/6458/2677
f 6448/6448/2669 6458/6458/2677 6457/6457/1924
f 6449/6449/2670 6450/6450/2671 6459/6459/1931
f 6449/6449/2670 6459/6459/1931 6458/6458/2677
f 6450/6450/2671 6451/6451/2672 6460/6460/2678
f 6450/6450/2671 6460/6460/2678 6459/6459/1931
f 6451/6451/2672 6452/6452/2673 6461/6461/1928
f 6451/6451/2672 6461/6461/1928 6460/6460/2678
f 6452/6452/2673 6453/6453/2674 6462/6462/2679
f 6452/6452/2673 6462/6462/2679 6461/6461/1928
f 6453/6453/2674 6454/6454/2668 6463/6463/2676
f 6453/6453/2674 6463/6463/2676 6462/6462/2679
f 6456/6456/2676 6455/6455/2675 6464/6464/2680
f 6456/6456/2676 6464/6464/2680 6465/6465/2681
f 6455/6455/2675 6457/6457/1924 6466/6466/2682
f 6455/6455/2675 6466/6466/2682 6464/6464/2680
f 6457/6457/1924 6458/6458/2677 6467/6467/2683
f 6457/6457/1924 6467/6467/2683 6466/6466/2682
f 6458/6458/2677 6459/6459/1931 6468/6468/2684
f 6458/6458/2677 6468/6468/2684 6467/6467/2683
f 6459/6459/1931 6460/6460/2678 6469/6469/2685
f 6459/6459/1931 6469/6469/2685 6468/6468/2684
f 6460/6460/2678 6461/6461/1928 6470/6470/1815
f 6460/6460/2678 6470/6470/1815 6469/6469/2685
f 6461/6461/1928 6462/6462/2679 6471/6471/2686
f 6461/6461/1928 6471/6471/2686 6470/6470/1815
f 6462/6462/2679 6463/6463/2676 6472/6472/2681
f 6462/6462/2679 6472/6472/2681 6471/6471/2686
f 6465/6465/2681 6464/6464/2680 6473/6473/2687
f 6465/6465/2681 6473/6473/2687 6474/6474/2688
f 6464/6464/2680 6466/6466/2682 6475/6475/2689
f 6464/6464/2680 6475/6475/2689 6473/6473/2687
f 6466/6466/2682 6467/6467/2683 6476/6476/2690
f 6466/6466/2682 6476/6476/2690 6475/6475/2689
f 6467/6467/2683 6468/6468/2684 6477/6477/2691
f 6467/6467/2683 6477/6477/2691 6476/6476/2690
f 6468/6468/2684 6469/6469/2685 6478/6478/2692
f 6468/6468/2684 6478/6478/2692 6477/6477/2691
f 6469/6469/2685 6470/6470/1815 6479/6479/2693
f 6469/6469/2685 6479/6479/2693 6478/6478/2692
f 6470/6470/1815 6471/6471/2686 6480/6480/2694
f 6470/6470/1815 6480/6480/2694 6479/6479/2693
f 6471/6471/2686 6472/6472/2681 6481/6481/2688
f 6471/6471/2686 6481/6481/2688 6480/6480/2694
f 6474/6474/2688 6473/6473/2687 6482/6482/2695
f 6474/6474/2688 6482/6482/2695 6483/6483/2696
f 6473/6473/2687 6475/6475/2689 6484/6484/1901
f 6473/6473/2687 6484/6484/1901 6482/6482/2695
f 6475/6475/2689 6476/6476/2690 6485/6485/2697
f 6475/6475/2689 6485/6485/2697 6484/6484/1901
f 6476/6476/2690 6477/6477/2691 6486/6486/2698
f 6476/6476/2690 6486/6486/2698 6485/6485/2697
f 6477/6477/2691 6478/6478/2692 6487/6487/2699
f 6477/6477/2691 6487/6487/2699 6486/6486/2698
f 6478/6478/2692 6479/6479/2693 6488/6488/2700
f 6478/6478/2692 6488/6488/2700 6487/6487/2699
f 6479/6479/2693 6480/6480/2694 6489/6489/2701
f 6479/6479/2693 6489/6489/2701 6488/6488/2700
f 6480/6480/2694 6481/6481/2688 6490/6490/2696
f 6480/6480/2694 6490/6490/2696 6489/6489/2701
f 6483/6483/2696 6482/6482/2695 6491/6491/2702
f 6483/6483/2696 6491/6491/2702 6492/6492/2703
f 6482/6482/2695 6484/6484/1901 6493/6493/2704
f 6482/6482/2695 6493/6493/2704 6491/6491/2702
f 6484/6484/1901 6485/6485/2697 6494/6494/2705
f 6484/6484/1901 6494/6494/2705 6493/6493/2704
f 6485/6485/2697 6486/6486/2698 6495/6495/2706
f 6485/6485/2697 6495/6495/2706 6494/6494/2705
f 6486/6486/2698 6487/6487/2699 6496/6496/2707
f 6486/6486/2698 6496/6496/2707 6495/6495/2706
f 6487/6487/2699 6488/6488/2700 6497/6497/2708
f 6487/6487/2699 6497/6497/2708 6496/6496/2707
f 6488/6488/2700 6489/6489/2701 6498/6498/2709
f 6488/6488/2700 6498/6498/2709 6497/6497/2708
f 6489/6489/2701 6490/6490/2696 6499/6499/2703
f 6489/6489/2701 6499/6499/2703 6498/6498/2709
f 6492/6492/2703 6491/6491/2702 6500/6500/2710
f 6492/6492/2703 6500/6500/2710 6501/6501/2711
f 6491/6491/2702 6493/6493/2704 6502/6502/2712
f 6491/6491/2702 6502/6502/2712 6500/6500/2710
f 6493/6493/2704 6494/6494/2705 6503/6503/2713
f 6493/6493/2704 6503/6503/2713 6502/6502/2712
f 6494/6494/2705 6495/6495/2706 6504/6504/2714
f 6494/6494/2705 6504/6504/2714 6503/6503/2713
f 6495/6495/2706 6496/6496/2707 6505/6505/2715
f 6495/6495/2706 6505/6505/2715 6504/6504/2714
f 6496/6496/2707 6497/6497/2708 6506/6506/2716
f 6496/6496/2707 6506/6506/2716 6505/6505/2715
f 6497/6497/2708 6498/6498/2709 6507/6507/2717
f 6497/6497/2708 6507/6507/2717 6506/6506/2716
f 6498/6498/2709 6499/6499/2703 6508/6508/2711
f 6498/6498/2709 6508/6508/2711 6507/6507/2717
f 6501/6501/2711 6500/6500/2710 6509/6509/2718
f 6501/6501/2711 6509/6509/2718 6510/6510/2719
f 6500/6500/2710 6502/6502/2712 6511/6511/2720
f 6500/6500/2710 6511/6511/2720 6509/6509/2718
f 6502/6502/2712 6503/6503/2713 6512/6512/2721
f 6502/6502/2712 6512/6512/2721 6511/6511/2720
f 6503/6503/2713 6504/6504/2714 6513/6513/2722
f 6503/6503/2713 6513/6513/2722 6512/6512/2721
f 6504/6504/2714 6505/6505/2715 6514/6514/2723
f 6504/6504/2714 6514/6514/2723 6513/6513/2722
f 6505/6505/2715 6506/6506/2716 6515/6515/2724
f 6505/6505/2715 6515/6515/2724 6514/6514/2723
f 6506/6506/2716 6507/6507/2717 6516/6516/2725
f 6506/6506/2716 6516/6516/2725 6515/6515/2724
f 6507/6507/2717 6508/6508/2711 6517/6517/2719
f 6507/6507/2717 6517/6517/2719 6516/6516/2725
f 6510/6510/2719 6509/6509/2718 6518/6518/2726
f 6510/6510/2719 6518/6518/2726 6519/6519/2727
f 6509/6509/2718 6511/6511/2720 6520/6520/2728
f 6509/6509/2718 6520/6520/2728 6518/6518/2726
f 6511/6511/2720 6512/6512/2721 6521/6521/2729
f 6511/6511/2720 6521/6521/2729 6520/6520/2728
f 6512/6512/2721 6513/6513/2722 6522/6522/2730
f 6512/6512/2721 6522/6522/2730 6521/6521/2729
f 6513/6513/2722 6514/6514/2723 6523/6523/2731
f 6513/6513/2722 6523/6523/2731 6522/6522/2730
f 6514/6514/2723 6515/6515/2724 6524/6524/2732
f 6514/6514/2723 6524/6524/2732 6523/6523/2731
f 6515/6515/2724 6516/6516/2725 6525/6525/2733
f 6515/6515/2724 6525/6525/2733 6524/6524/2732
f 6516/6516/2725 6517/6517/2719 6526/6526/2727
f 6516/6516/2725 6526/6526/2727 6525/6525/2733
f 6519/6519/2727 6518/6518/2726 6527/6527/2734
f 6519/6519/2727 6527/6527/2734 6528/6528/2735
f 6518/6518/2726 6520/6520/2728 6529/6529/2736
f 6518/6518/2726 6529/6529/2736 6527/6527/2734
f 6520/6520/2728 6521/6521/2729 6530/6530/2737
f 6520/6520/2728 6530/6530/2737 6529/6529/2736
f 6521/6521/2729 6522/6522/2730 6531/6531/2738
f 6521/6521/2729 6531/6531/2738 6530/6530/2737
f 6522/6522/2730 6523/6523/2731 6532/6532/2739
f 6522/6522/2730 6532/6532/2739 6531/6531/2738
f 6523/6523/2731 6524/6524/2732 6533/6533/2740
f 6523/6523/2731 6533/6533/2740 6532/6532/2739
f 6524/6524/2732 6525/6525/2733 6534/6534/2741
f 6524/6524/2732 6534/6534/2741 6533/6533/2740
f 6525/6525/2733 6526/6526/2727 6535/6535/2735
f 6525/6525/2733 6535/6535/2735 6534/6534/2741
f 6528/6528/2735 6527/6527/2734 6536/6536/2742
f 6528/6528/2735 6536/6536/2742 6537/6537/2743
f 6527/6527/2734 6529/6529/2736 6538/6538/2744
f 6527/6527/2734 6538/6538/2744 6536/6536/2742
f 6529/6529/2736 6530/6530/2737 6539/6539/2745
f 6529/6529/2736 6539/6539/2745 6538/6538/2744
f 6530/6530/2737 6531/6531/2738 6540/6540/2746
f 6530/6530/2737 6540/6540/2746 6539/6539/2745
f 6531/6531/2738 6532/6532/2739 6541/6541/2747
f 6531/6531/2738 6541/6541/2747 6540/6540/2746
f 6532/6532/2739 6533/6533/2740 6542/6542/2748
f 6532/6532/2739 6542/6542/2748 6541/6541/2747
f 6533/6533/2740 6534/6534/2741 6543/6543/2749
f 6533/6533/2740 6543/6543/2749 6542/6542/2748
f 6534/6534/2741 6535/6535/2735 6544/6544/2743
f 6534/6534/2741 6544/6544/2743 6543/6543/2749
f 6537/6537/2743 6536/6536/2742 6545/6545/2750
f 6537/6537/2743 6545/6545/2750 6546/6546/2751
f 6536/6536/2742 6538/6538/2744 6547/6547/2752
f 6536/6536/2742 6547/6547/2752 6545/6545/2750
f 6538/6538/2744 6539/6539/2745 6548/6548/2753
f 6538/6538/2744 6548/6548/2753 6547/6547/2752
f 6539/6539/2745 6540/6540/2746 6549/6549/2754
f 6539/6539/2745 6549/6549/2754 6548/6548/2753
f 6540/6540/2746 6541/6541/2747 6550/6550/2755
f 6540/6540/2746 6550/6550/2755 6549/6549/2754
f 6541/6541/2747 6542/6542/2748 6551/6551/2756
f 6541/6541/2747 6551/6551/2756 6550/6550/2755
f 6542/6542/2748 6543/6543/2749 6552/6552/2757
f 6542/6542/2748 6552/6552/2757 6551/6551/2756
f 6543/6543/2749 6544/6544/2743 6553/6553/2751
f 6543/6543/2749 6553/6553/2751 6552/6552/2757
f 6546/6546/2751 6545/6545/2750 6554/6554/2758
f 6546/6546/2751 6554/6554/2758 6555/6555/2759
f 6545/6545/2750 6547/6547/2752 6556/6556/2760
f 6545/6545/2750 6556/6556/2760 6554/6554/2758
f 6547/6547/2752 6548/6548/2753 6557/6557/2761
f 6547/6547/2752 6557/6557/2761 6556/6556/2760
f 6548/6548/2753 6549/6549/2754 6558/6558/2762
f 6548/6548/2753 6558/6558/2762 6557/6557/2761
f 6549/6549/2754 6550/6550/2755 6559/6559/2763
f 6549/6549/2754 6559/6559/2763 6558/6558/2762
f 6550/6550/2755 6551/6551/2756 6560/6560/2764
f 6550/6550/2755 6560/6560/2764 6559/6559/2763
f 6551/6551/2756 6552/6552/2757 6561/6561/2765
f 6551/6551/2756 6561/6561/2765 6560/6560/2764
f 6552/6552/2757 6553/6553/2751 6562/6562/2759
f 6552/6552/2757 6562/6562/2759 6561/6561/2765
f 6555/6555/2759 6554/6554/2758 6563/6563/2766
f 6555/6555/2759 6563/6563/2766 6564/6564/2767
f 6554/6554/2758 6556/6556/2760 6565/6565/2768
f 6554/6554/2758 6565/6565/2768 6563/6563/2766
f 6556/6556/2760 6557/6557/2761 6566/6566/2769
f 6556/6556/2760 6566/6566/2769 6565/6565/2768
f 6557/6557/2761 6558/6558/2762 6567/6567/2770
f 6557/6557/2761 6567/6567/2770 6566/6566/2769
f 6558/6558/2762 6559/6559/2763 6568/6568/2771
f 6558/6558/2762 6568/6568/2771 6567/6567/2770
f 6559/6559/2763 6560/6560/2764 6569/6569/2772
f 6559/6559/2763 6569/6569/2772 6568/6568/2771
f 6560/6560/2764 6561/6561/2765 6570/6570/2773
f 6560/6560/2764 6570/6570/2773 6569/6569/2772
f 6561/6561/2765 6562/6562/2759 6571/6571/2767
f 6561/6561/2765 6571/6571/2767 6570/6570/2773
f 6564/6564/2767 6563/6563/2766 6572/6572/2774
f 6564/6564/2767 6572/6572/2774 6573/6573/2775
f 6563/6563/2766 6565/6565/2768 6574/6574/2776
f 6563/6563/2766 6574/6574/2776 6572/6572/2774
f 6565/6565/2768 6566/6566/2769 6575/6575/2777
f 6565/6565/2768 6575/6575/2777 6574/6574/2776
f 6566/6566/2769 6567/6567/2770 6576/6576/2778
f 6566/6566/2769 6576/6576/2778 6575/6575/2777
f 6567/6567/2770 6568/6568/2771 6577/6577/2779
f 6567/6567/2770 6577/6577/2779 6576/6576/2778
f 6568/6568/2771 6569/6569/2772 6578/6578/2780
f 6568/6568/2771 6578/6578/2780 6577/6577/2779
f 6569/6569/2772 6570/6570/2773 6579/6579/2781
f 6569/6569/2772 6579/6579/2781 6578/6578/2780
f 6570/6570/2773 6571/6571/2767 6580/6580/2775
f 6570/6570/2773 6580/6580/2775 6579/6579/2781
f 6573/6573/2775 6572/6572/2774 6581/6581/2782
f 6573/6573/2775 6581/6581/2782 6582/6582/2783
f 6572/6572/2774 6574/6574/2776 6583/6583/2784
f 6572/6572/2774 6583/6583/2784 6581/6581/2782
f 6574/6574/2776 6575/6575/2777 6584/6584/2785
f 6574/6574/2776 6584/6584/2785 6583/6583/2784
f 6575/6575/2777 6576/6576/2778 6585/6585/2786
f 6575/6575/2777 6585/6585/2786 6584/6584/2785
f 6576/6576/2778 6577/6577/2779 6586/6586/2787
f 6576/6576/2778 6586/6586/2787 6585/6585/2786
f 6577/6577/2779 6578/6578/2780 6587/6587/2788
f 6577/6577/2779 6587/6587/2788 6586/6586/2787
f 6578/6578/2780 6579/6579/2781 6588/6588/2789
f 6578/6578/2780 6588/6588/2789 6587/6587/2788
f 6579/6579/2781 6580/6580/2775 6589/6589/2783
f 6579/6579/2781 6589/6589/2783 6588/6588/2789
f 6582/6582/2783 6581/6581/2782 6590/6590/2790
f 6582/6582/2783 6590/6590/2790 6591/6591/2791
f 6581/6581/2782 6583/6583/2784 6592/6592/2792
f 6581/6581/2782 6592/6592/2792 6590/6590/2790
f 6583/6583/2784 6584/6584/2785 6593/6593/2793
f 6583/6583/2784 6593/6593/2793 6592/6592/2792
f 6584/6584/2785 6585/6585/2786 6594/6594/2794
f 6584/6584/2785 6594/6594/2794 6593/6593/2793
f 6585/6585/2786 6586/6586/2787 6595/6595/2795
f 6585/6585/2786 6595/6595/2795 6594/6594/2794
f 6586/6586/2787 6587/6587/2788 6596/6596/2796
f 6586/6586/2787 6596/6596/2796 6595/6595/2795
f 6587/6587/2788 6588/6588/2789 6597/6597/2797
f 6587/6587/2788 6597/6597/2797 6596/6596/2796
f 6588/6588/2789 6589/6589/2783 6598/6598/2791
f 6588/6588/2789 6598/6598/2791 6597/6597/2797
f 6591/6591/2791 6590/6590/2790 6599/6599/2798
f 6591/6591/2791 6599/6599/2798 6600/6600/2799
f 6590/6590/2790 6592/6592/2792 6601/6601/2800
f 6590/6590/2790 6601/6601/2800 6599/6599/2798
f 6592/6592/2792 6593/6593/2793 6602/6602/2801
f 6592/6592/2792 6602/6602/2801 6601/6601/2800
f 6593/6593/2793 6594/6594/2794 6603/6603/2802
f 6593/6593/2793 6603/6603/2802 6602/6602/2801
f 6594/6594/2794 6595/6595/2795 6604/6604/2803
f 6594/6594/2794 6604/6604/2803 6603/6603/2802
f 6595/6595/2795 6596/6596/2796 6605/6605/2804
f 6595/6595/2795 6605/6605/2804 6604/6604/2803
f 6596/6596/2796 6597/6597/2797 6606/6606/2805
f 6596/6596/2796 6606/6606/2805 6605/6605/2804
f 6597/6597/2797 6598/6598/2791 6607/6607/2806
f 6597/6597/2797 6607/6607/2806 6606/6606/2805
f 6600/6600/2799 6599/6599/2798 6608/6608/2807
f 6600/6600/2799 6608/6608/2807 6609/6609/2808
f 6599/6599/2798 6601/6601/2800 6610/6610/2809
f 6599/6599/2798 6610/6610/2809 6608/6608/2807
f 6601/6601/2800 6602/6602/2801 6611/6611/2810
f 6601/6601/2800 6611/6611/2810 6610/6610/2809
f 6602/6602/2801 6603/6603/2802 6612/6612/2811
f 6602/6602/2801 6612/6612/2811 6611/6611/2810
f 6603/6603/2802 6604/6604/2803 6613/6613/2812
f 6603/6603/2802 6613/6613/2812 6612/6612/2811
f 6604/6604/2803 6605/6605/2804 6614/6614/2813
f 6604/6604/2803 6614/6614/2813 6613/6613/2812
f 6605/6605/2804 6606/6606/2805 6615/6615/2814
f 6605/6605/2804 6615/6615/2814 6614/6614/2813
f 6606/6606/2805 6607/6607/2806 6616/6616/2808
f 6606/6606/2805 6616/6616/2808 6615/6615/2814
f 6609/6609/2808 6608/6608/2807 6617/6617/2815
f 6609/6609/2808 6617/6617/2815 6618/6618/2816
f 6608/6608/2807 6610/6610/2809 6619/6619/2817
f 6608/6608/2807 6619/6619/2817 6617/6617/2815
f 6610/6610/2809 6611/6611/2810 6620/6620/2818
f 6610/6610/2809 6620/6620/2818 6619/6619/2817
f 6611/6611/2810 6612/6612/2811 6621/6621/2819
f 6611/6611/2810 6621/6621/2819 6620/6620/2818
f 6612/6612/2811 6613/6613/2812 6622/6622/2820
f 6612/6612/2811 6622/6622/2820 6621/6621/2819
f 6613/6613/2812 6614/6614/2813 6623/6623/2821
f 6613/6613/2812 6623/6623/2821 6622/6622/2820
f 6614/6614/2813 6615/6615/2814 6624/6624/2822
f 6614/6614/2813 6624/6624/2822 6623/6623/2821
f 6615/6615/2814 6616/6616/2808 6625/6625/2816
f 6615/6615/2814 6625/6625/2816 6624/6624/2822
f 6618/6618/2816 6617/6617/2815 6626/6626/2823
f 6618/6618/2816 6626/6626/2823 6627/6627/2824
f 6617/6617/2815 6619/6619/2817 6628/6628/2825
f 6617/6617/2815 6628/6628/2825 6626/6626/2823
f 6619/6619/2817 6620/6620/2818 6629/6629/2826
f 6619/6619/2817 6629/6629/2826 6628/6628/2825
f 6620/6620/2818 6621/6621/2819 6630/6630/2827
f 6620/6620/2818 6630/6630/2827 6629/6629/2826
f 6621/6621/2819 6622/6622/2820 6631/6631/2828
f 6621/6621/2819 6631/6631/2828 6630/6630/2827
f 6622/6622/2820 6623/6623/2821 6632/6632/2829
f 6622/6622/2820 6632/6632/2829 6631/6631/2828
f 6623/6623/2821 6624/6624/2822 6633/6633/2830
f 6623/6623/2821 6633/6633/2830 6632/6632/2829
f 6624/6624/2822 6625/6625/2816 6634/6634/2824
f 6624/6624/2822 6634/6634/2824 6633/6633/2830
f 6627/6627/2824 6626/6626/2823 6635/6635/2831
f 6627/6627/2824 6635/6635/2831 6636/6636/2832
f 6626/6626/2823 6628/6628/2825 6637/6637/2833
f 6626/6626/2823 6637/6637/2833 6635/6635/2831
f 6628/6628/2825 6629/6629/2826 6638/6638/2834
f 6628/6628/2825 6638/6638/2834 6637/6637/2833
f 6629/6629/2826 6630/6630/2827 6639/6639/2835
f 6629/6629/2826 6639/6639/2835 6638/6638/2834
f 6630/6630/2827 6631/6631/2828 6640/6640/2836
f 6630/6630/2827 6640/6640/2836 6639/6639/2835
f 6631/6631/2828 6632/6632/2829 6641/6641/2837
f 6631/6631/2828 6641/6641/2837 6640/6640/2836
f 6632/6632/2829 6633/6633/2830 6642/6642/2838
f 6632/6632/2829 6642/6642/2838 6641/6641/2837
f 6633/6633/2830 6634/6634/2824 6643/6643/2832
f 6633/6633/2830 6643/6643/2832 6642/6642/2838
f 6636/6636/2832 6635/6635/2831 6644/6644/2839
f 6636/6636/2832 6644/6644/2839 6645/6645/2840
f 6635/6635/2831 6637/6637/2833 6646/6646/2841
f 6635/6635/2831 6646/6646/2841 6644/6644/2839
f 6637/6637/2833 6638/6638/2834 6647/6647/2842
f 6637/6637/2833 6647/6647/2842 6646/6646/2841
f 6638/6638/2834 6639/6639/2835 6648/6648/2843
f 6638/6638/2834 6648/6648/2843 6647/6647/2842
f 6639/6639/2835 6640/6640/2836 6649/6649/2844
f 6639/6639/2835 6649/6649/2844 6648/6648/2843
f 6640/6640/2836 6641/6641/2837 6650/6650/2845
f 6640/6640/2836 6650/6650/2845 6649/6649/2844
f 6641/6641/2837 6642/6642/2838 6651/6651/2846
f 6641/6641/2837 6651/6651/2846 6650/6650/2845
f 6642/6642/2838 6643/6643/2832 6652/6652/2840
f 6642/6642/2838 6652/6652/2840 6651/6651/2846
f 6645/6645/2840 6644/6644/2839 6653/6653/2847
f 6645/6645/2840 6653/6653/2847 6654/6654/2848
f 6644/6644/2839 6646/6646/2841 6655/6655/2849
f 6644/6644/2839 6655/6655/2849 6653/6653/2847
f 6646/6646/2841 6647/6647/2842 6656/6656/2850
f 6646/6646/2841 6656/6656/2850 6655/6655/2849
f 6647/6647/2842 6648/6648/2843 6657/6657/2851
f 6647/6647/2842 6657/6657/2851 6656/6656/2850
f 6648/6648/2843 6649/6649/2844 6658/6658/2852
f 6648/6648/2843 6658/6658/2852 6657/6657/2851
f 6649/6649/2844 6650/6650/2845 6659/6659/2853
f 6649/6649/2844 6659/6659/2853 6658/6658/2852
f 6650/6650/2845 6651/6651/2846 6660/6660/2854
f 6650/6650/2845 6660/6660/2854 6659/6659/2853
f 6651/6651/2846 6652/6652/2840 6661/6661/2848
f 6651/6651/2846 6661/6661/2848 6660/6660/2854
f 6654/6654/2848 6653/6653/2847 6662/6662/2855
f 6654/6654/2848 6662/6662/2855 6663/6663/2856
f 6653/6653/2847 6655/6655/2849 6664/6664/2857
f 6653/6653/2847 6664/6664/2857 6662/6662/2855
f 6655/6655/2849 6656/6656/2850 6665/6665/2858
f 6655/6655/2849 6665/6665/2858 6664/6664/2857
f 6656/6656/2850 6657/6657/2851 6666/6666/2859
f 6656/6656/2850 6666/6666/2859 6665/6665/2858
f 6657/6657/2851 6658/6658/2852 6667/6667/2860
f 6657/6657/2851 6667/6667/2860 6666/6666/2859
f 6658/6658/2852 6659/6659/2853 6668/6668/2861
f 6658/6658/2852 6668/6668/2861 6667/6667/2860
f 6659/6659/2853 6660/6660/2854 6669/6669/2862
f 6659/6659/2853 6669/6669/2862 6668/6668/2861
f 6660/6660/2854 6661/6661/2848 6670/6670/2856
f 6660/6660/2854 6670/6670/2856 6669/6669/2862
f 6663/6663/2856 6662/6662/2855 6671/6671/2863
f 6663/6663/2856 6671/6671/2863 6672/6672/2864
f 6662/6662/2855 6664/6664/2857 6673/6673/2865
f 6662/6662/2855 6673/6673/2865 6671/6671/2863
f 6664/6664/2857 6665/6665/2858 6674/6674/2866
f 6664/6664/2857 6674/6674/2866 6673/6673/2865
f 6665/6665/2858 6666/6666/2859 6675/6675/2867
f 6665/6665/2858 6675/6675/2867 6674/6674/2866
f 6666/6666/2859 6667/6667/2860 6676/6676/2868
f 6666/6666/2859 6676/6676/2868 6675/6675/2867
f 6667/6667/2860 6668/6668/2861 6677/6677/2869
f 6667/6667/2860 6677/6677/2869 6676/6676/2868
f 6668/6668/2861 6669/6669/2862 6678/6678/2870
f 6668/6668/2861 6678/6678/2870 6677/6677/2869
f 6669/6669/2862 6670/6670/2856 6679/6679/2864
f 6669/6669/2862 6679/6679/2864 6678/6678/2870
f 6672/6672/2864 6671/6671/2863 6680/6680/2871
f 6672/6672/2864 6680/6680/2871 6681/6681/2872
f 6671/6671/2863 6673/6673/2865 6682/6682/2873
f 6671/6671/2863 6682/6682/2873 6680/6680/2871
f 6673/6673/2865 6674/6674/2866 6683/6683/2874
f 6673/6673/2865 6683/6683/2874 6682/6682/2873
f 6674/6674/2866 6675/6675/2867 6684/6684/2875
f 6674/6674/2866 6684/6684/2875 6683/6683/2874
f 6675/6675/2867 6676/6676/2868 6685/6685/2876
f 6675/6675/2867 6685/6685/2876 6684/6684/2875
f 6676/6676/2868 6677/6677/2869 6686/6686/2877
f 6676/6676/2868 6686/6686/2877 6685/6685/2876
f 6677/6677/2869 6678/6678/2870 6687/6687/2878
f 6677/6677/2869 6687/6687/2878 6686/6686/2877
f 6678/6678/2870 6679/6679/2864 6688/6688/2872
f 6678/6678/2870 6688/6688/2872 6687/6687/2878
f 6681/6681/2872 6680/6680/2871 6689/6689/2879
f 6681/6681/2872 6689/6689/2879 6690/6690/2880
f 6680/6680/2871 6682/6682/2873 6691/6691/2881
f 6680/6680/2871 6691/6691/2881 6689/6689/2879
f 6682/6682/2873 6683/6683/2874 6692/6692/2882
f 6682/6682/2873 6692/6692/2882 6691/6691/2881
f 6683/6683/2874 6684/6684/2875 6693/6693/2883
f 6683/6683/2874 6693/6693/2883 6692/6692/2882
f 6684/6684/2875 6685/6685/2876 6694/6694/2884
f 6684/6684/2875 6694/6694/2884 6693/6693/2883
f 6685/6685/2876 6686/6686/2877 6695/6695/2885
f 6685/6685/2876 6695/6695/2885 6694/6694/2884
f 6686/6686/2877 6687/6687/2878 6696/6696/2886
f 6686/6686/2877 6696/6696/2886 6695/6695/2885
f 6687/6687/2878 6688/6688/2872 6697/6697/2887
f 6687/6687/2878 6697/6697/2887 6696/6696/2886
f 6690/6690/2880 6689/6689/2879 6698/6698/2888
f 6690/6690/2880 6698/6698/2888 6699/6699/2889
f 6689/6689/2879 6691/6691/2881 6700/6700/2160
f 6689/6689/2879 6700/6700/2160 6698/6698/2888
f 6691/6691/2881 6692/6692/2882 6701/6701/2890
f 6691/6691/2881 6701/6701/2890 6700/6700/2160
f 6692/6692/2882 6693/6693/2883 6702/6702/2891
f 6692/6692/2882 6702/6702/2891 6701/6701/2890
f 6693/6693/2883 6694/6694/2884 6703/6703/2892
f 6693/6693/2883 6703/6703/2892 6702/6702/2891
f 6694/6694/2884 6695/6695/2885 6704/6704/2164
f 6694/6694/2884 6704/6704/2164 6703/6703/2892
f 6695/6695/2885 6696/6696/2886 6705/6705/2893
f 6695/6695/2885 6705/6705/2893 6704/6704/2164
f 6696/6696/2886 6697/6697/2887 6706/6706/2894
f 6696/6696/2886 6706/6706/2894 6705/6705/2893
f 6699/6699/2889 6698/6698/2888 6707/6707/2895
f 6699/6699/2889 6707/6707/2895 6708/6708/2896
f 6698/6698/2888 6700/6700/2160 6709/6709/2897
f 6698/6698/2888 6709/6709/2897 6707/6707/2895
f 6700/6700/2160 6701/6701/2890 6710/6710/2898
f 6700/6700/2160 6710/6710/2898 6709/6709/2897
f 6701/6701/2890 6702/6702/2891 6711/6711/2214
f 6701/6701/2890 6711/6711/2214 6710/6710/2898
f 6702/6702/2891 6703/6703/2892 6712/6712/2899
f 6702/6702/2891 6712/6712/2899 6711/6711/2214
f 6703/6703/2892 6704/6704/2164 6713/6713/2900
f 6703/6703/2892 6713/6713/2900 6712/6712/2899
f 6704/6704/2164 6705/6705/2893 6714/6714/2901
f 6704/6704/2164 6714/6714/2901 6713/6713/2900
f 6705/6705/2893 6706/6706/2894 6715/6715/2896
f 6705/6705/2893 6715/6715/2896 6714/6714/2901
f 6708/6708/2896 6707/6707/2895 6716/6716/2902
f 6708/6708/2896 6716/6716/2902 6717/6717/2903
f 6707/6707/2895 6709/6709/2897 6718/6718/2904
f 6707/6707/2895 6718/6718/2904 6716/6716/2902
f 6709/6709/2897 6710/6710/2898 6719/6719/2905
f 6709/6709/2897 6719/6719/2905 6718/6718/2904
f 6710/6710/2898 6711/6711/2214 6720/6720/2906
f 6710/6710/2898 6720/6720/2906 6719/6719/2905
f 6711/6711/2214 6712/6712/2899 6721/6721/2907
f 6711/6711/2214 6721/6721/2907 6720/6720/2906
f 6712/6712/2899 6713/6713/2900 6722/6722/2908
f 6712/6712/2899 6722/6722/2908 6721/6721/2907
f 6713/6713/2900 6714/6714/2901 6723/6723/2909
f 6713/6713/2900 6723/6723/2909 6722/6722/2908
f 6714/6714/2901 6715/6715/2896 6724/6724/2910
f 6714/6714/2901 6724/6724/2910 6723/6723/2909
f 6717/6717/2903 6716/6716/2902 6725/6725/2911
f 6717/6717/2903 6725/6725/2911 6726/6726/2912
f 6716/6716/2902 6718/6718/2904 6727/6727/2913
f 6716/6716/2902 6727/6727/2913 6725/6725/2911
f 6718/6718/2904 6719/6719/2905 6728/6728/2914
f 6718/6718/2904 6728/6728/2914 6727/6727/2913
f 6719/6719/2905 6720/6720/2906 6729/6729/2915
f 6719/6719/2905 6729/6729/2915 6728/6728/2914
f 6720/6720/2906 6721/6721/2907 6730/6730/2916
f 6720/6720/2906 6730/6730/2916 6729/6729/2915
f 6721/6721/2907 6722/6722/2908 6731/6731/2917
f 6721/6721/2907 6731/6731/2917 6730/6730/2916
f 6722/6722/2908 6723/6723/2909 6732/6732/2918
f 6722/6722/2908 6732/6732/2918 6731/6731/2917
f 6723/6723/2909 6724/6724/2910 6733/6733/2912
f 6723/6723/2909 6733/6733/2912 6732/6732/2918
f 6726/6726/2912 6725/6725/2911 6734/6734/2919
f 6726/6726/2912 6734/6734/2919 6735/6735/2920
f 6725/6725/2911 6727/6727/2913 6736/6736/2921
f 6725/6725/2911 6736/6736/2921 6734/6734/2919
f 6727/6727/2913 6728/6728/2914 6737/6737/2922
f 6727/6727/2913 6737/6737/2922 6736/6736/2921
f 6728/6728/2914 6729/6729/2915 6738/6738/2923
f 6728/6728/2914 6738/6738/2923 6737/6737/2922
f 6729/6729/2915 6730/6730/2916 6739/6739/2924
f 6729/6729/2915 6739/6739/2924 6738/6738/2923
f 6730/6730/2916 6731/6731/2917 6740/6740/2925
f 6730/6730/2916 6740/6740/2925 6739/6739/2924
f 6731/6731/2917 6732/6732/2918 6741/6741/2926
f 6731/6731/2917 6741/6741/2926 6740/6740/2925
f 6732/6732/2918 6733/6733/2912 6742/6742/2927
f 6732/6732/2918 6742/6742/2927 6741/6741/2926
f 6735/6735/2920 6734/6734/2919 6743/6743/2928
f 6735/6735/2920 6743/6743/2928 6744/6744/2929
f 6734/6734/2919 6736/6736/2921 6745/6745/2930
f 6734/6734/2919 6745/6745/2930 6743/6743/2928
f 6736/6736/2921 6737/6737/2922 6746/6746/2931
f 6736/6736/2921 6746/6746/2931 6745/6745/2930
f 6737/6737/2922 6738/6738/2923 6747/6747/2932
f 6737/6737/2922 6747/6747/2932 6746/6746/2931
f 6738/6738/2923 6739/6739/2924 6748/6748/2933
f 6738/6738/2923 6748/6748/2933 6747/6747/2932
f 6739/6739/2924 6740/6740/2925 6749/6749/2934
f 6739/6739/2924 6749/6749/2934 6748/6748/2933
f 6740/6740/2925 6741/6741/2926 6750/6750/2935
f 6740/6740/2925 6750/6750/2935 6749/6749/2934
f 6741/6741/2926 6742/6742/2927 6751/6751/2936
f 6741/6741/2926 6751/6751/2936 6750/6750/2935
f 6744/6744/2929 6743/6743/2928 6752/6752/2937
f 6744/6744/2929 6752/6752/2937 6753/6753/2938
f 6743/6743/2928 6745/6745/2930 6754/6754/2310
f 6743/6743/2928 6754/6754/2310 6752/6752/2937
f 6745/6745/2930 6746/6746/2931 6755/6755/2939
f 6745/6745/2930 6755/6755/2939 6754/6754/2310
f 6746/6746/2931 6747/6747/2932 6756/6756/2940
f 6746/6746/2931 6756/6756/2940 6755/6755/2939
f 6747/6747/2932 6748/6748/2933 6757/6757/2941
f 6747/6747/2932 6757/6757/2941 6756/6756/2940
f 6748/6748/2933 6749/6749/2934 6758/6758/2314
f 6748/6748/2933 6758/6758/2314 6757/6757/2941
f 6749/6749/2934 6750/6750/2935 6759/6759/2942
f 6749/6749/2934 6759/6759/2942 6758/6758/2314
f 6750/6750/2935 6751/6751/2936 6760/6760/2943
f 6750/6750/2935 6760/6760/2943 6759/6759/2942
f 6753/6753/2938 6752/6752/2937 6761/6761/2944
f 6753/6753/2938 6761/6761/2944 6762/6762/2945
f 6752/6752/2937 6754/6754/2310 6763/6763/1058
f 6752/6752/2937 6763/6763/1058 6761/6761/2944
f 6754/6754/2310 6755/6755/2939 6764/6764/2946
f 6754/6754/2310 6764/6764/2946 6763/6763/1058
f 6755/6755/2939 6756/6756/2940 6765/6765/2947
f 6755/6755/2939 6765/6765/2947 6764/6764/2946
f 6756/6756/2940 6757/6757/2941 6766/6766/2948
f 6756/6756/2940 6766/6766/2948 6765/6765/2947
f 6757/6757/2941 6758/6758/2314 6767/6767/2949
f 6757/6757/2941 6767/6767/2949 6766/6766/2948
f 6758/6758/2314 6759/6759/2942 6768/6768/2950
f 6758/6758/2314 6768/6768/2950 6767/6767/2949
f 6759/6759/2942 6760/6760/2943 6769/6769/2945
f 6759/6759/2942 6769/6769/2945 6768/6768/2950
f 6762/6762/2945 6761/6761/2944 6770/6770/2951
f 6762/6762/2945 6770/6770/2951 6771/6771/2952
f 6761/6761/2944 6763/6763/1058 6772/6772/2160
f 6761/6761/2944 6772/6772/2160 6770/6770/2951
f 6763/6763/1058 6764/6764/2946 6773/6773/2953
f 6763/6763/1058 6773/6773/2953 6772/6772/2160
f 6764/6764/2946 6765/6765/2947 6774/6774/2954
f 6764/6764/2946 6774/6774/2954 6773/6773/2953
f 6765/6765/2947 6766/6766/2948 6775/6775/2955
f 6765/6765/2947 6775/6775/2955 6774/6774/2954
f 6766/6766/2948 6767/6767/2949 6776/6776/2164
f 6766/6766/2948 6776/6776/2164 6775/6775/2955
f 6767/6767/2949 6768/6768/2950 6777/6777/2956
f 6767/6767/2949 6777/6777/2956 6776/6776/2164
f 6768/6768/2950 6769/6769/2945 6778/6778/2952
f 6768/6768/2950 6778/6778/2952 6777/6777/2956
f 6771/6771/2952 6770/6770/2951 6779/6779/2957
f 6771/6771/2952 6779/6779/2957 6780/6780/2958
f 6770/6770/2951 6772/6772/2160 6781/6781/2959
f 6770/6770/2951 6781/6781/2959 6779/6779/2957
f 6772/6772/2160 6773/6773/2953 6782/6782/2960
f 6772/6772/2160 6782/6782/2960 6781/6781/2959
f 6773/6773/2953 6774/6774/2954 6783/6783/2961
f 6773/6773/2953 6783/6783/2961 6782/6782/2960
f 6774/6774/2954 6775/6775/2955 6784/6784/2962
f 6774/6774/2954 6784/6784/2962 6783/6783/2961
f 6775/6775/2955 6776/6776/2164 6785/6785/2963
f 6775/6775/2955 6785/6785/2963 6784/6784/2962
f 6776/6776/2164 6777/6777/2956 6786/6786/2964
f 6776/6776/2164 6786/6786/2964 6785/6785/2963
f 6777/6777/2956 6778/6778/2952 6787/6787/2958
f 6777/6777/2956 6787/6787/2958 6786/6786/2964
f 6780/6780/2958 6779/6779/2957 6788/6788/2965
f 6780/6780/2958 6788/6788/2965 6789/6789/2966
f 6779/6779/2957 6781/6781/2959 6790/6790/2967
f 6779/6779/2957 6790/6790/2967 6788/6788/2965
f 6781/6781/2959 6782/6782/2960 6791/6791/2968
f 6781/6781/2959 6791/6791/2968 6790/6790/2967
f 6782/6782/2960 6783/6783/2961 6792/6792/2969
f 6782/6782/2960 6792/6792/2969 6791/6791/2968
f 6783/6783/2961 6784/6784/2962 6793/6793/2970
f 6783/6783/2961 6793/6793/2970 6792/6792/2969
f 6784/6784/2962 6785/6785/2963 6794/6794/2971
f 6784/6784/2962 6794/6794/2971 6793/6793/2970
f 6785/6785/2963 6786/6786/2964 6795/6795/2972
f 6785/6785/2963 6795/6795/2972 6794/6794/2971
f 6786/6786/2964 6787/6787/2958 6796/6796/2966
f 6786/6786/2964 6796/6796/2966 6795/6795/2972
f 6789/6789/2966 6788/6788/2965 6797/6797/2973
f 6789/6789/2966 6797/6797/2973 6798/6798/2974
f 6788/6788/2965 6790/6790/2967 6799/6799/2975
f 6788/6788/2965 6799/6799/2975 6797/6797/2973
f 6790/6790/2967 6791/6791/2968 6800/6800/2976
f 6790/6790/2967 6800/6800/2976 6799/6799/2975
f 6791/6791/2968 6792/6792/2969 6801/6801/2977
f 6791/6791/2968 6801/6801/2977 6800/6800/2976
f 6792/6792/2969 6793/6793/2970 6802/6802/2978
f 6792/6792/2969 6802/6802/2978 6801/6801/2977
f 6793/6793/2970 6794/6794/2971 6803/6803/2188
f 6793/6793/2970 6803/6803/2188 6802/6802/2978
f 6794/6794/2971 6795/6795/2972 6804/6804/2979
f 6794/6794/2971 6804/6804/2979 6803/6803/2188
f 6795/6795/2972 6796/6796/2966 6805/6805/2974
f 6795/6795/2972 6805/6805/2974 6804/6804/2979
f 6798/6798/2974 6797/6797/2973 6806/6806/2980
f 6798/6798/2974 6806/6806/2980 6807/6807/2981
f 6797/6797/2973 6799/6799/2975 6808/6808/2184
f 6797/6797/2973 6808/6808/2184 6806/6806/2980
f 6799/6799/2975 6800/6800/2976 6809/6809/2982
f 6799/6799/2975 6809/6809/2982 6808/6808/2184
f 6800/6800/2976 6801/6801/2977 6810/6810/2983
f 6800/6800/2976 6810/6810/2983 6809/6809/2982
f 6801/6801/2977 6802/6802/2978 6811/6811/2984
f 6801/6801/2977 6811/6811/2984 6810/6810/2983
f 6802/6802/2978 6803/6803/2188 6812/6812/2985
f 6802/6802/2978 6812/6812/2985 6811/6811/2984
f 6803/6803/2188 6804/6804/2979 6813/6813/2986
f 6803/6803/2188 6813/6813/2986 6812/6812/2985
f 6804/6804/2979 6805/6805/2974 6814/6814/2981
f 6804/6804/2979 6814/6814/2981 6813/6813/2986
f 6807/6807/2981 6806/6806/2980 6815/6815/2987
f 6807/6807/2981 6815/6815/2987 6816/6816/2988
f 6806/6806/2980 6808/6808/2184 6817/6817/2989
f 6806/6806/2980 6817/6817/2989 6815/6815/2987
f 6808/6808/2184 6809/6809/2982 6818/6818/2990
f 6808/6808/2184 6818/6818/2990 6817/6817/2989
f 6809/6809/2982 6810/6810/2983 6819/6819/2991
f 6809/6809/2982 6819/6819/2991 6818/6818/2990
f 6810/6810/2983 6811/6811/2984 6820/6820/2992
f 6810/6810/2983 6820/6820/2992 6819/6819/2991
f 6811/6811/2984 6812/6812/2985 6821/6821/2993
f 6811/6811/2984 6821/6821/2993 6820/6820/2992
f 6812/6812/2985 6813/6813/2986 6822/6822/2994
f 6812/6812/2985 6822/6822/2994 6821/6821/2993
f 6813/6813/2986 6814/6814/2981 6823/6823/2988
f 6813/6813/2986 6823/6823/2988 6822/6822/2994
f 6816/6816/2988 6815/6815/2987 6824/6824/2995
f 6816/6816/2988 6824/6824/2995 6825/6825/2996
f 6815/6815/2987 6817/6817/2989 6826/6826/2997
f 6815/6815/2987 6826/6826/2997 6824/6824/2995
f 6817/6817/2989 6818/6818/2990 6827/6827/2998
f 6817/6817/2989 6827/6827/2998 6826/6826/2997
f 6818/6818/2990 6819/6819/2991 6828/6828/2999
f 6818/6818/2990 6828/6828/2999 6827/6827/2998
f 6819/6819/2991 6820/6820/2992 6829/6829/3000
f 6819/6819/2991 6829/6829/3000 6828/6828/2999
f 6820/6820/2992 6821/6821/2993 6830/6830/3001
f 6820/6820/2992 6830/6830/3001 6829/6829/3000
f 6821/6821/2993 6822/6822/2994 6831/6831/3002
f 6821/6821/2993 6831/6831/3002 6830/6830/3001
f 6822/6822/2994 6823/6823/2988 6832/6832/2996
f 6822/6822/2994 6832/6832/2996 6831/6831/3002
f 6825/6825/2996 6824/6824/2995 6833/6833/3003
f 6825/6825/2996 6833/6833/3003 6834/6834/3004
f 6824/6824/2995 6826/6826/2997 6835/6835/2997
f 6824/6824/2995 6835/6835/2997 6833/6833/3003
f 6826/6826/2997 6827/6827/2998 6836/6836/3005
f 6826/6826/2997 6836/6836/3005 6835/6835/2997
f 6827/6827/2998 6828/6828/2999 6837/6837/3006
f 6827/6827/2998 6837/6837/3006 6836/6836/3005
f 6828/6828/2999 6829/6829/3000 6838/6838/3007
f 6828/6828/2999 6838/6838/3007 6837/6837/3006
f 6829/6829/3000 6830/6830/3001 6839/6839/3001
f 6829/6829/3000 6839/6839/3001 6838/6838/3007
f 6830/6830/3001 6831/6831/3002 6840/6840/3008
f 6830/6830/3001 6840/6840/3008 6839/6839/3001
f 6831/6831/3002 6832/6832/2996 6841/6841/3004
f 6831/6831/3002 6841/6841/3004 6840/6840/3008
f 6834/6834/3004 6833/6833/3003 6842/6842/3009
f 6834/6834/3004 6842/6842/3009 6843/6843/3010
f 6833/6833/3003 6835/6835/2997 6844/6844/2176
f 6833/6833/3003 6844/6844/2176 6842/6842/3009
f 6835/6835/2997 6836/6836/3005 6845/6845/3011
f 6835/6835/2997 6845/6845/3011 6844/6844/2176
f 6836/6836/3005 6837/6837/3006 6846/6846/3012
f 6836/6836/3005 6846/6846/3012 6845/6845/3011
f 6837/6837/3006 6838/6838/3007 6847/6847/3013
f 6837/6837/3006 6847/6847/3013 6846/6846/3012
f 6838/6838/3007 6839/6839/3001 6848/6848/3014
f 6838/6838/3007 6848/6848/3014 6847/6847/3013
f 6839/6839/3001 6840/6840/3008 6849/6849/3015
f 6839/6839/3001 6849/6849/3015 6848/6848/3014
f 6840/6840/3008 6841/6841/3004 6850/6850/3010
f 6840/6840/3008 6850/6850/3010 6849/6849/3015
f 6843/6843/3010 6842/6842/3009 6851/6851/3016
f 6843/6843/3010 6851/6851/3016 6852/6852/3017
f 6842/6842/3009 6844/6844/2176 6853/6853/3018
f 6842/6842/3009 6853/6853/3018 6851/6851/3016
f 6844/6844/2176 6845/6845/3011 6854/6854/3019
f 6844/6844/2176 6854/6854/3019 6853/6853/3018
f 6845/6845/3011 6846/6846/3012 6855/6855/3020
f 6845/6845/3011 6855/6855/3020 6854/6854/3019
f 6846/6846/3012 6847/6847/3013 6856/6856/3021
f 6846/6846/3012 6856/6856/3021 6855/6855/3020
f 6847/6847/3013 6848/6848/3014 6857/6857/3022
f 6847/6847/3013 6857/6857/3022 6856/6856/3021
f 6848/6848/3014 6849/6849/3015 6858/6858/3023
f 6848/6848/3014 6858/6858/3023 6857/6857/3022
f 6849/6849/3015 6850/6850/3010 6859/6859/3017
f 6849/6849/3015 6859/6859/3017 6858/6858/3023
f 6852/6852/3017 6851/6851/3016 6860/6860/3024
f 6852/6852/3017 6860/6860/3024 6861/6861/3025
f 6851/6851/3016 6853/6853/3018 6862/6862/3026
f 6851/6851/3016 6862/6862/3026 6860/6860/3024
f 6853/6853/3018 6854/6854/3019 6863/6863/3027
f 6853/6853/3018 6863/6863/3027 6862/6862/3026
f 6854/6854/3019 6855/6855/3020 6864/6864/3028
f 6854/6854/3019 6864/6864/3028 6863/6863/3027
f 6855/6855/3020 6856/6856/3021 6865/6865/3029
f 6855/6855/3020 6865/6865/3029 6864/6864/3028
f 6856/6856/3021 6857/6857/3022 6866/6866/3030
f 6856/6856/3021 6866/6866/3030 6865/6865/3029
f 6857/6857/3022 6858/6858/3023 6867/6867/3031
f 6857/6857/3022 6867/6867/3031 6866/6866/3030
f 6858/6858/3023 6859/6859/3017 6868/6868/3025
f 6858/6858/3023 6868/6868/3025 6867/6867/3031
f 6861/6861/3025 6860/6860/3024 6869/6869/3032
f 6861/6861/3025 6869/6869/3032 6870/6870/3033
f 6860/6860/3024 6862/6862/3026 6871/6871/3034
f 6860/6860/3024 6871/6871/3034 6869/6869/3032
f 6862/6862/3026 6863/6863/3027 6872/6872/3035
f 6862/6862/3026 6872/6872/3035 6871/6871/3034
f 6863/6863/3027 6864/6864/3028 6873/6873/3036
f 6863/6863/3027 6873/6873/3036 6872/6872/3035
f 6864/6864/3028 6865/6865/3029 6874/6874/3037
f 6864/6864/3028 6874/6874/3037 6873/6873/3036
f 6865/6865/3029 6866/6866/3030 6875/6875/3038
f 6865/6865/3029 6875/6875/3038 6874/6874/3037
f 6866/6866/3030 6867/6867/3031 6876/6876/3039
f 6866/6866/3030 6876/6876/3039 6875/6875/3038
f 6867/6867/3031 6868/6868/3025 6877/6877/3033
f 6867/6867/3031 6877/6877/3033 6876/6876/3039
f 6870/6870/3033 6869/6869/3032 6878/6878/3040
f 6870/6870/3033 6878/6878/3040 6879/6879/3041
f 6869/6869/3032 6871/6871/3034 6880/6880/3042
f 6869/6869/3032 6880/6880/3042 6878/6878/3040
f 6871/6871/3034 6872/6872/3035 6881/6881/3043
f 6871/6871/3034 6881/6881/3043 6880/6880/3042
f 6872/6872/3035 6873/6873/3036 6882/6882/3044
f 6872/6872/3035 6882/6882/3044 6881/6881/3043
f 6873/6873/3036 6874/6874/3037 6883/6883/3045
f 6873/6873/3036 6883/6883/3045 6882/6882/3044
f 6874/6874/3037 6875/6875/3038 6884/6884/3046
f 6874/6874/3037 6884/6884/3046 6883/6883/3045
f 6875/6875/3038 6876/6876/3039 6885/6885/3047
f 6875/6875/3038 6885/6885/3047 6884/6884/3046
f 6876/6876/3039 6877/6877/3033 6886/6886/3041
f 6876/6876/3039 6886/6886/3041 6885/6885/3047
f 6879/6879/3041 6878/6878/3040 6887/6887/3048
f 6879/6879/3041 6887/6887/3048 6888/6888/3049
f 6878/6878/3040 6880/6880/3042 6889/6889/3050
f 6878/6878/3040 6889/6889/3050 6887/6887/3048
f 6880/6880/3042 6881/6881/3043 6890/6890/3051
f 6880/6880/3042 6890/6890/3051 6889/6889/3050
f 6881/6881/3043 6882/6882/3044 6891/6891/3052
f 6881/6881/3043 6891/6891/3052 6890/6890/3051
f 6882/6882/3044 6883/6883/3045 6892/6892/3053
f 6882/6882/3044 6892/6892/3053 6891/6891/3052
f 6883/6883/3045 6884/6884/3046 6893/6893/3054
f 6883/6883/3045 6893/6893/3054 6892/6892/3053
f 6884/6884/3046 6885/6885/3047 6894/6894/3055
f 6884/6884/3046 6894/6894/3055 6893/6893/3054
f 6885/6885/3047 6886/6886/3041 6895/6895/3049
f 6885/6885/3047 6895/6895/3049 6894/6894/3055
f 6888/6888/3049 6887/6887/3048 6896/6896/3056
f 6888/6888/3049 6896/6896/3056 6897/6897/3057
f 6887/6887/3048 6889/6889/3050 6898/6898/3058
f 6887/6887/3048 6898/6898/3058 6896/6896/3056
f 6889/6889/3050 6890/6890/3051 6899/6899/3059
f 6889/6889/3050 6899/6899/3059 6898/6898/3058
f 6890/6890/3051 6891/6891/3052 6900/6900/3060
f 6890/6890/3051 6900/6900/3060 6899/6899/3059
f 6891/6891/3052 6892/6892/3053 6901/6901/3061
f 6891/6891/3052 6901/6901/3061 6900/6900/3060
f 6892/6892/3053 6893/6893/3054 6902/6902/3062
f 6892/6892/3053 6902/6902/3062 6901/6901/3061
f 6893/6893/3054 6894/6894/3055 6903/6903/3063
f 6893/6893/3054 6903/6903/3063 6902/6902/3062
f 6894/6894/3055 6895/6895/3049 6904/6904/3057
f 6894/6894/3055 6904/6904/3057 6903/6903/3063
f 6897/6897/3057 6896/6896/3056 6905/6905/3064
f 6897/6897/3057 6905/6905/3064 6906/6906/3065
f 6896/6896/3056 6898/6898/3058 6907/6907/3066
f 6896/6896/3056 6907/6907/3066 6905/6905/3064
f 6898/6898/3058 6899/6899/3059 6908/6908/3067
f 6898/6898/3058 6908/6908/3067 6907/6907/3066
f 6899/6899/3059 6900/6900/3060 6909/6909/3068
f 6899/6899/3059 6909/6909/3068 6908/6908/3067
f 6900/6900/3060 6901/6901/3061 6910/6910/3069
f 6900/6900/3060 6910/6910/3069 6909/6909/3068
f 6901/6901/3061 6902/6902/3062 6911/6911/3070
f 6901/6901/3061 6911/6911/3070 6910/6910/3069
f 6902/6902/3062 6903/6903/3063 6912/6912/3071
f 6902/6902/3062 6912/6912/3071 6911/6911/3070
f 6903/6903/3063 6904/6904/3057 6913/6913/3065
f 6903/6903/3063 6913/6913/3065 6912/6912/3071
f 6906/6906/3065 6905/6905/3064 6914/6914/3072
f 6906/6906/3065 6914/6914/3072 6915/6915/3073
f 6905/6905/3064 6907/6907/3066 6916/6916/3074
f 6905/6905/3064 6916/6916/3074 6914/6914/3072
f 6907/6907/3066 6908/6908/3067 6917/6917/3075
f 6907/6907/3066 6917/6917/3075 6916/6916/3074
f 6908/6908/3067 6909/6909/3068 6918/6918/3076
f 6908/6908/3067 6918/6918/3076 6917/6917/3075
f 6909/6909/3068 6910/6910/3069 6919/6919/3077
f 6909/6909/3068 6919/6919/3077 6918/6918/3076
f 6910/6910/3069 6911/6911/3070 6920/6920/3078
f 6910/6910/3069 6920/6920/3078 6919/6919/3077
f 6911/6911/3070 6912/6912/3071 6921/6921/3079
f 6911/6911/3070 6921/6921/3079 6920/6920/3078
f 6912/6912/3071 6913/6913/3065 6922/6922/3073
f 6912/6912/3071 6922/6922/3073 6921/6921/3079
f 6915/6915/3073 6914/6914/3072 6923/6923/3080
f 6915/6915/3073 6923/6923/3080 6924/6924/3081
f 6914/6914/3072 6916/6916/3074 6925/6925/3082
f 6914/6914/3072 6925/6925/3082 6923/6923/3080
f 6916/6916/3074 6917/6917/3075 6926/6926/3083
f 6916/6916/3074 6926/6926/3083 6925/6925/3082
f 6917/6917/3075 6918/6918/3076 6927/6927/3084
f 6917/6917/3075 6927/6927/3084 6926/6926/3083
f 6918/6918/3076 6919/6919/3077 6928/6928/3085
f 6918/6918/3076 6928/6928/3085 6927/6927/3084
f 6919/6919/3077 6920/6920/3078 6929/6929/3086
f 6919/6919/3077 6929/6929/3086 6928/6928/3085
f 6920/6920/3078 6921/6921/3079 6930/6930/3087
f 6920/6920/3078 6930/6930/3087 6929/6929/3086
f 6921/6921/3079 6922/6922/3073 6931/6931/3081
f 6921/6921/3079 6931/6931/3081 6930/6930/3087
f 6924/6924/3081 6923/6923/3080 6932/6932/3088
f 6924/6924/3081 6932/6932/3088 6933/6933/3089
f 6923/6923/3080 6925/6925/3082 6934/6934/3090
f 6923/6923/3080 6934/6934/3090 6932/6932/3088
f 6925/6925/3082 6926/6926/3083 6935/6935/3091
f 6925/6925/3082 6935/6935/3091 6934/6934/3090
f 6926/6926/3083 6927/6927/3084 6936/6936/3092
f 6926/6926/3083 6936/6936/3092 6935/6935/3091
f 6927/6927/3084 6928/6928/3085 6937/6937/3093
f 6927/6927/3084 6937/6937/3093 6936/6936/3092
f 6928/6928/3085 6929/6929/3086 6938/6938/3094
f 6928/6928/3085 6938/6938/3094 6937/6937/3093
f 6929/6929/3086 6930/6930/3087 6939/6939/3095
f 6929/6929/3086 6939/6939/3095 6938/6938/3094
f 6930/6930/3087 6931/6931/3081 6940/6940/3089
f 6930/6930/3087 6940/6940/3089 6939/6939/3095
f 6933/6933/3089 6932/6932/3088 6941/6941/3096
f 6933/6933/3089 6941/6941/3096 6942/6942/3097
f 6932/6932/3088 6934/6934/3090 6943/6943/3098
f 6932/6932/3088 6943/6943/3098 6941/6941/3096
f 6934/6934/3090 6935/6935/3091 6944/6944/3099
f 6934/6934/3090 6944/6944/3099 6943/6943/3098
f 6935/6935/3091 6936/6936/3092 6945/6945/3100
f 6935/6935/3091 6945/6945/3100 6944/6944/3099
f 6936/6936/3092 6937/6937/3093 6946/6946/3101
f 6936/6936/3092 6946/6946/3101 6945/6945/3100
f 6937/6937/3093 6938/6938/3094 6947/6947/3102
f 6937/6937/3093 6947/6947/3102 6946/6946/3101
f 6938/6938/3094 6939/6939/3095 6948/6948/3103
f 6938/6938/3094 6948/6948/3103 6947/6947/3102
f 6939/6939/3095 6940/6940/3089 6949/6949/3097
f 6939/6939/3095 6949/6949/3097 6948/6948/3103
f 6942/6942/3097 6941/6941/3096 6950/6950/3104
f 6942/6942/3097 6950/6950/3104 6951/6951/3105
f 6941/6941/3096 6943/6943/3098 6952/6952/3106
f 6941/6941/3096 6952/6952/3106 6950/6950/3104
f 6943/6943/3098 6944/6944/3099 6953/6953/3107
f 6943/6943/3098 6953/6953/3107 6952/6952/3106
f 6944/6944/3099 6945/6945/3100 6954/6954/3108
f 6944/6944/3099 6954/6954/3108 6953/6953/3107
f 6945/6945/3100 6946/6946/3101 6955/6955/3109
f 6945/6945/3100 6955/6955/3109 6954/6954/3108
f 6946/6946/3101 6947/6947/3102 6956/6956/3110
f 6946/6946/3101 6956/6956/3110 6955/6955/3109
f 6947/6947/3102 6948/6948/3103 6957/6957/3111
f 6947/6947/3102 6957/6957/3111 6956/6956/3110
f 6948/6948/3103 6949/6949/3097 6958/6958/3105
f 6948/6948/3103 6958/6958/3105 6957/6957/3111
f 6951/6951/3105 6950/6950/3104 6959/6959/3112
f 6951/6951/3105 6959/6959/3112 6960/6960/3113
f 6950/6950/3104 6952/6952/3106 6961/6961/3114
f 6950/6950/3104 6961/6961/3114 6959/6959/3112
f 6952/6952/3106 6953/6953/3107 6962/6962/3115
f 6952/6952/3106 6962/6962/3115 6961/6961/3114
f 6953/6953/3107 6954/6954/3108 6963/6963/3116
f 6953/6953/3107 6963/6963/3116 6962/6962/3115
f 6954/6954/3108 6955/6955/3109 6964/6964/3117
f 6954/6954/3108 6964/6964/3117 6963/6963/3116
f 6955/6955/3109 6956/6956/3110 6965/6965/3118
f 6955/6955/3109 6965/6965/3118 6964/6964/3117
f 6956/6956/3110 6957/6957/3111 6966/6966/3119
f 6956/6956/3110 6966/6966/3119 6965/6965/3118
f 6957/6957/3111 6958/6958/3105 6967/6967/3113
f 6957/6957/3111 6967/6967/3113 6966/6966/3119
f 6960/6960/3113 6959/6959/3112 6968/6968/3120
f 6960/6960/3113 6968/6968/3120 6969/6969/3121
f 6959/6959/3112 6961/6961/3114 6970/6970/3122
f 6959/6959/3112 6970/6970/3122 6968/6968/3120
f 6961/6961/3114 6962/6962/3115 6971/6971/3123
f 6961/6961/3114 6971/6971/3123 6970/6970/3122
f 6962/6962/3115 6963/6963/3116 6972/6972/3124
f 6962/6962/3115 6972/6972/3124 6971/6971/3123
f 6963/6963/3116 6964/6964/3117 6973/6973/3125
f 6963/6963/3116 6973/6973/3125 6972/6972/3124
f 6964/6964/3117 6965/6965/3118 6974/6974/3126
f 6964/6964/3117 6974/6974/3126 6973/6973/3125
f 6965/6965/3118 6966/6966/3119 6975/6975/3127
f 6965/6965/3118 6975/6975/3127 6974/6974/3126
f 6966/6966/3119 6967/6967/3113 6976/6976/3121
f 6966/6966/3119 6976/6976/3121 6975/6975/3127
f 6969/6969/3121 6968/6968/3120 6977/6977/3128
f 6969/6969/3121 6977/6977/3128 6978/6978/3129
f 6968/6968/3120 6970/6970/3122 6979/6979/3130
f 6968/6968/3120 6979/6979/3130 6977/6977/3128
f 6970/6970/3122 6971/6971/3123 6980/6980/3131
f 6970/6970/3122 6980/6980/3131 6979/6979/3130
f 6971/6971/3123 6972/6972/3124 6981/6981/3132
f 6971/6971/3123 6981/6981/3132 6980/6980/3131
f 6972/6972/3124 6973/6973/3125 6982/6982/3133
f 6972/6972/3124 6982/6982/3133 6981/6981/3132
f 6973/6973/3125 6974/6974/3126 6983/6983/3134
f 6973/6973/3125 6983/6983/3134 6982/6982/3133
f 6974/6974/3126 6975/6975/3127 6984/6984/3135
f 6974/6974/3126 6984/6984/3135 6983/6983/3134
f 6975/6975/3127 6976/6976/3121 6985/6985/3129
f 6975/6975/3127 6985/6985/3129 6984/6984/3135
f 6978/6978/3129 6977/6977/3128 6986/6986/3136
f 6978/6978/3129 6986/6986/3136 6987/6987/3137
f 6977/6977/3128 6979/6979/3130 6988/6988/3138
f 6977/6977/3128 6988/6988/3138 6986/6986/3136
f 6979/6979/3130 6980/6980/3131 6989/6989/3139
f 6979/6979/3130 6989/6989/3139 6988/6988/3138
f 6980/6980/3131 6981/6981/3132 6990/6990/3140
f 6980/6980/3131 6990/6990/3140 6989/6989/3139
f 6981/6981/3132 6982/6982/3133 6991/6991/3141
f 6981/6981/3132 6991/6991/3141 6990/6990/3140
f 6982/6982/3133 6983/6983/3134 6992/6992/3142
f 6982/6982/3133 6992/6992/3142 6991/6991/3141
f 6983/6983/3134 6984/6984/3135 6993/6993/3143
f 6983/6983/3134 6993/6993/3143 6992/6992/3142
f 6984/6984/3135 6985/6985/3129 6994/6994/3144
f 6984/6984/3135 6994/6994/3144 6993/6993/3143
f 6987/6987/3137 6986/6986/3136 6995/6995/3145
f 6987/6987/3137 6995/6995/3145 6996/6996/3146
f 6986/6986/3136 6988/6988/3138 6997/6997/3147
f 6986/6986/3136 6997/6997/3147 6995/6995/3145
f 6988/6988/3138 6989/6989/3139 6998/6998/3148
f 6988/6988/3138 6998/6998/3148 6997/6997/3147
f 6989/6989/3139 6990/6990/3140 6999/6999/3149
f 6989/6989/3139 6999/6999/3149 6998/6998/3148
f 6990/6990/3140 6991/6991/3141 7000/7000/3150
f 6990/6990/3140 7000/7000/3150 6999/6999/3149
f 6991/6991/3141 6992/6992/3142 7001/7001/3151
f 6991/6991/3141 7001/7001/3151 7000/7000/3150
f 6992/6992/3142 6993/6993/3143 7002/7002/3152
f 6992/6992/3142 7002/7002/3152 7001/7001/3151
f 6993/6993/3143 6994/6994/3144 7003/7003/3146
f 6993/6993/3143 7003/7003/3146 7002/7002/3152
f 6996/6996/3146 6995/6995/3145 7004/7004/3153
f 6996/6996/3146 7004/7004/3153 7005/7005/3154
f 6995/6995/3145 6997/6997/3147 7006/7006/3155
f 6995/6995/3145 7006/7006/3155 7004/7004/3153
f 6997/6997/3147 6998/6998/3148 7007/7007/3156
f 6997/6997/3147 7007/7007/3156 7006/7006/3155
f 6998/6998/3148 6999/6999/3149 7008/7008/3157
f 6998/6998/3148 7008/7008/3157 7007/7007/3156
f 6999/6999/3149 7000/7000/3150 7009/7009/3158
f 6999/6999/3149 7009/7009/3158 7008/7008/3157
f 7000/7000/3150 7001/7001/3151 7010/7010/3159
f 7000/7000/3150 7010/7010/3159 7009/7009/3158
f 7001/7001/3151 7002/7002/3152 7011/7011/3160
f 7001/7001/3151 7011/7011/3160 7010/7010/3159
f 7002/7002/3152 7003/7003/3146 7012/7012/3161
f 7002/7002/3152 7012/7012/3161 7011/7011/3160
f 7013/7013/3162 7014/7014/3163 7015/7015/3164
f 7013/7013/3162 7015/7015/3164 7016/7016/1658
f 7014/7014/3163 7017/7017/3165 7018/7018/3166
f 7014/7014/3163 7018/7018/3166 7015/7015/3164
f 7017/7017/3165 7019/7019/3167 7020/7020/3168
f 7017/7017/3165 7020/7020/3168 7018/7018/3166
f 7019/7019/3167 7021/7021/3169 7022/7022/1652
f 7019/7019/3167 7022/7022/1652 7020/7020/3168
f 7021/7021/3169 7023/7023/3170 7024/7024/3171
f 7021/7021/3169 7024/7024/3171 7022/7022/1652
f 7023/7023/3170 7025/7025/3172 7026/7026/3173
f 7023/7023/3170 7026/7026/3173 7024/7024/3171
f 7025/7025/3172 7027/7027/3174 7028/7028/3175
f 7025/7025/3172 7028/7028/3175 7026/7026/3173
f 7027/7027/3174 7029/7029/3162 7030/7030/1658
f 7027/7027/3174 7030/7030/1658 7028/7028/3175
f 7016/7016/1658 7015/7015/3164 7031/7031/3176
f 7016/7016/1658 7031/7031/3176 7032/7032/3177
f 7015/7015/3164 7018/7018/3166 7033/7033/3178
f 7015/7015/3164 7033/7033/3178 7031/7031/3176
f 7018/7018/3166 7020/7020/3168 7034/7034/3179
f 7018/7018/3166 7034/7034/3179 7033/7033/3178
f 7020/7020/3168 7022/7022/1652 7035/7035/3180
f 7020/7020/3168 7035/7035/3180 7034/7034/3179
f 7022/7022/1652 7024/7024/3171 7036/7036/3181
f 7022/7022/1652 7036/7036/3181 7035/7035/3180
f 7024/7024/3171 7026/7026/3173 7037/7037/3182
f 7024/7024/3171 7037/7037/3182 7036/7036/3181
f 7026/7026/3173 7028/7028/3175 7038/7038/3183
f 7026/7026/3173 7038/7038/3183 7037/7037/3182
f 7028/7028/3175 7030/7030/1658 7039/7039/3177
f 7028/7028/3175 7039/7039/3177 7038/7038/3183
f 7032/7032/3177 7031/7031/3176 7040/7040/3184
f 7032/7032/3177 7040/7040/3184 7041/7041/3185
f 7031/7031/3176 7033/7033/3178 7042/7042/3186
f 7031/7031/3176 7042/7042/3186 7040/7040/3184
f 7033/7033/3178 7034/7034/3179 7043/7043/3187
f 7033/7033/3178 7043/7043/3187 7042/7042/3186
f 7034/7034/3179 7035/7035/3180 7044/7044/3188
f 7034/7034/3179 7044/7044/3188 7043/7043/3187
f 7035/7035/3180 7036/7036/3181 7045/7045/3189
f 7035/7035/3180 7045/7045/3189 7044/7044/3188
f 7036/7036/3181 7037/7037/3182 7046/7046/3190
f 7036/7036/3181 7046/7046/3190 7045/7045/3189
f 7037/7037/3182 7038/7038/3183 7047/7047/3191
f 7037/7037/3182 7047/7047/3191 7046/7046/3190
f 7038/7038/3183 7039/7039/3177 7048/7048/3185
f 7038/7038/3183 7048/7048/3185 7047/7047/3191
f 7041/7041/3185 7040/7040/3184 7049/7049/3192
f 7041/7041/3185 7049/7049/3192 7050/7050/3193
f 7040/7040/3184 7042/7042/3186 7051/7051/3194
f 7040/7040/3184 7051/7051/3194 7049/7049/3192
f 7042/7042/3186 7043/7043/3187 7052/7052/3195
f 7042/7042/3186 7052/7052/3195 7051/7051/3194
f 7043/7043/3187 7044/7044/3188 7053/7053/3196
f 7043/7043/3187 7053/7053/3196 7052/7052/3195
f 7044/7044/3188 7045/7045/3189 7054/7054/3197
f 7044/7044/3188 7054/7054/3197 7053/7053/3196
f 7045/7045/3189 7046/7046/3190 7055/7055/3198
f 7045/7045/3189 7055/7055/3198 7054/7054/3197
f 7046/7046/3190 7047/7047/3191 7056/7056/3199
f 7046/7046/3190 7056/7056/3199 7055/7055/3198
f 7047/7047/3191 7048/7048/3185 7057/7057/3193
f 7047/7047/3191 7057/7057/3193 7056/7056/3199
f 7050/7050/3193 7049/7049/3192 7058/7058/3200
f 7050/7050/3193 7058/7058/3200 7059/7059/3201
f 7049/7049/3192 7051/7051/3194 7060/7060/3202
f 7049/7049/3192 7060/7060/3202 7058/7058/3200
f 7051/7051/3194 7052/7052/3195 7061/7061/3203
f 7051/7051/3194 7061/7061/3203 7060/7060/3202
f 7052/7052/3195 7053/7053/3196 7062/7062/3204
f 7052/7052/3195 7062/7062/3204 7061/7061/3203
f 7053/7053/3196 7054/7054/3197 7063/7063/3205
f 7053/7053/3196 7063/7063/3205 7062/7062/3204
f 7054/7054/3197 7055/7055/3198 7064/7064/3206
f 7054/7054/3197 7064/7064/3206 7063/7063/3205
f 7055/7055/3198 7056/7056/3199 7065/7065/3207
f 7055/7055/3198 7065/7065/3207 7064/7064/3206
f 7056/7056/3199 7057/7057/3193 7066/7066/3201
f 7056/7056/3199 7066/7066/3201 7065/7065/3207
f 7059/7059/3201 7058/7058/3200 7067/7067/3208
f 7059/7059/3201 7067/7067/3208 7068/7068/3209
f 7058/7058/3200 7060/7060/3202 7069/7069/3210
f 7058/7058/3200 7069/7069/3210 7067/7067/3208
f 7060/7060/3202 7061/7061/3203 7070/7070/3211
f 7060/7060/3202 7070/7070/3211 7069/7069/3210
f 7061/7061/3203 7062/7062/3204 7071/7071/3212
f 7061/7061/3203 7071/7071/3212 7070/7070/3211
f 7062/7062/3204 7063/7063/3205 7072/7072/3213
f 7062/7062/3204 7072/7072/3213 7071/7071/3212
f 7063/7063/3205 7064/7064/3206 7073/7073/3214
f 7063/7063/3205 7073/7073/3214 7072/7072/3213
f 7064/7064/3206 7065/7065/3207 7074/7074/3215
f 7064/7064/3206 7074/7074/3215 7073/7073/3214
f 7065/7065/3207 7066/7066/3201 7075/7075/3209
f 7065/7065/3207 7075/7075/3209 7074/7074/3215
f 7068/7068/3209 7067/7067/3208 7076/7076/3216
f 7068/7068/3209 7076/7076/3216 7077/7077/3217
f 7067/7067/3208 7069/7069/3210 7078/7078/3218
f 7067/7067/3208 7078/7078/3218 7076/7076/3216
f 7069/7069/3210 7070/7070/3211 7079/7079/3219
f 7069/7069/3210 7079/7079/3219 7078/7078/3218
f 7070/7070/3211 7071/7071/3212 7080/7080/3220
f 7070/7070/3211 7080/7080/3220 7079/7079/3219
f 7071/7071/3212 7072/7072/3213 7081/7081/3221
f 7071/7071/3212 7081/7081/3221 7080/7080/3220
f 7072/7072/3213 7073/7073/3214 7082/7082/3222
f 7072/7072/3213 7082/7082/3222 7081/7081/3221
f 7073/7073/3214 7074/7074/3215 7083/7083/3223
f 7073/7073/3214 7083/7083/3223 7082/7082/3222
f 7074/7074/3215 7075/7075/3209 7084/7084/3217
f 7074/7074/3215 7084/7084/3217 7083/7083/3223
f 7077/7077/3217 7076/7076/3216 7085/7085/3224
f 7077/7077/3217 7085/7085/3224 7086/7086/3225
f 7076/7076/3216 7078/7078/3218 7087/7087/3226
f 7076/7076/3216 7087/7087/3226 7085/7085/3224
f 7078/7078/3218 7079/7079/3219 7088/7088/3227
f 7078/7078/3218 7088/7088/3227 7087/7087/3226
f 7079/7079/3219 7080/7080/3220 7089/7089/1714
f 7079/7079/3219 7089/7089/1714 7088/7088/3227
f 7080/7080/3220 7081/7081/3221 7090/7090/3228
f 7080/7080/3220 7090/7090/3228 7089/7089/1714
f 7081/7081/3221 7082/7082/3222 7091/7091/3229
f 7081/7081/3221 7091/7091/3229 7090/7090/3228
f 7082/7082/3222 7083/7083/3223 7092/7092/3230
f 7082/7082/3222 7092/7092/3230 7091/7091/3229
f 7083/7083/3223 7084/7084/3217 7093/7093/1717
f 7083/7083/3223 7093/7093/1717 7092/7092/3230
f 7086/7086/3225 7085/7085/3224 7094/7094/3231
f 7086/7086/3225 7094/7094/3231 7095/7095/1725
f 7085/7085/3224 7087/7087/3226 7096/7096/3232
f 7085/7085/3224 7096/7096/3232 7094/7094/3231
f 7087/7087/3226 7088/7088/3227 7097/7097/3233
f 7087/7087/3226 7097/7097/3233 7096/7096/3232
f 7088/7088/3227 7089/7089/1714 7098/7098/1722
f 7088/7088/3227 7098/7098/1722 7097/7097/3233
f 7089/7089/1714 7090/7090/3228 7099/7099/3234
f 7089/7089/1714 7099/7099/3234 7098/7098/1722
f 7090/7090/3228 7091/7091/3229 7100/7100/3235
f 7090/7090/3228 7100/7100/3235 7099/7099/3234
f 7091/7091/3229 7092/7092/3230 7101/7101/3236
f 7091/7091/3229 7101/7101/3236 7100/7100/3235
f 7092/7092/3230 7093/7093/1717 7102/7102/1725
f 7092/7092/3230 7102/7102/1725 7101/7101/3236
f 7095/7095/1725 7094/7094/3231 7103/7103/3237
f 7095/7095/1725 7103/7103/3237 7104/7104/1733
f 7094/7094/3231 7096/7096/3232 7105/7105/3238
f 7094/7094/3231 7105/7105/3238 7103/7103/3237
f 7096/7096/3232 7097/7097/3233 7106/7106/3239
f 7096/7096/3232 7106/7106/3239 7105/7105/3238
f 7097/7097/3233 7098/7098/1722 7107/7107/1730
f 7097/7097/3233 7107/7107/1730 7106/7106/3239
f 7098/7098/1722 7099/7099/3234 7108/7108/3240
f 7098/7098/1722 7108/7108/3240 7107/7107/1730
f 7099/7099/3234 7100/7100/3235 7109/7109/3241
f 7099/7099/3234 7109/7109/3241 7108/7108/3240
f 7100/7100/3235 7101/7101/3236 7110/7110/3242
f 7100/7100/3235 7110/7110/3242 7109/7109/3241
f 7101/7101/3236 7102/7102/1725 7111/7111/1733
f 7101/7101/3236 7111/7111/1733 7110/7110/3242
f 7104/7104/1733 7103/7103/3237 7112/7112/3243
f 7104/7104/1733 7112/7112/3243 7113/7113/3244
f 7103/7103/3237 7105/7105/3238 7114/7114/3245
f 7103/7103/3237 7114/7114/3245 7112/7112/3243
f 7105/7105/3238 7106/7106/3239 7115/7115/3246
f 7105/7105/3238 7115/7115/3246 7114/7114/3245
f 7106/7106/3239 7107/7107/1730 7116/7116/3247
f 7106/7106/3239 7116/7116/3247 7115/7115/3246
f 7107/7107/1730 7108/7108/3240 7117/7117/3248
f 7107/7107/1730 7117/7117/3248 7116/7116/3247
f 7108/7108/3240 7109/7109/3241 7118/7118/3249
f 7108/7108/3240 7118/7118/3249 7117/7117/3248
f 7109/7109/3241 7110/7110/3242 7119/7119/3250
f 7109/7109/3241 7119/7119/3250 7118/7118/3249
f 7110/7110/3242 7111/7111/1733 7120/7120/3244
f 7110/7110/3242 7120/7120/3244 7119/7119/3250
f 7113/7113/3244 7112/7112/3243 7121/7121/3251
f 7113/7113/3244 7121/7121/3251 7122/7122/2487
f 7112/7112/3243 7114/7114/3245 7123/7123/3252
f 7112/7112/3243 7123/7123/3252 7121/7121/3251
f 7114/7114/3245 7115/7115/3246 7124/7124/3253
f 7114/7114/3245 7124/7124/3253 7123/7123/3252
f 7115/7115/3246 7116/7116/3247 7125/7125/3254
f 7115/7115/3246 7125/7125/3254 7124/7124/3253
f 7116/7116/3247 7117/7117/3248 7126/7126/3255
f 7116/7116/3247 7126/7126/3255 7125/7125/3254
f 7117/7117/3248 7118/7118/3249 7127/7127/3256
f 7117/7117/3248 7127/7127/3256 7126/7126/3255
f 7118/7118/3249 7119/7119/3250 7128/7128/3257
f 7118/7118/3249 7128/7128/3257 7127/7127/3256
f 7119/7119/3250 7120/7120/3244 7129/7129/2487
f 7119/7119/3250 7129/7129/2487 7128/7128/3257
f 7122/7122/2487 7121/7121/3251 7130/7130/3258
f 7122/7122/2487 7130/7130/3258 7131/7131/3259
f 7121/7121/3251 7123/7123/3252 7132/7132/3260
f 7121/7121/3251 7132/7132/3260 7130/7130/3258
f 7123/7123/3252 7124/7124/3253 7133/7133/3261
f 7123/7123/3252 7133/7133/3261 7132/7132/3260
f 7124/7124/3253 7125/7125/3254 7134/7134/3262
f 7124/7124/3253 7134/7134/3262 7133/7133/3261
f 7125/7125/3254 7126/7126/3255 7135/7135/3263
f 7125/7125/3254 7135/7135/3263 7134/7134/3262
f 7126/7126/3255 7127/7127/3256 7136/7136/3264
f 7126/7126/3255 7136/7136/3264 7135/7135/3263
f 7127/7127/3256 7128/7128/3257 7137/7137/3265
f 7127/7127/3256 7137/7137/3265 7136/7136/3264
f 7128/7128/3257 7129/7129/2487 7138/7138/3259
f 7128/7128/3257 7138/7138/3259 7137/7137/3265
f 7131/7131/3259 7130/7130/3258 7139/7139/3266
f 7131/7131/3259 7139/7139/3266 7140/7140/3267
f 7130/7130/3258 7132/7132/3260 7141/7141/3268
f 7130/7130/3258 7141/7141/3268 7139/7139/3266
f 7132/7132/3260 7133/7133/3261 7142/7142/3269
f 7132/7132/3260 7142/7142/3269 7141/7141/3268
f 7133/7133/3261 7134/7134/3262 7143/7143/3270
f 7133/7133/3261 7143/7143/3270 7142/7142/3269
f 7134/7134/3262 7135/7135/3263 7144/7144/3271
f 7134/7134/3262 7144/7144/3271 7143/7143/3270
f 7135/7135/3263 7136/7136/3264 7145/7145/3272
f 7135/7135/3263 7145/7145/3272 7144/7144/3271
f 7136/7136/3264 7137/7137/3265 7146/7146/3273
f 7136/7136/3264 7146/7146/3273 7145/7145/3272
f 7137/7137/3265 7138/7138/3259 7147/7147/3267
f 7137/7137/3265 7147/7147/3267 7146/7146/3273
f 7140/7140/3267 7139/7139/3266 7148/7148/3274
f 7140/7140/3267 7148/7148/3274 7149/7149/3275
f 7139/7139/3266 7141/7141/3268 7150/7150/3276
f 7139/7139/3266 7150/7150/3276 7148/7148/3274
f 7141/7141/3268 7142/7142/3269 7151/7151/3277
f 7141/7141/3268 7151/7151/3277 7150/7150/3276
f 7142/7142/3269 7143/7143/3270 7152/7152/3278
f 7142/7142/3269 7152/7152/3278 7151/7151/3277
f 7143/7143/3270 7144/7144/3271 7153/7153/3279
f 7143/7143/3270 7153/7153/3279 7152/7152/3278
f 7144/7144/3271 7145/7145/3272 7154/7154/3280
f 7144/7144/3271 7154/7154/3280 7153/7153/3279
f 7145/7145/3272 7146/7146/3273 7155/7155/3281
f 7145/7145/3272 7155/7155/3281 7154/7154/3280
f 7146/7146/3273 7147/7147/3267 7156/7156/3275
f 7146/7146/3273 7156/7156/3275 7155/7155/3281
f 7149/7149/3275 7148/7148/3274 7157/7157/3282
f 7149/7149/3275 7157/7157/3282 7158/7158/1781
f 7148/7148/3274 7150/7150/3276 7159/7159/3283
f 7148/7148/3274 7159/7159/3283 7157/7157/3282
f 7150/7150/3276 7151/7151/3277 7160/7160/3284
f 7150/7150/3276 7160/7160/3284 7159/7159/3283
f 7151/7151/3277 7152/7152/3278 7161/7161/1778
f 7151/7151/3277 7161/7161/1778 7160/7160/3284
f 7152/7152/3278 7153/7153/3279 7162/7162/3285
f 7152/7152/3278 7162/7162/3285 7161/7161/1778
f 7153/7153/3279 7154/7154/3280 7163/7163/3286
f 7153/7153/3279 7163/7163/3286 7162/7162/3285
f 7154/7154/3280 7155/7155/3281 7164/7164/3287
f 7154/7154/3280 7164/7164/3287 7163/7163/3286
f 7155/7155/3281 7156/7156/3275 7165/7165/1781
f 7155/7155/3281 7165/7165/1781 7164/7164/3287
f 7158/7158/1781 7157/7157/3282 7166/7166/3288
f 7158/7158/1781 7166/7166/3288 7167/7167/3289
f 7157/7157/3282 7159/7159/3283 7168/7168/3290
f 7157/7157/3282 7168/7168/3290 7166/7166/3288
f 7159/7159/3283 7160/7160/3284 7169/7169/3291
f 7159/7159/3283 7169/7169/3291 7168/7168/3290
f 7160/7160/3284 7161/7161/1778 7170/7170/3292
f 7160/7160/3284 7170/7170/3292 7169/7169/3291
f 7161/7161/1778 7162/7162/3285 7171/7171/3293
f 7161/7161/1778 7171/7171/3293 7170/7170/3292
f 7162/7162/3285 7163/7163/3286 7172/7172/3294
f 7162/7162/3285 7172/7172/3294 7171/7171/3293
f 7163/7163/3286 7164/7164/3287 7173/7173/3295
f 7163/7163/3286 7173/7173/3295 7172/7172/3294
f 7164/7164/3287 7165/7165/1781 7174/7174/3289
f 7164/7164/3287 7174/7174/3289 7173/7173/3295
f 7167/7167/3289 7166/7166/3288 7175/7175/3296
f 7167/7167/3289 7175/7175/3296 7176/7176/1797
f 7166/7166/3288 7168/7168/3290 7177/7177/3297
f 7166/7166/3288 7177/7177/3297 7175/7175/3296
f 7168/7168/3290 7169/7169/3291 7178/7178/3298
f 7168/7168/3290 7178/7178/3298 7177/7177/3297
f 7169/7169/3291 7170/7170/3292 7179/7179/1794
f 7169/7169/3291 7179/7179/1794 7178/7178/3298
f 7170/7170/3292 7171/7171/3293 7180/7180/3299
f 7170/7170/3292 7180/7180/3299 7179/7179/1794
f 7171/7171/3293 7172/7172/3294 7181/7181/3300
f 7171/7171/3293 7181/7181/3300 7180/7180/3299
f 7172/7172/3294 7173/7173/3295 7182/7182/3301
f 7172/7172/3294 7182/7182/3301 7181/7181/3300
f 7173/7173/3295 7174/7174/3289 7183/7183/1797
f 7173/7173/3295 7183/7183/1797 7182/7182/3301
f 7176/7176/1797 7175/7175/3296 7184/7184/3302
f 7176/7176/1797 7184/7184/3302 7185/7185/1805
f 7175/7175/3296 7177/7177/3297 7186/7186/3303
f 7175/7175/3296 7186/7186/3303 7184/7184/3302
f 7177/7177/3297 7178/7178/3298 7187/7187/3304
f 7177/7177/3297 7187/7187/3304 7186/7186/3303
f 7178/7178/3298 7179/7179/1794 7188/7188/1802
f 7178/7178/3298 7188/7188/1802 7187/7187/3304
f 7179/7179/1794 7180/7180/3299 7189/7189/3305
f 7179/7179/1794 7189/7189/3305 7188/7188/1802
f 7180/7180/3299 7181/7181/3300 7190/7190/2572
f 7180/7180/3299 7190/7190/2572 7189/7189/3305
f 7181/7181/3300 7182/7182/3301 7191/7191/3306
f 7181/7181/3300 7191/7191/3306 7190/7190/2572
f 7182/7182/3301 7183/7183/1797 7192/7192/1805
f 7182/7182/3301 7192/7192/1805 7191/7191/3306
f 7185/7185/1805 7184/7184/3302 7193/7193/3307
f 7185/7185/1805 7193/7193/3307 7194/7194/1813
f 7184/7184/3302 7186/7186/3303 7195/7195/3308
f 7184/7184/3302 7195/7195/3308 7193/7193/3307
f 7186/7186/3303 7187/7187/3304 7196/7196/3309
f 7186/7186/3303 7196/7196/3309 7195/7195/3308
f 7187/7187/3304 7188/7188/1802 7197/7197/1810
f 7187/7187/3304 7197/7197/1810 7196/7196/3309
f 7188/7188/1802 7189/7189/3305 7198/7198/3310
f 7188/7188/1802 7198/7198/3310 7197/7197/1810
f 7189/7189/3305 7190/7190/2572 7199/7199/3311
f 7189/7189/3305 7199/7199/3311 7198/7198/3310
f 7190/7190/2572 7191/7191/3306 7200/7200/3312
f 7190/7190/2572 7200/7200/3312 7199/7199/3311
f 7191/7191/3306 7192/7192/1805 7201/7201/1813
f 7191/7191/3306 7201/7201/1813 7200/7200/3312
f 7194/7194/1813 7193/7193/3307 7202/7202/3313
f 7194/7194/1813 7202/7202/3313 7203/7203/1821
f 7193/7193/3307 7195/7195/3308 7204/7204/3314
f 7193/7193/3307 7204/7204/3314 7202/7202/3313
f 7195/7195/3308 7196/7196/3309 7205/7205/3315
f 7195/7195/3308 7205/7205/3315 7204/7204/3314
f 7196/7196/3309 7197/7197/1810 7206/7206/1818
f 7196/7196/3309 7206/7206/1818 7205/7205/3315
f 7197/7197/1810 7198/7198/3310 7207/7207/3316
f 7197/7197/1810 7207/7207/3316 7206/7206/1818
f 7198/7198/3310 7199/7199/3311 7208/7208/3317
f 7198/7198/3310 7208/7208/3317 7207/7207/3316
f 7199/7199/3311 7200/7200/3312 7209/7209/3318
f 7199/7199/3311 7209/7209/3318 7208/7208/3317
f 7200/7200/3312 7201/7201/1813 7210/7210/1821
f 7200/7200/3312 7210/7210/1821 7209/7209/3318
f 7203/7203/1821 7202/7202/3313 7211/7211/3319
f 7203/7203/1821 7211/7211/3319 7212/7212/3320
f 7202/7202/3313 7204/7204/3314 7213/7213/3321
f 7202/7202/3313 7213/7213/3321 7211/7211/3319
f 7204/7204/3314 7205/7205/3315 7214/7214/3322
f 7204/7204/3314 7214/7214/3322 7213/7213/3321
f 7205/7205/3315 7206/7206/1818 7215/7215/3323
f 7205/7205/3315 7215/7215/3323 7214/7214/3322
f 7206/7206/1818 7207/7207/3316 7216/7216/3324
f 7206/7206/1818 7216/7216/3324 7215/7215/3323
f 7207/7207/3316 7208/7208/3317 7217/7217/3325
f 7207/7207/3316 7217/7217/3325 7216/7216/3324
f 7208/7208/3317 7209/7209/3318 7218/7218/3326
f 7208/7208/3317 7218/7218/3326 7217/7217/3325
f 7209/7209/3318 7210/7210/1821 7219/7219/3320
f 7209/7209/3318 7219/7219/3320 7218/7218/3326
f 7212/7212/3320 7211/7211/3319 7220/7220/3327
f 7212/7212/3320 7220/7220/3327 7221/7221/1837
f 7211/7211/3319 7213/7213/3321 7222/7222/3328
f 7211/7211/3319 7222/7222/3328 7220/7220/3327
f 7213/7213/3321 7214/7214/3322 7223/7223/3329
f 7213/7213/3321 7223/7223/3329 7222/7222/3328
f 7214/7214/3322 7215/7215/3323 7224/7224/1834
f 7214/7214/3322 7224/7224/1834 7223/7223/3329
f 7215/7215/3323 7216/7216/3324 7225/7225/3330
f 7215/7215/3323 7225/7225/3330 7224/7224/1834
f 7216/7216/3324 7217/7217/3325 7226/7226/3331
f 7216/7216/3324 7226/7226/3331 7225/7225/3330
f 7217/7217/3325 7218/7218/3326 7227/7227/3332
f 7217/7217/3325 7227/7227/3332 7226/7226/3331
f 7218/7218/3326 7219/7219/3320 7228/7228/3333
f 7218/7218/3326 7228/7228/3333 7227/7227/3332
f 7221/7221/1837 7220/7220/3327 7229/7229/3334
f 7221/7221/1837 7229/7229/3334 7230/7230/3335
f 7220/7220/3327 7222/7222/3328 7231/7231/3336
f 7220/7220/3327 7231/7231/3336 7229/7229/3334
f 7222/7222/3328 7223/7223/3329 7232/7232/3337
f 7222/7222/3328 7232/7232/3337 7231/7231/3336
f 7223/7223/3329 7224/7224/1834 7233/7233/3338
f 7223/7223/3329 7233/7233/3338 7232/7232/3337
f 7224/7224/1834 7225/7225/3330 7234/7234/3339
f 7224/7224/1834 7234/7234/3339 7233/7233/3338
f 7225/7225/3330 7226/7226/3331 7235/7235/3340
f 7225/7225/3330 7235/7235/3340 7234/7234/3339
f 7226/7226/3331 7227/7227/3332 7236/7236/3341
f 7226/7226/3331 7236/7236/3341 7235/7235/3340
f 7227/7227/3332 7228/7228/3333 7237/7237/3335
f 7227/7227/3332 7237/7237/3335 7236/7236/3341
f 7230/7230/3335 7229/7229/3334 7238/7238/3342
f 7230/7230/3335 7238/7238/3342 7239/7239/2542
f 7229/7229/3334 7231/7231/3336 7240/7240/3343
f 7229/7229/3334 7240/7240/3343 7238/7238/3342
f 7231/7231/3336 7232/7232/3337 7241/7241/3344
f 7231/7231/3336 7241/7241/3344 7240/7240/3343
f 7232/7232/3337 7233/7233/3338 7242/7242/3345
f 7232/7232/3337 7242/7242/3345 7241/7241/3344
f 7233/7233/3338 7234/7234/3339 7243/7243/3346
f 7233/7233/3338 7243/7243/3346 7242/7242/3345
f 7234/7234/3339 7235/7235/3340 7244/7244/3347
f 7234/7234/3339 7244/7244/3347 7243/7243/3346
f 7235/7235/3340 7236/7236/3341 7245/7245/3348
f 7235/7235/3340 7245/7245/3348 7244/7244/3347
f 7236/7236/3341 7237/7237/3335 7246/7246/2542
f 7236/7236/3341 7246/7246/2542 7245/7245/3348
f 7239/7239/2542 7238/7238/3342 7247/7247/3349
f 7239/7239/2542 7247/7247/3349 7248/7248/1895
f 7238/7238/3342 7240/7240/3343 7249/7249/3350
f 7238/7238/3342 7249/7249/3350 7247/7247/3349
f 7240/7240/3343 7241/7241/3344 7250/7250/3351
f 7240/7240/3343 7250/7250/3351 7249/7249/3350
f 7241/7241/3344 7242/7242/3345 7251/7251/3352
f 7241/7241/3344 7251/7251/3352 7250/7250/3351
f 7242/7242/3345 7243/7243/3346 7252/7252/3353
f 7242/7242/3345 7252/7252/3353 7251/7251/3352
f 7243/7243/3346 7244/7244/3347 7253/7253/3354
f 7243/7243/3346 7253/7253/3354 7252/7252/3353
f 7244/7244/3347 7245/7245/3348 7254/7254/3355
f 7244/7244/3347 7254/7254/3355 7253/7253/3354
f 7245/7245/3348 7246/7246/2542 7255/7255/3356
f 7245/7245/3348 7255/7255/3356 7254/7254/3355
f 7248/7248/1895 7247/7247/3349 7256/7256/3357
f 7248/7248/1895 7256/7256/3357 7257/7257/3358
f 7247/7247/3349 7249/7249/3350 7258/7258/3359
f 7247/7247/3349 7258/7258/3359 7256/7256/3357
f 7249/7249/3350 7250/7250/3351 7259/7259/3360
f 7249/7249/3350 7259/7259/3360 7258/7258/3359
f 7250/7250/3351 7251/7251/3352 7260/7260/3361
f 7250/7250/3351 7260/7260/3361 7259/7259/3360
f 7251/7251/3352 7252/7252/3353 7261/7261/3362
f 7251/7251/3352 7261/7261/3362 7260/7260/3361
f 7252/7252/3353 7253/7253/3354 7262/7262/3363
f 7252/7252/3353 7262/7262/3363 7261/7261/3362
f 7253/7253/3354 7254/7254/3355 7263/7263/3364
f 7253/7253/3354 7263/7263/3364 7262/7262/3363
f 7254/7254/3355 7255/7255/3356 7264/7264/3358
f 7254/7254/3355 7264/7264/3358 7263/7263/3364
f 7257/7257/3358 7256/7256/3357 7265/7265/3365
f 7257/7257/3358 7265/7265/3365 7266/7266/1879
f 7256/7256/3357 7258/7258/3359 7267/7267/3366
f 7256/7256/3357 7267/7267/3366 7265/7265/3365
f 7258/7258/3359 7259/7259/3360 7268/7268/3367
f 7258/7258/3359 7268/7268/3367 7267/7267/3366
f 7259/7259/3360 7260/7260/3361 7269/7269/1876
f 7259/7259/3360 7269/7269/1876 7268/7268/3367
f 7260/7260/3361 7261/7261/3362 7270/7270/3368
f 7260/7260/3361 7270/7270/3368 7269/7269/1876
f 7261/7261/3362 7262/7262/3363 7271/7271/3369
f 7261/7261/3362 7271/7271/3369 7270/7270/3368
f 7262/7262/3363 7263/7263/3364 7272/7272/3370
f 7262/7262/3363 7272/7272/3370 7271/7271/3369
f 7263/7263/3364 7264/7264/3358 7273/7273/1879
f 7263/7263/3364 7273/7273/1879 7272/7272/3370
f 7266/7266/1879 7265/7265/3365 7274/7274/3371
f 7266/7266/1879 7274/7274/3371 7275/7275/3372
f 7265/7265/3365 7267/7267/3366 7276/7276/3373
f 7265/7265/3365 7276/7276/3373 7274/7274/3371
f 7267/7267/3366 7268/7268/3367 7277/7277/3374
f 7267/7267/3366 7277/7277/3374 7276/7276/3373
f 7268/7268/3367 7269/7269/1876 7278/7278/3375
f 7268/7268/3367 7278/7278/3375 7277/7277/3374
f 7269/7269/1876 7270/7270/3368 7279/7279/3376
f 7269/7269/1876 7279/7279/3376 7278/7278/3375
f 7270/7270/3368 7271/7271/3369 7280/7280/3377
f 7270/7270/3368 7280/7280/3377 7279/7279/3376
f 7271/7271/3369 7272/7272/3370 7281/7281/3378
f 7271/7271/3369 7281/7281/3378 7280/7280/3377
f 7272/7272/3370 7273/7273/1879 7282/7282/3372
f 7272/7272/3370 7282/7282/3372 7281/7281/3378
f 7275/7275/3372 7274/7274/3371 7283/7283/3379
f 7275/7275/3372 7283/7283/3379 7284/7284/3380
f 7274/7274/3371 7276/7276/3373 7285/7285/3381
f 7274/7274/3371 7285/7285/3381 7283/7283/3379
f 7276/7276/3373 7277/7277/3374 7286/7286/3382
f 7276/7276/3373 7286/7286/3382 7285/7285/3381
f 7277/7277/3374 7278/7278/3375 7287/7287/1859
f 7277/7277/3374 7287/7287/1859 7286/7286/3382
f 7278/7278/3375 7279/7279/3376 7288/7288/3383
f 7278/7278/3375 7288/7288/3383 7287/7287/1859
f 7279/7279/3376 7280/7280/3377 7289/7289/3384
f 7279/7279/3376 7289/7289/3384 7288/7288/3383
f 7280/7280/3377 7281/7281/3378 7290/7290/3385
f 7280/7280/3377 7290/7290/3385 7289/7289/3384
f 7281/7281/3378 7282/7282/3372 7291/7291/3380
f 7281/7281/3378 7291/7291/3380 7290/7290/3385
f 7284/7284/3380 7283/7283/3379 7292/7292/3386
f 7284/7284/3380 7292/7292/3386 7293/7293/3387
f 7283/7283/3379 7285/7285/3381 7294/7294/3388
f 7283/7283/3379 7294/7294/3388 7292/7292/3386
f 7285/7285/3381 7286/7286/3382 7295/7295/3389
f 7285/7285/3381 7295/7295/3389 7294/7294/3388
f 7286/7286/3382 7287/7287/1859 7296/7296/3390
f 7286/7286/3382 7296/7296/3390 7295/7295/3389
f 7287/7287/1859 7288/7288/3383 7297/7297/3391
f 7287/7287/1859 7297/7297/3391 7296/7296/3390
f 7288/7288/3383 7289/7289/3384 7298/7298/3392
f 7288/7288/3383 7298/7298/3392 7297/7297/3391
f 7289/7289/3384 7290/7290/3385 7299/7299/3393
f 7289/7289/3384 7299/7299/3393 7298/7298/3392
f 7290/7290/3385 7291/7291/3380 7300/7300/3387
f 7290/7290/3385 7300/7300/3387 7299/7299/3393
f 7293/7293/3387 7292/7292/3386 7301/7301/3394
f 7293/7293/3387 7301/7301/3394 7302/7302/3395
f 7292/7292/3386 7294/7294/3388 7303/7303/3396
f 7292/7292/3386 7303/7303/3396 7301/7301/3394
f 7294/7294/3388 7295/7295/3389 7304/7304/3397
f 7294/7294/3388 7304/7304/3397 7303/7303/3396
f 7295/7295/3389 7296/7296/3390 7305/7305/3398
f 7295/7295/3389 7305/7305/3398 7304/7304/3397
f 7296/7296/3390 7297/7297/3391 7306/7306/3399
f 7296/7296/3390 7306/7306/3399 7305/7305/3398
f 7297/7297/3391 7298/7298/3392 7307/7307/3400
f 7297/7297/3391 7307/7307/3400 7306/7306/3399
f 7298/7298/3392 7299/7299/3393 7308/7308/3401
f 7298/7298/3392 7308/7308/3401 7307/7307/3400
f 7299/7299/3393 7300/7300/3387 7309/7309/3395
f 7299/7299/3393 7309/7309/3395 7308/7308/3401
f 7302/7302/3395 7301/7301/3394 7310/7310/3402
f 7302/7302/3395 7310/7310/3402 7311/7311/1918
f 7301/7301/3394 7303/7303/3396 7312/7312/3297
f 7301/7301/3394 7312/7312/3297 7310/7310/3402
f 7303/7303/3396 7304/7304/3397 7313/7313/3403
f 7303/7303/3396 7313/7313/3403 7312/7312/3297
f 7304/7304/3397 7305/7305/3398 7314/7314/1916
f 7304/7304/3397 7314/7314/1916 7313/7313/3403
f 7305/7305/3398 7306/7306/3399 7315/7315/3404
f 7305/7305/3398 7315/7315/3404 7314/7314/1916
f 7306/7306/3399 7307/7307/3400 7316/7316/3300
f 7306/7306/3399 7316/7316/3300 7315/7315/3404
f 7307/7307/3400 7308/7308/3401 7317/7317/3405
f 7307/7307/3400 7317/7317/3405 7316/7316/3300
f 7308/7308/3401 7309/7309/3395 7318/7318/3406
f 7308/7308/3401 7318/7318/3406 7317/7317/3405
f 7311/7311/1918 7310/7310/3402 7319/7319/3407
f 7311/7311/1918 7319/7319/3407 7320/7320/1926
f 7310/7310/3402 7312/7312/3297 7321/7321/3408
f 7310/7310/3402 7321/7321/3408 7319/7319/3407
f 7312/7312/3297 7313/7313/3403 7322/7322/3409
f 7312/7312/3297 7322/7322/3409 7321/7321/3408
f 7313/7313/3403 7314/7314/1916 7323/7323/1923
f 7313/7313/3403 7323/7323/1923 7322/7322/3409
f 7314/7314/1916 7315/7315/3404 7324/7324/3410
f 7314/7314/1916 7324/7324/3410 7323/7323/1923
f 7315/7315/3404 7316/7316/3300 7325/7325/3411
f 7315/7315/3404 7325/7325/3411 7324/7324/3410
f 7316/7316/3300 7317/7317/3405 7326/7326/3412
f 7316/7316/3300 7326/7326/3412 7325/7325/3411
f 7317/7317/3405 7318/7318/3406 7327/7327/1926
f 7317/7317/3405 7327/7327/1926 7326/7326/3412
f 7320/7320/1926 7319/7319/3407 7328/7328/3413
f 7320/7320/1926 7328/7328/3413 7329/7329/2676
f 7319/7319/3407 7321/7321/3408 7330/7330/3414
f 7319/7319/3407 7330/7330/3414 7328/7328/3413
f 7321/7321/3408 7322/7322/3409 7331/7331/3415
f 7321/7321/3408 7331/7331/3415 7330/7330/3414
f 7322/7322/3409 7323/7323/1923 7332/7332/1938
f 7322/7322/3409 7332/7332/1938 7331/7331/3415
f 7323/7323/1923 7324/7324/3410 7333/7333/3416
f 7323/7323/1923 7333/7333/3416 7332/7332/1938
f 7324/7324/3410 7325/7325/3411 7334/7334/3417
f 7324/7324/3410 7334/7334/3417 7333/7333/3416
f 7325/7325/3411 7326/7326/3412 7335/7335/3418
f 7325/7325/3411 7335/7335/3418 7334/7334/3417
f 7326/7326/3412 7327/7327/1926 7336/7336/1934
f 7326/7326/3412 7336/7336/1934 7335/7335/3418
f 7329/7329/2676 7328/7328/3413 7337/7337/3419
f 7329/7329/2676 7337/7337/3419 7338/7338/1943
f 7328/7328/3413 7330/7330/3414 7339/7339/3420
f 7328/7328/3413 7339/7339/3420 7337/7337/3419
f 7330/7330/3414 7331/7331/3415 7340/7340/3421
f 7330/7330/3414 7340/7340/3421 7339/7339/3420
f 7331/7331/3415 7332/7332/1938 7341/7341/1940
f 7331/7331/3415 7341/7341/1940 7340/7340/3421
f 7332/7332/1938 7333/7333/3416 7342/7342/3422
f 7332/7332/1938 7342/7342/3422 7341/7341/1940
f 7333/7333/3416 7334/7334/3417 7343/7343/3423
f 7333/7333/3416 7343/7343/3423 7342/7342/3422
f 7334/7334/3417 7335/7335/3418 7344/7344/3424
f 7334/7334/3417 7344/7344/3424 7343/7343/3423
f 7335/7335/3418 7336/7336/1934 7345/7345/1943
f 7335/7335/3418 7345/7345/1943 7344/7344/3424
f 7338/7338/1943 7337/7337/3419 7346/7346/3425
f 7338/7338/1943 7346/7346/3425 7347/7347/3426
f 7337/7337/3419 7339/7339/3420 7348/7348/3427
f 7337/7337/3419 7348/7348/3427 7346/7346/3425
f 7339/7339/3420 7340/7340/3421 7349/7349/3428
f 7339/7339/3420 7349/7349/3428 7348/7348/3427
f 7340/7340/3421 7341/7341/1940 7350/7350/3429
f 7340/7340/3421 7350/7350/3429 7349/7349/3428
f 7341/7341/1940 7342/7342/3422 7351/7351/3430
f 7341/7341/1940 7351/7351/3430 7350/7350/3429
f 7342/7342/3422 7343/7343/3423 7352/7352/3431
f 7342/7342/3422 7352/7352/3431 7351/7351/3430
f 7343/7343/3423 7344/7344/3424 7353/7353/3432
f 7343/7343/3423 7353/7353/3432 7352/7352/3431
f 7344/7344/3424 7345/7345/1943 7354/7354/3426
f 7344/7344/3424 7354/7354/3426 7353/7353/3432
f 7347/7347/3426 7346/7346/3425 7355/7355/3433
f 7347/7347/3426 7355/7355/3433 7356/7356/1854
f 7346/7346/3425 7348/7348/3427 7357/7357/3434
f 7346/7346/3425 7357/7357/3434 7355/7355/3433
f 7348/7348/3427 7349/7349/3428 7358/7358/3435
f 7348/7348/3427 7358/7358/3435 7357/7357/3434
f 7349/7349/3428 7350/7350/3429 7359/7359/3436
f 7349/7349/3428 7359/7359/3436 7358/7358/3435
f 7350/7350/3429 7351/7351/3430 7360/7360/3437
f 7350/7350/3429 7360/7360/3437 7359/7359/3436
f 7351/7351/3430 7352/7352/3431 7361/7361/3438
f 7351/7351/3430 7361/7361/3438 7360/7360/3437
f 7352/7352/3431 7353/7353/3432 7362/7362/3439
f 7352/7352/3431 7362/7362/3439 7361/7361/3438
f 7353/7353/3432 7354/7354/3426 7363/7363/1854
f 7353/7353/3432 7363/7363/1854 7362/7362/3439
f 7356/7356/1854 7355/7355/3433 7364/7364/3440
f 7356/7356/1854 7364/7364/3440 7365/7365/3441
f 7355/7355/3433 7357/7357/3434 7366/7366/3442
f 7355/7355/3433 7366/7366/3442 7364/7364/3440
f 7357/7357/3434 7358/7358/3435 7367/7367/3443
f 7357/7357/3434 7367/7367/3443 7366/7366/3442
f 7358/7358/3435 7359/7359/3436 7368/7368/3444
f 7358/7358/3435 7368/7368/3444 7367/7367/3443
f 7359/7359/3436 7360/7360/3437 7369/7369/3445
f 7359/7359/3436 7369/7369/3445 7368/7368/3444
f 7360/7360/3437 7361/7361/3438 7370/7370/3446
f 7360/7360/3437 7370/7370/3446 7369/7369/3445
f 7361/7361/3438 7362/7362/3439 7371/7371/3447
f 7361/7361/3438 7371/7371/3447 7370/7370/3446
f 7362/7362/3439 7363/7363/1854 7372/7372/3448
f 7362/7362/3439 7372/7372/3448 7371/7371/3447
f 7365/7365/3441 7364/7364/3440 7373/7373/3449
f 7365/7365/3441 7373/7373/3449 7374/7374/3450
f 7364/7364/3440 7366/7366/3442 7375/7375/3451
f 7364/7364/3440 7375/7375/3451 7373/7373/3449
f 7366/7366/3442 7367/7367/3443 7376/7376/3452
f 7366/7366/3442 7376/7376/3452 7375/7375/3451
f 7367/7367/3443 7368/7368/3444 7377/7377/3453
f 7367/7367/3443 7377/7377/3453 7376/7376/3452
f 7368/7368/3444 7369/7369/3445 7378/7378/3454
f 7368/7368/3444 7378/7378/3454 7377/7377/3453
f 7369/7369/3445 7370/7370/3446 7379/7379/3455
f 7369/7369/3445 7379/7379/3455 7378/7378/3454
f 7370/7370/3446 7371/7371/3447 7380/7380/3456
f 7370/7370/3446 7380/7380/3456 7379/7379/3455
f 7371/7371/3447 7372/7372/3448 7381/7381/3450
f 7371/7371/3447 7381/7381/3450 7380/7380/3456
f 7374/7374/3450 7373/7373/3449 7382/7382/3457
f 7374/7374/3450 7382/7382/3457 7383/7383/3458
f 7373/7373/3449 7375/7375/3451 7384/7384/3459
f 7373/7373/3449 7384/7384/3459 7382/7382/3457
f 7375/7375/3451 7376/7376/3452 7385/7385/3460
f 7375/7375/3451 7385/7385/3460 7384/7384/3459
f 7376/7376/3452 7377/7377/3453 7386/7386/3461
f 7376/7376/3452 7386/7386/3461 7385/7385/3460
f 7377/7377/3453 7378/7378/3454 7387/7387/3462
f 7377/7377/3453 7387/7387/3462 7386/7386/3461
f 7378/7378/3454 7379/7379/3455 7388/7388/3463
f 7378/7378/3454 7388/7388/3463 7387/7387/3462
f 7379/7379/3455 7380/7380/3456 7389/7389/3464
f 7379/7379/3455 7389/7389/3464 7388/7388/3463
f 7380/7380/3456 7381/7381/3450 7390/7390/3458
f 7380/7380/3456 7390/7390/3458 7389/7389/3464
f 7383/7383/3458 7382/7382/3457 7391/7391/3465
f 7383/7383/3458 7391/7391/3465 7392/7392/3466
f 7382/7382/3457 7384/7384/3459 7393/7393/3467
f 7382/7382/3457 7393/7393/3467 7391/7391/3465
f 7384/7384/3459 7385/7385/3460 7394/7394/3468
f 7384/7384/3459 7394/7394/3468 7393/7393/3467
f 7385/7385/3460 7386/7386/3461 7395/7395/3469
f 7385/7385/3460 7395/7395/3469 7394/7394/3468
f 7386/7386/3461 7387/7387/3462 7396/7396/3470
f 7386/7386/3461 7396/7396/3470 7395/7395/3469
f 7387/7387/3462 7388/7388/3463 7397/7397/3471
f 7387/7387/3462 7397/7397/3471 7396/7396/3470
f 7388/7388/3463 7389/7389/3464 7398/7398/3472
f 7388/7388/3463 7398/7398/3472 7397/7397/3471
f 7389/7389/3464 7390/7390/3458 7399/7399/3466
f 7389/7389/3464 7399/7399/3466 7398/7398/3472
f 7392/7392/3466 7391/7391/3465 7400/7400/3473
f 7392/7392/3466 7400/7400/3473 7401/7401/3474
f 7391/7391/3465 7393/7393/3467 7402/7402/3475
f 7391/7391/3465 7402/7402/3475 7400/7400/3473
f 7393/7393/3467 7394/7394/3468 7403/7403/3476
f 7393/7393/3467 7403/7403/3476 7402/7402/3475
f 7394/7394/3468 7395/7395/3469 7404/7404/3477
f 7394/7394/3468 7404/7404/3477 7403/7403/3476
f 7395/7395/3469 7396/7396/3470 7405/7405/3478
f 7395/7395/3469 7405/7405/3478 7404/7404/3477
f 7396/7396/3470 7397/7397/3471 7406/7406/3479
f 7396/7396/3470 7406/7406/3479 7405/7405/3478
f 7397/7397/3471 7398/7398/3472 7407/7407/3480
f 7397/7397/3471 7407/7407/3480 7406/7406/3479
f 7398/7398/3472 7399/7399/3466 7408/7408/3474
f 7398/7398/3472 7408/7408/3474 7407/7407/3480
f 7401/7401/3474 7400/7400/3473 7409/7409/3481
f 7401/7401/3474 7409/7409/3481 7410/7410/3482
f 7400/7400/3473 7402/7402/3475 7411/7411/3483
f 7400/7400/3473 7411/7411/3483 7409/7409/3481
f 7402/7402/3475 7403/7403/3476 7412/7412/3484
f 7402/7402/3475 7412/7412/3484 7411/7411/3483
f 7403/7403/3476 7404/7404/3477 7413/7413/2012
f 7403/7403/3476 7413/7413/2012 7412/7412/3484
f 7404/7404/3477 7405/7405/3478 7414/7414/3485
f 7404/7404/3477 7414/7414/3485 7413/7413/2012
f 7405/7405/3478 7406/7406/3479 7415/7415/3486
f 7405/7405/3478 7415/7415/3486 7414/7414/3485
f 7406/7406/3479 7407/7407/3480 7416/7416/3487
f 7406/7406/3479 7416/7416/3487 7415/7415/3486
f 7407/7407/3480 7408/7408/3474 7417/7417/2008
f 7407/7407/3480 7417/7417/2008 7416/7416/3487
f 7410/7410/3482 7409/7409/3481 7418/7418/3488
f 7410/7410/3482 7418/7418/3488 7419/7419/3489
f 7409/7409/3481 7411/7411/3483 7420/7420/3490
f 7409/7409/3481 7420/7420/3490 7418/7418/3488
f 7411/7411/3483 7412/7412/3484 7421/7421/3491
f 7411/7411/3483 7421/7421/3491 7420/7420/3490
f 7412/7412/3484 7413/7413/2012 7422/7422/3492
f 7412/7412/3484 7422/7422/3492 7421/7421/3491
f 7413/7413/2012 7414/7414/3485 7423/7423/3493
f 7413/7413/2012 7423/7423/3493 7422/7422/3492
f 7414/7414/3485 7415/7415/3486 7424/7424/3494
f 7414/7414/3485 7424/7424/3494 7423/7423/3493
f 7415/7415/3486 7416/7416/3487 7425/7425/3495
f 7415/7415/3486 7425/7425/3495 7424/7424/3494
f 7416/7416/3487 7417/7417/2008 7426/7426/3489
f 7416/7416/3487 7426/7426/3489 7425/7425/3495
f 7419/7419/3489 7418/7418/3488 7427/7427/3496
f 7419/7419/3489 7427/7427/3496 7428/7428/3497
f 7418/7418/3488 7420/7420/3490 7429/7429/3498
f 7418/7418/3488 7429/7429/3498 7427/7427/3496
f 7420/7420/3490 7421/7421/3491 7430/7430/3499
f 7420/7420/3490 7430/7430/3499 7429/7429/3498
f 7421/7421/3491 7422/7422/3492 7431/7431/3500
f 7421/7421/3491 7431/7431/3500 7430/7430/3499
f 7422/7422/3492 7423/7423/3493 7432/7432/3501
f 7422/7422/3492 7432/7432/3501 7431/7431/3500
f 7423/7423/3493 7424/7424/3494 7433/7433/3502
f 7423/7423/3493 7433/7433/3502 7432/7432/3501
f 7424/7424/3494 7425/7425/3495 7434/7434/3503
f 7424/7424/3494 7434/7434/3503 7433/7433/3502
f 7425/7425/3495 7426/7426/3489 7435/7435/3497
f 7425/7425/3495 7435/7435/3497 7434/7434/3503
f 7428/7428/3497 7427/7427/3496 7436/7436/3504
f 7428/7428/3497 7436/7436/3504 7437/7437/2033
f 7427/7427/3496 7429/7429/3498 7438/7438/3505
f 7427/7427/3496 7438/7438/3505 7436/7436/3504
f 7429/7429/3498 7430/7430/3499 7439/7439/3506
f 7429/7429/3498 7439/7439/3506 7438/7438/3505
f 7430/7430/3499 7431/7431/3500 7440/7440/3507
f 7430/7430/3499 7440/7440/3507 7439/7439/3506
f 7431/7431/3500 7432/7432/3501 7441/7441/3508
f 7431/7431/3500 7441/7441/3508 7440/7440/3507
f 7432/7432/3501 7433/7433/3502 7442/7442/3509
f 7432/7432/3501 7442/7442/3509 7441/7441/3508
f 7433/7433/3502 7434/7434/3503 7443/7443/3510
f 7433/7433/3502 7443/7443/3510 7442/7442/3509
f 7434/7434/3503 7435/7435/3497 7444/7444/2033
f 7434/7434/3503 7444/7444/2033 7443/7443/3510
f 7437/7437/2033 7436/7436/3504 7445/7445/3511
f 7437/7437/2033 7445/7445/3511 7446/7446/3512
f 7436/7436/3504 7438/7438/3505 7447/7447/3513
f 7436/7436/3504 7447/7447/3513 7445/7445/3511
f 7438/7438/3505 7439/7439/3506 7448/7448/3514
f 7438/7438/3505 7448/7448/3514 7447/7447/3513
f 7439/7439/3506 7440/7440/3507 7449/7449/3515
f 7439/7439/3506 7449/7449/3515 7448/7448/3514
f 7440/7440/3507 7441/7441/3508 7450/7450/3516
f 7440/7440/3507 7450/7450/3516 7449/7449/3515
f 7441/7441/3508 7442/7442/3509 7451/7451/3517
f 7441/7441/3508 7451/7451/3517 7450/7450/3516
f 7442/7442/3509 7443/7443/3510 7452/7452/3518
f 7442/7442/3509 7452/7452/3518 7451/7451/3517
f 7443/7443/3510 7444/7444/2033 7453/7453/3512
f 7443/7443/3510 7453/7453/3512 7452/7452/3518
f 7446/7446/3512 7445/7445/3511 7454/7454/3519
f 7446/7446/3512 7454/7454/3519 7455/7455/3520
f 7445/7445/3511 7447/7447/3513 7456/7456/3521
f 7445/7445/3511 7456/7456/3521 7454/7454/3519
f 7447/7447/3513 7448/7448/3514 7457/7457/3522
f 7447/7447/3513 7457/7457/3522 7456/7456/3521
f 7448/7448/3514 7449/7449/3515 7458/7458/3523
f 7448/7448/3514 7458/7458/3523 7457/7457/3522
f 7449/7449/3515 7450/7450/3516 7459/7459/3524
f 7449/7449/3515 7459/7459/3524 7458/7458/3523
f 7450/7450/3516 7451/7451/3517 7460/7460/3525
f 7450/7450/3516 7460/7460/3525 7459/7459/3524
f 7451/7451/3517 7452/7452/3518 7461/7461/3526
f 7451/7451/3517 7461/7461/3526 7460/7460/3525
f 7452/7452/3518 7453/7453/3512 7462/7462/3520
f 7452/7452/3518 7462/7462/3520 7461/7461/3526
f 7455/7455/3520 7454/7454/3519 7463/7463/3527
f 7455/7455/3520 7463/7463/3527 7464/7464/3528
f 7454/7454/3519 7456/7456/3521 7465/7465/3529
f 7454/7454/3519 7465/7465/3529 7463/7463/3527
f 7456/7456/3521 7457/7457/3522 7466/7466/3530
f 7456/7456/3521 7466/7466/3530 7465/7465/3529
f 7457/7457/3522 7458/7458/3523 7467/7467/3531
f 7457/7457/3522 7467/7467/3531 7466/7466/3530
f 7458/7458/3523 7459/7459/3524 7468/7468/3532
f 7458/7458/3523 7468/7468/3532 7467/7467/3531
f 7459/7459/3524 7460/7460/3525 7469/7469/3533
f 7459/7459/3524 7469/7469/3533 7468/7468/3532
f 7460/7460/3525 7461/7461/3526 7470/7470/3534
f 7460/7460/3525 7470/7470/3534 7469/7469/3533
f 7461/7461/3526 7462/7462/3520 7471/7471/3528
f 7461/7461/3526 7471/7471/3528 7470/7470/3534
f 7464/7464/3528 7463/7463/3527 7472/7472/3535
f 7464/7464/3528 7472/7472/3535 7473/7473/3536
f 7463/7463/3527 7465/7465/3529 7474/7474/3537
f 7463/7463/3527 7474/7474/3537 7472/7472/3535
f 7465/7465/3529 7466/7466/3530 7475/7475/3538
f 7465/7465/3529 7475/7475/3538 7474/7474/3537
f 7466/7466/3530 7467/7467/3531 7476/7476/3539
f 7466/7466/3530 7476/7476/3539 7475/7475/3538
f 7467/7467/3531 7468/7468/3532 7477/7477/3540
f 7467/7467/3531 7477/7477/3540 7476/7476/3539
f 7468/7468/3532 7469/7469/3533 7478/7478/3541
f 7468/7468/3532 7478/7478/3541 7477/7477/3540
f 7469/7469/3533 7470/7470/3534 7479/7479/3542
f 7469/7469/3533 7479/7479/3542 7478/7478/3541
f 7470/7470/3534 7471/7471/3528 7480/7480/3543
f 7470/7470/3534 7480/7480/3543 7479/7479/3542
f 7473/7473/3536 7472/7472/3535 7481/7481/3544
f 7473/7473/3536 7481/7481/3544 7482/7482/3545
f 7472/7472/3535 7474/7474/3537 7483/7483/3546
f 7472/7472/3535 7483/7483/3546 7481/7481/3544
f 7474/7474/3537 7475/7475/3538 7484/7484/3547
f 7474/7474/3537 7484/7484/3547 7483/7483/3546
f 7475/7475/3538 7476/7476/3539 7485/7485/3548
f 7475/7475/3538 7485/7485/3548 7484/7484/3547
f 7476/7476/3539 7477/7477/3540 7486/7486/3549
f 7476/7476/3539 7486/7486/3549 7485/7485/3548
f 7477/7477/3540 7478/7478/3541 7487/7487/3550
f 7477/7477/3540 7487/7487/3550 7486/7486/3549
f 7478/7478/3541 7479/7479/3542 7488/7488/3551
f 7478/7478/3541 7488/7488/3551 7487/7487/3550
f 7479/7479/3542 7480/7480/3543 7489/7489/3545
f 7479/7479/3542 7489/7489/3545 7488/7488/3551
f 7482/7482/3545 7481/7481/3544 7490/7490/3552
f 7482/7482/3545 7490/7490/3552 7491/7491/3553
f 7481/7481/3544 7483/7483/3546 7492/7492/3554
f 7481/7481/3544 7492/7492/3554 7490/7490/3552
f 7483/7483/3546 7484/7484/3547 7493/7493/3555
f 7483/7483/3546 7493/7493/3555 7492/7492/3554
f 7484/7484/3547 7485/7485/3548 7494/7494/3556
f 7484/7484/3547 7494/7494/3556 7493/7493/3555
f 7485/7485/3548 7486/7486/3549 7495/7495/3557
f 7485/7485/3548 7495/7495/3557 7494/7494/3556
f 7486/7486/3549 7487/7487/3550 7496/7496/3558
f 7486/7486/3549 7496/7496/3558 7495/7495/3557
f 7487/7487/3550 7488/7488/3551 7497/7497/3559
f 7487/7487/3550 7497/7497/3559 7496/7496/3558
f 7488/7488/3551 7489/7489/3545 7498/7498/3560
f 7488/7488/3551 7498/7498/3560 7497/7497/3559
f 7491/7491/3553 7490/7490/3552 7499/7499/3561
f 7491/7491/3553 7499/7499/3561 7500/7500/2090
f 7490/7490/3552 7492/7492/3554 7501/7501/3562
f 7490/7490/3552 7501/7501/3562 7499/7499/3561
f 7492/7492/3554 7493/7493/3555 7502/7502/3563
f 7492/7492/3554 7502/7502/3563 7501/7501/3562
f 7493/7493/3555 7494/7494/3556 7503/7503/2087
f 7493/7493/3555 7503/7503/2087 7502/7502/3563
f 7494/7494/3556 7495/7495/3557 7504/7504/3564
f 7494/7494/3556 7504/7504/3564 7503/7503/2087
f 7495/7495/3557 7496/7496/3558 7505/7505/3565
f 7495/7495/3557 7505/7505/3565 7504/7504/3564
f 7496/7496/3558 7497/7497/3559 7506/7506/3566
f 7496/7496/3558 7506/7506/3566 7505/7505/3565
f 7497/7497/3559 7498/7498/3560 7507/7507/2090
f 7497/7497/3559 7507/7507/2090 7506/7506/3566
f 7500/7500/2090 7499/7499/3561 7508/7508/3567
f 7500/7500/2090 7508/7508/3567 7509/7509/2098
f 7499/7499/3561 7501/7501/3562 7510/7510/3568
f 7499/7499/3561 7510/7510/3568 7508/7508/3567
f 7501/7501/3562 7502/7502/3563 7511/7511/3569
f 7501/7501/3562 7511/7511/3569 7510/7510/3568
f 7502/7502/3563 7503/7503/2087 7512/7512/2095
f 7502/7502/3563 7512/7512/2095 7511/7511/3569
f 7503/7503/2087 7504/7504/3564 7513/7513/3570
f 7503/7503/2087 7513/7513/3570 7512/7512/2095
f 7504/7504/3564 7505/7505/3565 7514/7514/3571
f 7504/7504/3564 7514/7514/3571 7513/7513/3570
f 7505/7505/3565 7506/7506/3566 7515/7515/3572
f 7505/7505/3565 7515/7515/3572 7514/7514/3571
f 7506/7506/3566 7507/7507/2090 7516/7516/2098
f 7506/7506/3566 7516/7516/2098 7515/7515/3572
f 7509/7509/2098 7508/7508/3567 7517/7517/3573
f 7509/7509/2098 7517/7517/3573 7518/7518/3574
f 7508/7508/3567 7510/7510/3568 7519/7519/3575
f 7508/7508/3567 7519/7519/3575 7517/7517/3573
f 7510/7510/3568 7511/7511/3569 7520/7520/3576
f 7510/7510/3568 7520/7520/3576 7519/7519/3575
f 7511/7511/3569 7512/7512/2095 7521/7521/3577
f 7511/7511/3569 7521/7521/3577 7520/7520/3576
f 7512/7512/2095 7513/7513/3570 7522/7522/3578
f 7512/7512/2095 7522/7522/3578 7521/7521/3577
f 7513/7513/3570 7514/7514/3571 7523/7523/3579
f 7513/7513/3570 7523/7523/3579 7522/7522/3578
f 7514/7514/3571 7515/7515/3572 7524/7524/3580
f 7514/7514/3571 7524/7524/3580 7523/7523/3579
f 7515/7515/3572 7516/7516/2098 7525/7525/2106
f 7515/7515/3572 7525/7525/2106 7524/7524/3580
f 7518/7518/3574 7517/7517/3573 7526/7526/3581
f 7518/7518/3574 7526/7526/3581 7527/7527/3582
f 7517/7517/3573 7519/7519/3575 7528/7528/3583
f 7517/7517/3573 7528/7528/3583 7526/7526/3581
f 7519/7519/3575 7520/7520/3576 7529/7529/3584
f 7519/7519/3575 7529/7529/3584 7528/7528/3583
f 7520/7520/3576 7521/7521/3577 7530/7530/3585
f 7520/7520/3576 7530/7530/3585 7529/7529/3584
f 7521/7521/3577 7522/7522/3578 7531/7531/3586
f 7521/7521/3577 7531/7531/3586 7530/7530/3585
f 7522/7522/3578 7523/7523/3579 7532/7532/3587
f 7522/7522/3578 7532/7532/3587 7531/7531/3586
f 7523/7523/3579 7524/7524/3580 7533/7533/3588
f 7523/7523/3579 7533/7533/3588 7532/7532/3587
f 7524/7524/3580 7525/7525/2106 7534/7534/3589
f 7524/7524/3580 7534/7534/3589 7533/7533/3588
f 7527/7527/3582 7526/7526/3581 7535/7535/3590
f 7527/7527/3582 7535/7535/3590 7536/7536/3591
f 7526/7526/3581 7528/7528/3583 7537/7537/2865
f 7526/7526/3581 7537/7537/2865 7535/7535/3590
f 7528/7528/3583 7529/7529/3584 7538/7538/3592
f 7528/7528/3583 7538/7538/3592 7537/7537/2865
f 7529/7529/3584 7530/7530/3585 7539/7539/3593
f 7529/7529/3584 7539/7539/3593 7538/7538/3592
f 7530/7530/3585 7531/7531/3586 7540/7540/3594
f 7530/7530/3585 7540/7540/3594 7539/7539/3593
f 7531/7531/3586 7532/7532/3587 7541/7541/3595
f 7531/7531/3586 7541/7541/3595 7540/7540/3594
f 7532/7532/3587 7533/7533/3588 7542/7542/3596
f 7532/7532/3587 7542/7542/3596 7541/7541/3595
f 7533/7533/3588 7534/7534/3589 7543/7543/3591
f 7533/7533/3588 7543/7543/3591 7542/7542/3596
f 7536/7536/3591 7535/7535/3590 7544/7544/3597
f 7536/7536/3591 7544/7544/3597 7545/7545/2130
f 7535/7535/3590 7537/7537/2865 7546/7546/3598
f 7535/7535/3590 7546/7546/3598 7544/7544/3597
f 7537/7537/2865 7538/7538/3592 7547/7547/3599
f 7537/7537/2865 7547/7547/3599 7546/7546/3598
f 7538/7538/3592 7539/7539/3593 7548/7548/2127
f 7538/7538/3592 7548/7548/2127 7547/7547/3599
f 7539/7539/3593 7540/7540/3594 7549/7549/3600
f 7539/7539/3593 7549/7549/3600 7548/7548/2127
f 7540/7540/3594 7541/7541/3595 7550/7550/3601
f 7540/7540/3594 7550/7550/3601 7549/7549/3600
f 7541/7541/3595 7542/7542/3596 7551/7551/3602
f 7541/7541/3595 7551/7551/3602 7550/7550/3601
f 7542/7542/3596 7543/7543/3591 7552/7552/2130
f 7542/7542/3596 7552/7552/2130 7551/7551/3602
f 7545/7545/2130 7544/7544/3597 7553/7553/3603
f 7545/7545/2130 7553/7553/3603 7554/7554/3604
f 7544/7544/3597 7546/7546/3598 7555/7555/3605
f 7544/7544/3597 7555/7555/3605 7553/7553/3603
f 7546/7546/3598 7547/7547/3599 7556/7556/3606
f 7546/7546/3598 7556/7556/3606 7555/7555/3605
f 7547/7547/3599 7548/7548/2127 7557/7557/2135
f 7547/7547/3599 7557/7557/2135 7556/7556/3606
f 7548/7548/2127 7549/7549/3600 7558/7558/3607
f 7548/7548/2127 7558/7558/3607 7557/7557/2135
f 7549/7549/3600 7550/7550/3601 7559/7559/3608
f 7549/7549/3600 7559/7559/3608 7558/7558/3607
f 7550/7550/3601 7551/7551/3602 7560/7560/3609
f 7550/7550/3601 7560/7560/3609 7559/7559/3608
f 7551/7551/3602 7552/7552/2130 7561/7561/2138
f 7551/7551/3602 7561/7561/2138 7560/7560/3609
f 7554/7554/3604 7553/7553/3603 7562/7562/3610
f 7554/7554/3604 7562/7562/3610 7563/7563/3611
f 7553/7553/3603 7555/7555/3605 7564/7564/3612
f 7553/7553/3603 7564/7564/3612 7562/7562/3610
f 7555/7555/3605 7556/7556/3606 7565/7565/3613
f 7555/7555/3605 7565/7565/3613 7564/7564/3612
f 7556/7556/3606 7557/7557/2135 7566/7566/3614
f 7556/7556/3606 7566/7566/3614 7565/7565/3613
f 7557/7557/2135 7558/7558/3607 7567/7567/3615
f 7557/7557/2135 7567/7567/3615 7566/7566/3614
f 7558/7558/3607 7559/7559/3608 7568/7568/3616
f 7558/7558/3607 7568/7568/3616 7567/7567/3615
f 7559/7559/3608 7560/7560/3609 7569/7569/3617
f 7559/7559/3608 7569/7569/3617 7568/7568/3616
f 7560/7560/3609 7561/7561/2138 7570/7570/3611
f 7560/7560/3609 7570/7570/3611 7569/7569/3617
f 7563/7563/3611 7562/7562/3610 7571/7571/3618
f 7563/7563/3611 7571/7571/3618 7572/7572/2154
f 7562/7562/3610 7564/7564/3612 7573/7573/2975
f 7562/7562/3610 7573/7573/2975 7571/7571/3618
f 7564/7564/3612 7565/7565/3613 7574/7574/3619
f 7564/7564/3612 7574/7574/3619 7573/7573/2975
f 7565/7565/3613 7566/7566/3614 7575/7575/2151
f 7565/7565/3613 7575/7575/2151 7574/7574/3619
f 7566/7566/3614 7567/7567/3615 7576/7576/3620
f 7566/7566/3614 7576/7576/3620 7575/7575/2151
f 7567/7567/3615 7568/7568/3616 7577/7577/2188
f 7567/7567/3615 7577/7577/2188 7576/7576/3620
f 7568/7568/3616 7569/7569/3617 7578/7578/3621
f 7568/7568/3616 7578/7578/3621 7577/7577/2188
f 7569/7569/3617 7570/7570/3611 7579/7579/2154
f 7569/7569/3617 7579/7579/2154 7578/7578/3621
f 7572/7572/2154 7571/7571/3618 7580/7580/3622
f 7572/7572/2154 7580/7580/3622 7581/7581/3623
f 7571/7571/3618 7573/7573/2975 7582/7582/2255
f 7571/7571/3618 7582/7582/2255 7580/7580/3622
f 7573/7573/2975 7574/7574/3619 7583/7583/3624
f 7573/7573/2975 7583/7583/3624 7582/7582/2255
f 7574/7574/3619 7575/7575/2151 7584/7584/3625
f 7574/7574/3619 7584/7584/3625 7583/7583/3624
f 7575/7575/2151 7576/7576/3620 7585/7585/3626
f 7575/7575/2151 7585/7585/3626 7584/7584/3625
f 7576/7576/3620 7577/7577/2188 7586/7586/2259
f 7576/7576/3620 7586/7586/2259 7585/7585/3626
f 7577/7577/2188 7578/7578/3621 7587/7587/3627
f 7577/7577/2188 7587/7587/3627 7586/7586/2259
f 7578/7578/3621 7579/7579/2154 7588/7588/3623
f 7578/7578/3621 7588/7588/3623 7587/7587/3627
f 7581/7581/3623 7580/7580/3622 7589/7589/3628
f 7581/7581/3623 7589/7589/3628 7590/7590/3629
f 7580/7580/3622 7582/7582/2255 7591/7591/3630
f 7580/7580/3622 7591/7591/3630 7589/7589/3628
f 7582/7582/2255 7583/7583/3624 7592/7592/3631
f 7582/7582/2255 7592/7592/3631 7591/7591/3630
f 7583/7583/3624 7584/7584/3625 7593/7593/2167
f 7583/7583/3624 7593/7593/2167 7592/7592/3631
f 7584/7584/3625 7585/7585/3626 7594/7594/3632
f 7584/7584/3625 7594/7594/3632 7593/7593/2167
f 7585/7585/3626 7586/7586/2259 7595/7595/3633
f 7585/7585/3626 7595/7595/3633 7594/7594/3632
f 7586/7586/2259 7587/7587/3627 7596/7596/3634
f 7586/7586/2259 7596/7596/3634 7595/7595/3633
f 7587/7587/3627 7588/7588/3623 7597/7597/2170
f 7587/7587/3627 7597/7597/2170 7596/7596/3634
f 7590/7590/3629 7589/7589/3628 7598/7598/3635
f 7590/7590/3629 7598/7598/3635 7599/7599/2178
f 7589/7589/3628 7591/7591/3630 7600/7600/3636
f 7589/7589/3628 7600/7600/3636 7598/7598/3635
f 7591/7591/3630 7592/7592/3631 7601/7601/3637
f 7591/7591/3630 7601/7601/3637 7600/7600/3636
f 7592/7592/3631 7593/7593/2167 7602/7602/2175
f 7592/7592/3631 7602/7602/2175 7601/7601/3637
f 7593/7593/2167 7594/7594/3632 7603/7603/3638
f 7593/7593/2167 7603/7603/3638 7602/7602/2175
f 7594/7594/3632 7595/7595/3633 7604/7604/3639
f 7594/7594/3632 7604/7604/3639 7603/7603/3638
f 7595/7595/3633 7596/7596/3634 7605/7605/3640
f 7595/7595/3633 7605/7605/3640 7604/7604/3639
f 7596/7596/3634 7597/7597/2170 7606/7606/2178
f 7596/7596/3634 7606/7606/2178 7605/7605/3640
f 7599/7599/2178 7598/7598/3635 7607/7607/3641
f 7599/7599/2178 7607/7607/3641 7608/7608/2186
f 7598/7598/3635 7600/7600/3636 7609/7609/2215
f 7598/7598/3635 7609/7609/2215 7607/7607/3641
f 7600/7600/3636 7601/7601/3637 7610/7610/3642
f 7600/7600/3636 7610/7610/3642 7609/7609/2215
f 7601/7601/3637 7602/7602/2175 7611/7611/2183
f 7601/7601/3637 7611/7611/2183 7610/7610/3642
f 7602/7602/2175 7603/7603/3638 7612/7612/3643
f 7602/7602/2175 7612/7612/3643 7611/7611/2183
f 7603/7603/3638 7604/7604/3639 7613/7613/3644
f 7603/7603/3638 7613/7613/3644 7612/7612/3643
f 7604/7604/3639 7605/7605/3640 7614/7614/3645
f 7604/7604/3639 7614/7614/3645 7613/7613/3644
f 7605/7605/3640 7606/7606/2178 7615/7615/2186
f 7605/7605/3640 7615/7615/2186 7614/7614/3645
f 7608/7608/2186 7607/7607/3641 7616/7616/3646
f 7608/7608/2186 7616/7616/3646 7617/7617/2194
f 7607/7607/3641 7609/7609/2215 7618/7618/3647
f 7607/7607/3641 7618/7618/3647 7616/7616/3646
f 7609/7609/2215 7610/7610/3642 7619/7619/3648
f 7609/7609/2215 7619/7619/3648 7618/7618/3647
f 7610/7610/3642 7611/7611/2183 7620/7620/2191
f 7610/7610/3642 7620/7620/2191 7619/7619/3648
f 7611/7611/2183 7612/7612/3643 7621/7621/3649
f 7611/7611/2183 7621/7621/3649 7620/7620/2191
f 7612/7612/3643 7613/7613/3644 7622/7622/3650
f 7612/7612/3643 7622/7622/3650 7621/7621/3649
f 7613/7613/3644 7614/7614/3645 7623/7623/3651
f 7613/7613/3644 7623/7623/3651 7622/7622/3650
f 7614/7614/3645 7615/7615/2186 7624/7624/2194
f 7614/7614/3645 7624/7624/2194 7623/7623/3651
f 7617/7617/2194 7616/7616/3646 7625/7625/2201
f 7617/7617/2194 7625/7625/2201 7626/7626/2202
f 7616/7616/3646 7618/7618/3647 7627/7627/1058
f 7616/7616/3646 7627/7627/1058 7625/7625/2201
f 7618/7618/3647 7619/7619/3648 7628/7628/2199
f 7618/7618/3647 7628/7628/2199 7627/7627/1058
f 7619/7619/3648 7620/7620/2191 7629/7629/2200
f 7619/7619/3648 7629/7629/2200 7628/7628/2199
f 7620/7620/2191 7621/7621/3649 7630/7630/2204
f 7620/7620/2191 7630/7630/2204 7629/7629/2200
f 7621/7621/3649 7622/7622/3650 7631/7631/1057
f 7621/7621/3649 7631/7631/1057 7630/7630/2204
f 7622/7622/3650 7623/7623/3651 7632/7632/2203
f 7622/7622/3650 7632/7632/2203 7631/7631/1057
f 7623/7623/3651 7624/7624/2194 7633/7633/2202
f 7623/7623/3651 7633/7633/2202 7632/7632/2203
f 7626/7626/2202 7625/7625/2201 7634/7634/3652
f 7626/7626/2202 7634/7634/3652 7635/7635/2209
f 7625/7625/2201 7627/7627/1058 7636/7636/2192
f 7625/7625/2201 7636/7636/2192 7634/7634/3652
f 7627/7627/1058 7628/7628/2199 7637/7637/3653
f 7627/7627/1058 7637/7637/3653 7636/7636/2192
f 7628/7628/2199 7629/7629/2200 7638/7638/2206
f 7628/7628/2199 7638/7638/2206 7637/7637/3653
f 7629/7629/2200 7630/7630/2204 7639/7639/3654
f 7629/7629/2200 7639/7639/3654 7638/7638/2206
f 7630/7630/2204 7631/7631/1057 7640/7640/2196
f 7630/7630/2204 7640/7640/2196 7639/7639/3654
f 7631/7631/1057 7632/7632/2203 7641/7641/3655
f 7631/7631/1057 7641/7641/3655 7640/7640/2196
f 7632/7632/2203 7633/7633/2202 7642/7642/2209
f 7632/7632/2203 7642/7642/2209 7641/7641/3655
f 7635/7635/2209 7634/7634/3652 7643/7643/3656
f 7635/7635/2209 7643/7643/3656 7644/7644/2896
f 7634/7634/3652 7636/7636/2192 7645/7645/2184
f 7634/7634/3652 7645/7645/2184 7643/7643/3656
f 7636/7636/2192 7637/7637/3653 7646/7646/3657
f 7636/7636/2192 7646/7646/3657 7645/7645/2184
f 7637/7637/3653 7638/7638/2206 7647/7647/2221
f 7637/7637/3653 7647/7647/2221 7646/7646/3657
f 7638/7638/2206 7639/7639/3654 7648/7648/3658
f 7638/7638/2206 7648/7648/3658 7647/7647/2221
f 7639/7639/3654 7640/7640/2196 7649/7649/3659
f 7639/7639/3654 7649/7649/3659 7648/7648/3658
f 7640/7640/2196 7641/7641/3655 7650/7650/3660
f 7640/7640/2196 7650/7650/3660 7649/7649/3659
f 7641/7641/3655 7642/7642/2209 7651/7651/2217
f 7641/7641/3655 7651/7651/2217 7650/7650/3660
f 7644/7644/2896 7643/7643/3656 7652/7652/3661
f 7644/7644/2896 7652/7652/3661 7653/7653/2226
f 7643/7643/3656 7645/7645/2184 7654/7654/3662
f 7643/7643/3656 7654/7654/3662 7652/7652/3661
f 7645/7645/2184 7646/7646/3657 7655/7655/3663
f 7645/7645/2184 7655/7655/3663 7654/7654/3662
f 7646/7646/3657 7647/7647/2221 7656/7656/2223
f 7646/7646/3657 7656/7656/2223 7655/7655/3663
f 7647/7647/2221 7648/7648/3658 7657/7657/3664
f 7647/7647/2221 7657/7657/3664 7656/7656/2223
f 7648/7648/3658 7649/7649/3659 7658/7658/3665
f 7648/7648/3658 7658/7658/3665 7657/7657/3664
f 7649/7649/3659 7650/7650/3660 7659/7659/3666
f 7649/7649/3659 7659/7659/3666 7658/7658/3665
f 7650/7650/3660 7651/7651/2217 7660/7660/2226
f 7650/7650/3660 7660/7660/2226 7659/7659/3666
f 7653/7653/2226 7652/7652/3661 7661/7661/3667
f 7653/7653/2226 7661/7661/3667 7662/7662/2234
f 7652/7652/3661 7654/7654/3662 7663/7663/3668
f 7652/7652/3661 7663/7663/3668 7661/7661/3667
f 7654/7654/3662 7655/7655/3663 7664/7664/3669
f 7654/7654/3662 7664/7664/3669 7663/7663/3668
f 7655/7655/3663 7656/7656/2223 7665/7665/2231
f 7655/7655/3663 7665/7665/2231 7664/7664/3669
f 7656/7656/2223 7657/7657/3664 7666/7666/3670
f 7656/7656/2223 7666/7666/3670 7665/7665/2231
f 7657/7657/3664 7658/7658/3665 7667/7667/3671
f 7657/7657/3664 7667/7667/3671 7666/7666/3670
f 7658/7658/3665 7659/7659/3666 7668/7668/3672
f 7658/7658/3665 7668/7668/3672 7667/7667/3671
f 7659/7659/3666 7660/7660/2226 7669/7669/2234
f 7659/7659/3666 7669/7669/2234 7668/7668/3672
f 7662/7662/2234 7661/7661/3667 7670/7670/3673
f 7662/7662/2234 7670/7670/3673 7671/7671/3674
f 7661/7661/3667 7663/7663/3668 7672/7672/3018
f 7661/7661/3667 7672/7672/3018 7670/7670/3673
f 7663/7663/3668 7664/7664/3669 7673/7673/3675
f 7663/7663/3668 7673/7673/3675 7672/7672/3018
f 7664/7664/3669 7665/7665/2231 7674/7674/3676
f 7664/7664/3669 7674/7674/3676 7673/7673/3675
f 7665/7665/2231 7666/7666/3670 7675/7675/3677
f 7665/7665/2231 7675/7675/3677 7674/7674/3676
f 7666/7666/3670 7667/7667/3671 7676/7676/3022
f 7666/7666/3670 7676/7676/3022 7675/7675/3677
f 7667/7667/3671 7668/7668/3672 7677/7677/3678
f 7667/7667/3671 7677/7677/3678 7676/7676/3022
f 7668/7668/3672 7669/7669/2234 7678/7678/3674
f 7668/7668/3672 7678/7678/3674 7677/7677/3678
f 7671/7671/3674 7670/7670/3673 7679/7679/2270
f 7671/7671/3674 7679/7679/2270 7680/7680/2249
f 7670/7670/3673 7672/7672/3018 7681/7681/2269
f 7670/7670/3673 7681/7681/2269 7679/7679/2270
f 7672/7672/3018 7673/7673/3675 7682/7682/3679
f 7672/7672/3018 7682/7682/3679 7681/7681/2269
f 7673/7673/3675 7674/7674/3676 7683/7683/2246
f 7673/7673/3675 7683/7683/2246 7682/7682/3679
f 7674/7674/3676 7675/7675/3677 7684/7684/3680
f 7674/7674/3676 7684/7684/3680 7683/7683/2246
f 7675/7675/3677 7676/7676/3022 7685/7685/2273
f 7675/7675/3677 7685/7685/2273 7684/7684/3680
f 7676/7676/3022 7677/7677/3678 7686/7686/2272
f 7676/7676/3022 7686/7686/2272 7685/7685/2273
f 7677/7677/3678 7678/7678/3674 7687/7687/2249
f 7677/7677/3678 7687/7687/2249 7686/7686/2272
f 7680/7680/2249 7679/7679/2270 7688/7688/2263
f 7680/7680/2249 7688/7688/2263 7689/7689/2257
f 7679/7679/2270 7681/7681/2269 7690/7690/2160
f 7679/7679/2270 7690/7690/2160 7688/7688/2263
f 7681/7681/2269 7682/7682/3679 7691/7691/2261
f 7681/7681/2269 7691/7691/2261 7690/7690/2160
f 7682/7682/3679 7683/7683/2246 7692/7692/2254
f 7682/7682/3679 7692/7692/2254 7691/7691/2261
f 7683/7683/2246 7684/7684/3680 7693/7693/2266
f 7683/7683/2246 7693/7693/2266 7692/7692/2254
f 7684/7684/3680 7685/7685/2273 7694/7694/2164
f 7684/7684/3680 7694/7694/2164 7693/7693/2266
f 7685/7685/2273 7686/7686/2272 7695/7695/2264
f 7685/7685/2273 7695/7695/2264 7694/7694/2164
f 7686/7686/2272 7687/7687/2249 7696/7696/2257
f 7686/7686/2272 7696/7696/2257 7695/7695/2264
f 7689/7689/2257 7688/7688/2263 7697/7697/2256
f 7689/7689/2257 7697/7697/2256 7698/7698/2257
f 7688/7688/2263 7690/7690/2160 7699/7699/2310
f 7688/7688/2263 7699/7699/2310 7697/7697/2256
f 7690/7690/2160 7691/7691/2261 7700/7700/2253
f 7690/7690/2160 7700/7700/2253 7699/7699/2310
f 7691/7691/2261 7692/7692/2254 7701/7701/2254
f 7691/7691/2261 7701/7701/2254 7700/7700/2253
f 7692/7692/2254 7693/7693/2266 7702/7702/2260
f 7692/7692/2254 7702/7702/2260 7701/7701/2254
f 7693/7693/2266 7694/7694/2164 7703/7703/2314
f 7693/7693/2266 7703/7703/2314 7702/7702/2260
f 7694/7694/2164 7695/7695/2264 7704/7704/2258
f 7694/7694/2164 7704/7704/2258 7703/7703/2314
f 7695/7695/2264 7696/7696/2257 7705/7705/2257
f 7695/7695/2264 7705/7705/2257 7704/7704/2258
f 7698/7698/2257 7697/7697/2256 7706/7706/3681
f 7698/7698/2257 7706/7706/3681 7707/7707/2271
f 7697/7697/2256 7699/7699/2310 7708/7708/2215
f 7697/7697/2256 7708/7708/2215 7706/7706/3681
f 7699/7699/2310 7700/7700/2253 7709/7709/2245
f 7699/7699/2310 7709/7709/2245 7708/7708/2215
f 7700/7700/2253 7701/7701/2254 7710/7710/2268
f 7700/7700/2253 7710/7710/2268 7709/7709/2245
f 7701/7701/2254 7702/7702/2260 7711/7711/2252
f 7701/7701/2254 7711/7711/2252 7710/7710/2268
f 7702/7702/2260 7703/7703/2314 7712/7712/2219
f 7702/7702/2260 7712/7712/2219 7711/7711/2252
f 7703/7703/2314 7704/7704/2258 7713/7713/3682
f 7703/7703/2314 7713/7713/3682 7712/7712/2219
f 7704/7704/2258 7705/7705/2257 7714/7714/2271
f 7704/7704/2258 7714/7714/2271 7713/7713/3682
f 7707/7707/2271 7706/7706/3681 7715/7715/3683
f 7707/7707/2271 7715/7715/3683 7716/7716/2279
f 7706/7706/3681 7708/7708/2215 7717/7717/3684
f 7706/7706/3681 7717/7717/3684 7715/7715/3683
f 7708/7708/2215 7709/7709/2245 7718/7718/3685
f 7708/7708/2215 7718/7718/3685 7717/7717/3684
f 7709/7709/2245 7710/7710/2268 7719/7719/2276
f 7709/7709/2245 7719/7719/2276 7718/7718/3685
f 7710/7710/2268 7711/7711/2252 7720/7720/3686
f 7710/7710/2268 7720/7720/3686 7719/7719/2276
f 7711/7711/2252 7712/7712/2219 7721/7721/2243
f 7711/7711/2252 7721/7721/2243 7720/7720/3686
f 7712/7712/2219 7713/7713/3682 7722/7722/3687
f 7712/7712/2219 7722/7722/3687 7721/7721/2243
f 7713/7713/3682 7714/7714/2271 7723/7723/2279
f 7713/7713/3682 7723/7723/2279 7722/7722/3687
f 7716/7716/2279 7715/7715/3683 7724/7724/3688
f 7716/7716/2279 7724/7724/3688 7725/7725/2287
f 7715/7715/3683 7717/7717/3684 7726/7726/3689
f 7715/7715/3683 7726/7726/3689 7724/7724/3688
f 7717/7717/3684 7718/7718/3685 7727/7727/3690
f 7717/7717/3684 7727/7727/3690 7726/7726/3689
f 7718/7718/3685 7719/7719/2276 7728/7728/2284
f 7718/7718/3685 7728/7728/2284 7727/7727/3690
f 7719/7719/2276 7720/7720/3686 7729/7729/3691
f 7719/7719/2276 7729/7729/3691 7728/7728/2284
f 7720/7720/3686 7721/7721/2243 7730/7730/3692
f 7720/7720/3686 7730/7730/3692 7729/7729/3691
f 7721/7721/2243 7722/7722/3687 7731/7731/3693
f 7721/7721/2243 7731/7731/3693 7730/7730/3692
f 7722/7722/3687 7723/7723/2279 7732/7732/2287
f 7722/7722/3687 7732/7732/2287 7731/7731/3693
f 7725/7725/2287 7724/7724/3688 7733/7733/3694
f 7725/7725/2287 7733/7733/3694 7734/7734/3695
f 7724/7724/3688 7726/7726/3689 7735/7735/3696
f 7724/7724/3688 7735/7735/3696 7733/7733/3694
f 7726/7726/3689 7727/7727/3690 7736/7736/3697
f 7726/7726/3689 7736/7736/3697 7735/7735/3696
f 7727/7727/3690 7728/7728/2284 7737/7737/2299
f 7727/7727/3690 7737/7737/2299 7736/7736/3697
f 7728/7728/2284 7729/7729/3691 7738/7738/3698
f 7728/7728/2284 7738/7738/3698 7737/7737/2299
f 7729/7729/3691 7730/7730/3692 7739/7739/3699
f 7729/7729/3691 7739/7739/3699 7738/7738/3698
f 7730/7730/3692 7731/7731/3693 7740/7740/3700
f 7730/7730/3692 7740/7740/3700 7739/7739/3699
f 7731/7731/3693 7732/7732/2287 7741/7741/3695
f 7731/7731/3693 7741/7741/3695 7740/7740/3700
f 7734/7734/3695 7733/7733/3694 7742/7742/3701
f 7734/7734/3695 7742/7742/3701 7743/7743/3702
f 7733/7733/3694 7735/7735/3696 7744/7744/3703
f 7733/7733/3694 7744/7744/3703 7742/7742/3701
f 7735/7735/3696 7736/7736/3697 7745/7745/3704
f 7735/7735/3696 7745/7745/3704 7744/7744/3703
f 7736/7736/3697 7737/7737/2299 7746/7746/3705
f 7736/7736/3697 7746/7746/3705 7745/7745/3704
f 7737/7737/2299 7738/7738/3698 7747/7747/3706
f 7737/7737/2299 7747/7747/3706 7746/7746/3705
f 7738/7738/3698 7739/7739/3699 7748/7748/2917
f 7738/7738/3698 7748/7748/2917 7747/7747/3706
f 7739/7739/3699 7740/7740/3700 7749/7749/3707
f 7739/7739/3699 7749/7749/3707 7748/7748/2917
f 7740/7740/3700 7741/7741/3695 7750/7750/3702
f 7740/7740/3700 7750/7750/3702 7749/7749/3707
f 7743/7743/3702 7742/7742/3701 7751/7751/3708
f 7743/7743/3702 7751/7751/3708 7752/7752/2312
f 7742/7742/3701 7744/7744/3703 7753/7753/2262
f 7742/7742/3701 7753/7753/2262 7751/7751/3708
f 7744/7744/3703 7745/7745/3704 7754/7754/3709
f 7744/7744/3703 7754/7754/3709 7753/7753/2262
f 7745/7745/3704 7746/7746/3705 7755/7755/3710
f 7745/7745/3704 7755/7755/3710 7754/7754/3709
f 7746/7746/3705 7747/7747/3706 7756/7756/3711
f 7746/7746/3705 7756/7756/3711 7755/7755/3710
f 7747/7747/3706 7748/7748/2917 7757/7757/2265
f 7747/7747/3706 7757/7757/2265 7756/7756/3711
f 7748/7748/2917 7749/7749/3707 7758/7758/3712
f 7748/7748/2917 7758/7758/3712 7757/7757/2265
f 7749/7749/3707 7750/7750/3702 7759/7759/2312
f 7749/7749/3707 7759/7759/2312 7758/7758/3712
f 7752/7752/2312 7751/7751/3708 7760/7760/3713
f 7752/7752/2312 7760/7760/3713 7761/7761/2321
f 7751/7751/3708 7753/7753/2262 7762/7762/2881
f 7751/7751/3708 7762/7762/2881 7760/7760/3713
f 7753/7753/2262 7754/7754/3709 7763/7763/3714
f 7753/7753/2262 7763/7763/3714 7762/7762/2881
f 7754/7754/3709 7755/7755/3710 7764/7764/2318
f 7754/7754/3709 7764/7764/2318 7763/7763/3714
f 7755/7755/3710 7756/7756/3711 7765/7765/3715
f 7755/7755/3710 7765/7765/3715 7764/7764/2318
f 7756/7756/3711 7757/7757/2265 7766/7766/2885
f 7756/7756/3711 7766/7766/2885 7765/7765/3715
f 7757/7757/2265 7758/7758/3712 7767/7767/3716
f 7757/7757/2265 7767/7767/3716 7766/7766/2885
f 7758/7758/3712 7759/7759/2312 7768/7768/2321
f 7758/7758/3712 7768/7768/2321 7767/7767/3716
f 7761/7761/2321 7760/7760/3713 7769/7769/3717
f 7761/7761/2321 7769/7769/3717 7770/7770/2329
f 7760/7760/3713 7762/7762/2881 7771/7771/3718
f 7760/7760/3713 7771/7771/3718 7769/7769/3717
f 7762/7762/2881 7763/7763/3714 7772/7772/3719
f 7762/7762/2881 7772/7772/3719 7771/7771/3718
f 7763/7763/3714 7764/7764/2318 7773/7773/2326
f 7763/7763/3714 7773/7773/2326 7772/7772/3719
f 7764/7764/2318 7765/7765/3715 7774/7774/3720
f 7764/7764/2318 7774/7774/3720 7773/7773/2326
f 7765/7765/3715 7766/7766/2885 7775/7775/3721
f 7765/7765/3715 7775/7775/3721 7774/7774/3720
f 7766/7766/2885 7767/7767/3716 7776/7776/3722
f 7766/7766/2885 7776/7776/3722 7775/7775/3721
f 7767/7767/3716 7768/7768/2321 7777/7777/2329
f 7767/7767/3716 7777/7777/2329 7776/7776/3722
f 7770/7770/2329 7769/7769/3717 7778/7778/3723
f 7770/7770/2329 7778/7778/3723 7779/7779/3724
f 7769/7769/3717 7771/7771/3718 7780/7780/3725
f 7769/7769/3717 7780/7780/3725 7778/7778/3723
f 7771/7771/3718 7772/7772/3719 7781/7781/3726
f 7771/7771/3718 7781/7781/3726 7780/7780/3725
f 7772/7772/3719 7773/7773/2326 7782/7782/3727
f 7772/7772/3719 7782/7782/3727 7781/7781/3726
f 7773/7773/2326 7774/7774/3720 7783/7783/3728
f 7773/7773/2326 7783/7783/3728 7782/7782/3727
f 7774/7774/3720 7775/7775/3721 7784/7784/3729
f 7774/7774/3720 7784/7784/3729 7783/7783/3728
f 7775/7775/3721 7776/7776/3722 7785/7785/3730
f 7775/7775/3721 7785/7785/3730 7784/7784/3729
f 7776/7776/3722 7777/7777/2329 7786/7786/3724
f 7776/7776/3722 7786/7786/3724 7785/7785/3730
f 7779/7779/3724 7778/7778/3723 7787/7787/3731
f 7779/7779/3724 7787/7787/3731 7788/7788/3732
f 7778/7778/3723 7780/7780/3725 7789/7789/3733
f 7778/7778/3723 7789/7789/3733 7787/7787/3731
f 7780/7780/3725 7781/7781/3726 7790/7790/3734
f 7780/7780/3725 7790/7790/3734 7789/7789/3733
f 7781/7781/3726 7782/7782/3727 7791/7791/3735
f 7781/7781/3726 7791/7791/3735 7790/7790/3734
f 7782/7782/3727 7783/7783/3728 7792/7792/3736
f 7782/7782/3727 7792/7792/3736 7791/7791/3735
f 7783/7783/3728 7784/7784/3729 7793/7793/3737
f 7783/7783/3728 7793/7793/3737 7792/7792/3736
f 7784/7784/3729 7785/7785/3730 7794/7794/3738
f 7784/7784/3729 7794/7794/3738 7793/7793/3737
f 7785/7785/3730 7786/7786/3724 7795/7795/3732
f 7785/7785/3730 7795/7795/3732 7794/7794/3738
f 7788/7788/3732 7787/7787/3731 7796/7796/3739
f 7788/7788/3732 7796/7796/3739 7797/7797/3740
f 7787/7787/3731 7789/7789/3733 7798/7798/3741
f 7787/7787/3731 7798/7798/3741 7796/7796/3739
f 7789/7789/3733 7790/7790/3734 7799/7799/3742
f 7789/7789/3733 7799/7799/3742 7798/7798/3741
f 7790/7790/3734 7791/7791/3735 7800/7800/3743
f 7790/7790/3734 7800/7800/3743 7799/7799/3742
f 7791/7791/3735 7792/7792/3736 7801/7801/3744
f 7791/7791/3735 7801/7801/3744 7800/7800/3743
f 7792/7792/3736 7793/7793/3737 7802/7802/3745
f 7792/7792/3736 7802/7802/3745 7801/7801/3744
f 7793/7793/3737 7794/7794/3738 7803/7803/3746
f 7793/7793/3737 7803/7803/3746 7802/7802/3745
f 7794/7794/3738 7795/7795/3732 7804/7804/3740
f 7794/7794/3738 7804/7804/3740 7803/7803/3746
f 7797/7797/3740 7796/7796/3739 7805/7805/3747
f 7797/7797/3740 7805/7805/3747 7806/7806/3748
f 7796/7796/3739 7798/7798/3741 7807/7807/3749
f 7796/7796/3739 7807/7807/3749 7805/7805/3747
f 7798/7798/3741 7799/7799/3742 7808/7808/3750
f 7798/7798/3741 7808/7808/3750 7807/7807/3749
f 7799/7799/3742 7800/7800/3743 7809/7809/3751
f 7799/7799/3742 7809/7809/3751 7808/7808/3750
f 7800/7800/3743 7801/7801/3744 7810/7810/3752
f 7800/7800/3743 7810/7810/3752 7809/7809/3751
f 7801/7801/3744 7802/7802/3745 7811/7811/3753
f 7801/7801/3744 7811/7811/3753 7810/7810/3752
f 7802/7802/3745 7803/7803/3746 7812/7812/3754
f 7802/7802/3745 7812/7812/3754 7811/7811/3753
f 7803/7803/3746 7804/7804/3740 7813/7813/3748
f 7803/7803/3746 7813/7813/3748 7812/7812/3754
f 7806/7806/3748 7805/7805/3747 7814/7814/3755
f 7806/7806/3748 7814/7814/3755 7815/7815/3756
f 7805/7805/3747 7807/7807/3749 7816/7816/3757
f 7805/7805/3747 7816/7816/3757 7814/7814/3755
f 7807/7807/3749 7808/7808/3750 7817/7817/3758
f 7807/7807/3749 7817/7817/3758 7816/7816/3757
f 7808/7808/3750 7809/7809/3751 7818/7818/3759
f 7808/7808/3750 7818/7818/3759 7817/7817/3758
f 7809/7809/3751 7810/7810/3752 7819/7819/3760
f 7809/7809/3751 7819/7819/3760 7818/7818/3759
f 7810/7810/3752 7811/7811/3753 7820/7820/3761
f 7810/7810/3752 7820/7820/3761 7819/7819/3760
f 7811/7811/3753 7812/7812/3754 7821/7821/3762
f 7811/7811/3753 7821/7821/3762 7820/7820/3761
f 7812/7812/3754 7813/7813/3748 7822/7822/3756
f 7812/7812/3754 7822/7822/3756 7821/7821/3762
f 7815/7815/3756 7814/7814/3755 7823/7823/3763
f 7815/7815/3756 7823/7823/3763 7824/7824/3764
f 7814/7814/3755 7816/7816/3757 7825/7825/3765
f 7814/7814/3755 7825/7825/3765 7823/7823/3763
f 7816/7816/3757 7817/7817/3758 7826/7826/3766
f 7816/7816/3757 7826/7826/3766 7825/7825/3765
f 7817/7817/3758 7818/7818/3759 7827/7827/3767
f 7817/7817/3758 7827/7827/3767 7826/7826/3766
f 7818/7818/3759 7819/7819/3760 7828/7828/3768
f 7818/7818/3759 7828/7828/3768 7827/7827/3767
f 7819/7819/3760 7820/7820/3761 7829/7829/3769
f 7819/7819/3760 7829/7829/3769 7828/7828/3768
f 7820/7820/3761 7821/7821/3762 7830/7830/3770
f 7820/7820/3761 7830/7830/3770 7829/7829/3769
f 7821/7821/3762 7822/7822/3756 7831/7831/3764
f 7821/7821/3762 7831/7831/3764 7830/7830/3770
f 7824/7824/3764 7823/7823/3763 7832/7832/3771
f 7824/7824/3764 7832/7832/3771 7833/7833/3772
f 7823/7823/3763 7825/7825/3765 7834/7834/3773
f 7823/7823/3763 7834/7834/3773 7832/7832/3771
f 7825/7825/3765 7826/7826/3766 7835/7835/3774
f 7825/7825/3765 7835/7835/3774 7834/7834/3773
f 7826/7826/3766 7827/7827/3767 7836/7836/3775
f 7826/7826/3766 7836/7836/3775 7835/7835/3774
f 7827/7827/3767 7828/7828/3768 7837/7837/3776
f 7827/7827/3767 7837/7837/3776 7836/7836/3775
f 7828/7828/3768 7829/7829/3769 7838/7838/3777
f 7828/7828/3768 7838/7838/3777 7837/7837/3776
f 7829/7829/3769 7830/7830/3770 7839/7839/3778
f 7829/7829/3769 7839/7839/3778 7838/7838/3777
f 7830/7830/3770 7831/7831/3764 7840/7840/3772
f 7830/7830/3770 7840/7840/3772 7839/7839/3778
f 7833/7833/3772 7832/7832/3771 7841/7841/3779
f 7833/7833/3772 7841/7841/3779 7842/7842/3780
f 7832/7832/3771 7834/7834/3773 7843/7843/3781
f 7832/7832/3771 7843/7843/3781 7841/7841/3779
f 7834/7834/3773 7835/7835/3774 7844/7844/3782
f 7834/7834/3773 7844/7844/3782 7843/7843/3781
f 7835/7835/3774 7836/7836/3775 7845/7845/3783
f 7835/7835/3774 7845/7845/3783 7844/7844/3782
f 7836/7836/3775 7837/7837/3776 7846/7846/3784
f 7836/7836/3775 7846/7846/3784 7845/7845/3783
f 7837/7837/3776 7838/7838/3777 7847/7847/3785
f 7837/7837/3776 7847/7847/3785 7846/7846/3784
f 7838/7838/3777 7839/7839/3778 7848/7848/3786
f 7838/7838/3777 7848/7848/3786 7847/7847/3785
f 7839/7839/3778 7840/7840/3772 7849/7849/3780
f 7839/7839/3778 7849/7849/3780 7848/7848/3786
f 7842/7842/3780 7841/7841/3779 7850/7850/3787
f 7842/7842/3780 7850/7850/3787 7851/7851/3788
f 7841/7841/3779 7843/7843/3781 7852/7852/3789
f 7841/7841/3779 7852/7852/3789 7850/7850/3787
f 7843/7843/3781 7844/7844/3782 7853/7853/3790
f 7843/7843/3781 7853/7853/3790 7852/7852/3789
f 7844/7844/3782 7845/7845/3783 7854/7854/3791
f 7844/7844/3782 7854/7854/3791 7853/7853/3790
f 7845/7845/3783 7846/7846/3784 7855/7855/3792
f 7845/7845/3783 7855/7855/3792 7854/7854/3791
f 7846/7846/3784 7847/7847/3785 7856/7856/3793
f 7846/7846/3784 7856/7856/3793 7855/7855/3792
f 7847/7847/3785 7848/7848/3786 7857/7857/3794
f 7847/7847/3785 7857/7857/3794 7856/7856/3793
f 7848/7848/3786 7849/7849/3780 7858/7858/3788
f 7848/7848/3786 7858/7858/3788 7857/7857/3794
f 7851/7851/3788 7850/7850/3787 7859/7859/3795
f 7851/7851/3788 7859/7859/3795 7860/7860/3796
f 7850/7850/3787 7852/7852/3789 7861/7861/3797
f 7850/7850/3787 7861/7861/3797 7859/7859/3795
f 7852/7852/3789 7853/7853/3790 7862/7862/3798
f 7852/7852/3789 7862/7862/3798 7861/7861/3797
f 7853/7853/3790 7854/7854/3791 7863/7863/3799
f 7853/7853/3790 7863/7863/3799 7862/7862/3798
f 7854/7854/3791 7855/7855/3792 7864/7864/3800
f 7854/7854/3791 7864/7864/3800 7863/7863/3799
f 7855/7855/3792 7856/7856/3793 7865/7865/3801
f 7855/7855/3792 7865/7865/3801 7864/7864/3800
f 7856/7856/3793 7857/7857/3794 7866/7866/3802
f 7856/7856/3793 7866/7866/3802 7865/7865/3801
f 7857/7857/3794 7858/7858/3788 7867/7867/3796
f 7857/7857/3794 7867/7867/3796 7866/7866/3802
f 7860/7860/3796 7859/7859/3795 7868/7868/3803
f 7860/7860/3796 7868/7868/3803 7869/7869/2417
f 7859/7859/3795 7861/7861/3797 7870/7870/3804
f 7859/7859/3795 7870/7870/3804 7868/7868/3803
f 7861/7861/3797 7862/7862/3798 7871/7871/3805
f 7861/7861/3797 7871/7871/3805 7870/7870/3804
f 7862/7862/3798 7863/7863/3799 7872/7872/2414
f 7862/7862/3798 7872/7872/2414 7871/7871/3805
f 7863/7863/3799 7864/7864/3800 7873/7873/3806
f 7863/7863/3799 7873/7873/3806 7872/7872/2414
f 7864/7864/3800 7865/7865/3801 7874/7874/3807
f 7864/7864/3800 7874/7874/3807 7873/7873/3806
f 7865/7865/3801 7866/7866/3802 7875/7875/3808
f 7865/7865/3801 7875/7875/3808 7874/7874/3807
f 7866/7866/3802 7867/7867/3796 7876/7876/2417
f 7866/7866/3802 7876/7876/2417 7875/7875/3808
f 7869/7869/2417 7868/7868/3803 7877/7877/3809
f 7869/7869/2417 7877/7877/3809 7878/7878/3810
f 7868/7868/3803 7870/7870/3804 7879/7879/3811
f 7868/7868/3803 7879/7879/3811 7877/7877/3809
f 7870/7870/3804 7871/7871/3805 7880/7880/3812
f 7870/7870/3804 7880/7880/3812 7879/7879/3811
f 7871/7871/3805 7872/7872/2414 7881/7881/3813
f 7871/7871/3805 7881/7881/3813 7880/7880/3812
f 7872/7872/2414 7873/7873/3806 7882/7882/3814
f 7872/7872/2414 7882/7882/3814 7881/7881/3813
f 7873/7873/3806 7874/7874/3807 7883/7883/3815
f 7873/7873/3806 7883/7883/3815 7882/7882/3814
f 7874/7874/3807 7875/7875/3808 7884/7884/3816
f 7874/7874/3807 7884/7884/3816 7883/7883/3815
f 7875/7875/3808 7876/7876/2417 7885/7885/3810
f 7875/7875/3808 7885/7885/3810 7884/7884/3816
f 7878/7878/3810 7877/7877/3809 7886/7886/3817
f 7878/7878/3810 7886/7886/3817 7887/7887/3818
f 7877/7877/3809 7879/7879/3811 7888/7888/3819
f 7877/7877/3809 7888/7888/3819 7886/7886/3817
f 7879/7879/3811 7880/7880/3812 7889/7889/3820
f 7879/7879/3811 7889/7889/3820 7888/7888/3819
f 7880/7880/3812 7881/7881/3813 7890/7890/3821
f 7880/7880/3812 7890/7890/3821 7889/7889/3820
f 7881/7881/3813 7882/7882/3814 7891/7891/3822
f 7881/7881/3813 7891/7891/3822 7890/7890/3821
f 7882/7882/3814 7883/7883/3815 7892/7892/3823
f 7882/7882/3814 7892/7892/3823 7891/7891/3822
f 7883/7883/3815 7884/7884/3816 7893/7893/3824
f 7883/7883/3815 7893/7893/3824 7892/7892/3823
f 7884/7884/3816 7885/7885/3810 7894/7894/3818
f 7884/7884/3816 7894/7894/3818 7893/7893/3824
f 7887/7887/3818 7886/7886/3817 7895/7895/3825
f 7887/7887/3818 7895/7895/3825 7896/7896/3826
f 7886/7886/3817 7888/7888/3819 7897/7897/3827
f 7886/7886/3817 7897/7897/3827 7895/7895/3825
f 7888/7888/3819 7889/7889/3820 7898/7898/3828
f 7888/7888/3819 7898/7898/3828 7897/7897/3827
f 7889/7889/3820 7890/7890/3821 7899/7899/3829
f 7889/7889/3820 7899/7899/3829 7898/7898/3828
f 7890/7890/3821 7891/7891/3822 7900/7900/3830
f 7890/7890/3821 7900/7900/3830 7899/7899/3829
f 7891/7891/3822 7892/7892/3823 7901/7901/3831
f 7891/7891/3822 7901/7901/3831 7900/7900/3830
f 7892/7892/3823 7893/7893/3824 7902/7902/3832
f 7892/7892/3823 7902/7902/3832 7901/7901/3831
f 7893/7893/3824 7894/7894/3818 7903/7903/3833
f 7893/7893/3824 7903/7903/3833 7902/7902/3832
f 7896/7896/3826 7895/7895/3825 7904/7904/3834
f 7896/7896/3826 7904/7904/3834 7905/7905/3835
f 7895/7895/3825 7897/7897/3827 7906/7906/3836
f 7895/7895/3825 7906/7906/3836 7904/7904/3834
f 7897/7897/3827 7898/7898/3828 7907/7907/3837
f 7897/7897/3827 7907/7907/3837 7906/7906/3836
f 7898/7898/3828 7899/7899/3829 7908/7908/3838
f 7898/7898/3828 7908/7908/3838 7907/7907/3837
f 7899/7899/3829 7900/7900/3830 7909/7909/3839
f 7899/7899/3829 7909/7909/3839 7908/7908/3838
f 7900/7900/3830 7901/7901/3831 7910/7910/3840
f 7900/7900/3830 7910/7910/3840 7909/7909/3839
f 7901/7901/3831 7902/7902/3832 7911/7911/3841
f 7901/7901/3831 7911/7911/3841 7910/7910/3840
f 7902/7902/3832 7903/7903/3833 7912/7912/3835
f 7902/7902/3832 7912/7912/3835 7911/7911/3841
f 7905/7905/3835 7904/7904/3834 7913/7913/3842
f 7905/7905/3835 7913/7913/3842 7914/7914/3843
f 7904/7904/3834 7906/7906/3836 7915/7915/3844
f 7904/7904/3834 7915/7915/3844 7913/7913/3842
f 7906/7906/3836 7907/7907/3837 7916/7916/3845
f 7906/7906/3836 7916/7916/3845 7915/7915/3844
f 7907/7907/3837 7908/7908/3838 7917/7917/3846
f 7907/7907/3837 7917/7917/3846 7916/7916/3845
f 7908/7908/3838 7909/7909/3839 7918/7918/3847
f 7908/7908/3838 7918/7918/3847 7917/7917/3846
f 7909/7909/3839 7910/7910/3840 7919/7919/3848
f 7909/7909/3839 7919/7919/3848 7918/7918/3847
f 7910/7910/3840 7911/7911/3841 7920/7920/3849
f 7910/7910/3840 7920/7920/3849 7919/7919/3848
f 7911/7911/3841 7912/7912/3835 7921/7921/3843
f 7911/7911/3841 7921/7921/3843 7920/7920/3849
f 7914/7914/3843 7913/7913/3842 7922/7922/3850
f 7914/7914/3843 7922/7922/3850 7923/7923/3851
f 7913/7913/3842 7915/7915/3844 7924/7924/3852
f 7913/7913/3842 7924/7924/3852 7922/7922/3850
f 7915/7915/3844 7916/7916/3845 7925/7925/3853
f 7915/7915/3844 7925/7925/3853 7924/7924/3852
f 7916/7916/3845 7917/7917/3846 7926/7926/3854
f 7916/7916/3845 7926/7926/3854 7925/7925/3853
f 7917/7917/3846 7918/7918/3847 7927/7927/3855
f 7917/7917/3846 7927/7927/3855 7926/7926/3854
f 7918/7918/3847 7919/7919/3848 7928/7928/3856
f 7918/7918/3847 7928/7928/3856 7927/7927/3855
f 7919/7919/3848 7920/7920/3849 7929/7929/3857
f 7919/7919/3848 7929/7929/3857 7928/7928/3856
f 7920/7920/3849 7921/7921/3843 7930/7930/3851
f 7920/7920/3849 7930/7930/3851 7929/7929/3857
f 7923/7923/3851 7922/7922/3850 7931/7931/3858
f 7923/7923/3851 7931/7931/3858 7932/7932/3859
f 7922/7922/3850 7924/7924/3852 7933/7933/3860
f 7922/7922/3850 7933/7933/3860 7931/7931/3858
f 7924/7924/3852 7925/7925/3853 7934/7934/3861
f 7924/7924/3852 7934/7934/3861 7933/7933/3860
f 7925/7925/3853 7926/7926/3854 7935/7935/3862
f 7925/7925/3853 7935/7935/3862 7934/7934/3861
f 7926/7926/3854 7927/7927/3855 7936/7936/3863
f 7926/7926/3854 7936/7936/3863 7935/7935/3862
f 7927/7927/3855 7928/7928/3856 7937/7937/3864
f 7927/7927/3855 7937/7937/3864 7936/7936/3863
f 7928/7928/3856 7929/7929/3857 7938/7938/3865
f 7928/7928/3856 7938/7938/3865 7937/7937/3864
f 7929/7929/3857 7930/7930/3851 7939/7939/3859
f 7929/7929/3857 7939/7939/3859 7938/7938/3865
f 7932/7932/3859 7931/7931/3858 7940/7940/3866
f 7932/7932/3859 7940/7940/3866 7941/7941/3867
f 7931/7931/3858 7933/7933/3860 7942/7942/3868
f 7931/7931/3858 7942/7942/3868 7940/7940/3866
f 7933/7933/3860 7934/7934/3861 7943/7943/3869
f 7933/7933/3860 7943/7943/3869 7942/7942/3868
f 7934/7934/3861 7935/7935/3862 7944/7944/3870
f 7934/7934/3861 7944/7944/3870 7943/7943/3869
f 7935/7935/3862 7936/7936/3863 7945/7945/3871
f 7935/7935/3862 7945/7945/3871 7944/7944/3870
f 7936/7936/3863 7937/7937/3864 7946/7946/3872
f 7936/7936/3863 7946/7946/3872 7945/7945/3871
f 7937/7937/3864 7938/7938/3865 7947/7947/3873
f 7937/7937/3864 7947/7947/3873 7946/7946/3872
f 7938/7938/3865 7939/7939/3859 7948/7948/3867
f 7938/7938/3865 7948/7948/3867 7947/7947/3873
f 7941/7941/3867 7940/7940/3866 7949/7949/3874
f 7941/7941/3867 7949/7949/3874 7950/7950/1746
f 7940/7940/3866 7942/7942/3868 7951/7951/3875
f 7940/7940/3866 7951/7951/3875 7949/7949/3874
f 7942/7942/3868 7943/7943/3869 7952/7952/3876
f 7942/7942/3868 7952/7952/3876 7951/7951/3875
f 7943/7943/3869 7944/7944/3870 7953/7953/3877
f 7943/7943/3869 7953/7953/3877 7952/7952/3876
f 7944/7944/3870 7945/7945/3871 7954/7954/3878
f 7944/7944/3870 7954/7954/3878 7953/7953/3877
f 7945/7945/3871 7946/7946/3872 7955/7955/3879
f 7945/7945/3871 7955/7955/3879 7954/7954/3878
f 7946/7946/3872 7947/7947/3873 7956/7956/3880
f 7946/7946/3872 7956/7956/3880 7955/7955/3879
f 7947/7947/3873 7948/7948/3867 7957/7957/1746
f 7947/7947/3873 7957/7957/1746 7956/7956/3880
f 7950/7950/1746 7949/7949/3874 7958/7958/3881
f 7950/7950/1746 7958/7958/3881 7959/7959/3882
f 7949/7949/3874 7951/7951/3875 7960/7960/3883
f 7949/7949/3874 7960/7960/3883 7958/7958/3881
f 7951/7951/3875 7952/7952/3876 7961/7961/3884
f 7951/7951/3875 7961/7961/3884 7960/7960/3883
f 7952/7952/3876 7953/7953/3877 7962/7962/3885
f 7952/7952/3876 7962/7962/3885 7961/7961/3884
f 7953/7953/3877 7954/7954/3878 7963/7963/3886
f 7953/7953/3877 7963/7963/3886 7962/7962/3885
f 7954/7954/3878 7955/7955/3879 7964/7964/3887
f 7954/7954/3878 7964/7964/3887 7963/7963/3886
f 7955/7955/3879 7956/7956/3880 7965/7965/3888
f 7955/7955/3879 7965/7965/3888 7964/7964/3887
f 7956/7956/3880 7957/7957/1746 7966/7966/3882
f 7956/7956/3880 7966/7966/3882 7965/7965/3888
f 7959/7959/3882 7958/7958/3881 7967/7967/3889
f 7959/7959/3882 7967/7967/3889 7968/7968/3890
f 7958/7958/3881 7960/7960/3883 7969/7969/3891
f 7958/7958/3881 7969/7969/3891 7967/7967/3889
f 7960/7960/3883 7961/7961/3884 7970/7970/3892
f 7960/7960/3883 7970/7970/3892 7969/7969/3891
f 7961/7961/3884 7962/7962/3885 7971/7971/3893
f 7961/7961/3884 7971/7971/3893 7970/7970/3892
f 7962/7962/3885 7963/7963/3886 7972/7972/3894
f 7962/7962/3885 7972/7972/3894 7971/7971/3893
f 7963/7963/3886 7964/7964/3887 7973/7973/3895
f 7963/7963/3886 7973/7973/3895 7972/7972/3894
f 7964/7964/3887 7965/7965/3888 7974/7974/3896
f 7964/7964/3887 7974/7974/3896 7973/7973/3895
f 7965/7965/3888 7966/7966/3882 7975/7975/3890
f 7965/7965/3888 7975/7975/3890 7974/7974/3896
f 7968/7968/3890 7967/7967/3889 7976/7976/3897
f 7968/7968/3890 7976/7976/3897 7977/7977/3898
f 7967/7967/3889 7969/7969/3891 7978/7978/3899
f 7967/7967/3889 7978/7978/3899 7976/7976/3897
f 7969/7969/3891 7970/7970/3892 7979/7979/3900
f 7969/7969/3891 7979/7979/3900 7978/7978/3899
f 7970/7970/3892 7971/7971/3893 7980/7980/3901
f 7970/7970/3892 7980/7980/3901 7979/7979/3900
f 7971/7971/3893 7972/7972/3894 7981/7981/3902
f 7971/7971/3893 7981/7981/3902 7980/7980/3901
f 7972/7972/3894 7973/7973/3895 7982/7982/3903
f 7972/7972/3894 7982/7982/3903 7981/7981/3902
f 7973/7973/3895 7974/7974/3896 7983/7983/3904
f 7973/7973/3895 7983/7983/3904 7982/7982/3903
f 7974/7974/3896 7975/7975/3890 7984/7984/3898
f 7974/7974/3896 7984/7984/3898 7983/7983/3904
f 7977/7977/3898 7976/7976/3897 7985/7985/3905
f 7977/7977/3898 7985/7985/3905 7986/7986/3906
f 7976/7976/3897 7978/7978/3899 7987/7987/3308
f 7976/7976/3897 7987/7987/3308 7985/7985/3905
f 7978/7978/3899 7979/7979/3900 7988/7988/3907
f 7978/7978/3899 7988/7988/3907 7987/7987/3308
f 7979/7979/3900 7980/7980/3901 7989/7989/3908
f 7979/7979/3900 7989/7989/3908 7988/7988/3907
f 7980/7980/3901 7981/7981/3902 7990/7990/3909
f 7980/7980/3901 7990/7990/3909 7989/7989/3908
f 7981/7981/3902 7982/7982/3903 7991/7991/3311
f 7981/7981/3902 7991/7991/3311 7990/7990/3909
f 7982/7982/3903 7983/7983/3904 7992/7992/3910
f 7982/7982/3903 7992/7992/3910 7991/7991/3311
f 7983/7983/3904 7984/7984/3898 7993/7993/3906
f 7983/7983/3904 7993/7993/3906 7992/7992/3910
f 7986/7986/3906 7985/7985/3905 7994/7994/3911
f 7986/7986/3906 7994/7994/3911 7995/7995/2529
f 7985/7985/3905 7987/7987/3308 7996/7996/3912
f 7985/7985/3905 7996/7996/3912 7994/7994/3911
f 7987/7987/3308 7988/7988/3907 7997/7997/3913
f 7987/7987/3308 7997/7997/3913 7996/7996/3912
f 7988/7988/3907 7989/7989/3908 7998/7998/2526
f 7988/7988/3907 7998/7998/2526 7997/7997/3913
f 7989/7989/3908 7990/7990/3909 7999/7999/3914
f 7989/7989/3908 7999/7999/3914 7998/7998/2526
f 7990/7990/3909 7991/7991/3311 8000/8000/3915
f 7990/7990/3909 8000/8000/3915 7999/7999/3914
f 7991/7991/3311 7992/7992/3910 8001/8001/3916
f 7991/7991/3311 8001/8001/3916 8000/8000/3915
f 7992/7992/3910 7993/7993/3906 8002/8002/2529
f 7992/7992/3910 8002/8002/2529 8001/8001/3916
f 7995/7995/2529 7994/7994/3911 8003/8003/3917
f 7995/7995/2529 8003/8003/3917 8004/8004/2537
f 7994/7994/3911 7996/7996/3912 8005/8005/3918
f 7994/7994/3911 8005/8005/3918 8003/8003/3917
f 7996/7996/3912 7997/7997/3913 8006/8006/3919
f 7996/7996/3912 8006/8006/3919 8005/8005/3918
f 7997/7997/3913 7998/7998/2526 8007/8007/2534
f 7997/7997/3913 8007/8007/2534 8006/8006/3919
f 7998/7998/2526 7999/7999/3914 8008/8008/3920
f 7998/7998/2526 8008/8008/3920 8007/8007/2534
f 7999/7999/3914 8000/8000/3915 8009/8009/3921
f 7999/7999/3914 8009/8009/3921 8008/8008/3920
f 8000/8000/3915 8001/8001/3916 8010/8010/3922
f 8000/8000/3915 8010/8010/3922 8009/8009/3921
f 8001/8001/3916 8002/8002/2529 8011/8011/2537
f 8001/8001/3916 8011/8011/2537 8010/8010/3922
f 8004/8004/2537 8003/8003/3917 8012/8012/3923
f 8004/8004/2537 8012/8012/3923 8013/8013/1851
f 8003/8003/3917 8005/8005/3918 8014/8014/3924
f 8003/8003/3917 8014/8014/3924 8012/8012/3923
f 8005/8005/3918 8006/8006/3919 8015/8015/3925
f 8005/8005/3918 8015/8015/3925 8014/8014/3924
f 8006/8006/3919 8007/8007/2534 8016/8016/3926
f 8006/8006/3919 8016/8016/3926 8015/8015/3925
f 8007/8007/2534 8008/8008/3920 8017/8017/3927
f 8007/8007/2534 8017/8017/3927 8016/8016/3926
f 8008/8008/3920 8009/8009/3921 8018/8018/3928
f 8008/8008/3920 8018/8018/3928 8017/8017/3927
f 8009/8009/3921 8010/8010/3922 8019/8019/3929
f 8009/8009/3921 8019/8019/3929 8018/8018/3928
f 8010/8010/3922 8011/8011/2537 8020/8020/1851
f 8010/8010/3922 8020/8020/1851 8019/8019/3929
f 8013/8013/1851 8012/8012/3923 8021/8021/3930
f 8013/8013/1851 8021/8021/3930 8022/8022/3931
f 8012/8012/3923 8014/8014/3924 8023/8023/2669
f 8012/8012/3923 8023/8023/2669 8021/8021/3930
f 8014/8014/3924 8015/8015/3925 8024/8024/3932
f 8014/8014/3924 8024/8024/3932 8023/8023/2669
f 8015/8015/3925 8016/8016/3926 8025/8025/2557
f 8015/8015/3925 8025/8025/2557 8024/8024/3932
f 8016/8016/3926 8017/8017/3927 8026/8026/3933
f 8016/8016/3926 8026/8026/3933 8025/8025/2557
f 8017/8017/3927 8018/8018/3928 8027/8027/3934
f 8017/8017/3927 8027/8027/3934 8026/8026/3933
f 8018/8018/3928 8019/8019/3929 8028/8028/3935
f 8018/8018/3928 8028/8028/3935 8027/8027/3934
f 8019/8019/3929 8020/8020/1851 8029/8029/2553
f 8019/8019/3929 8029/8029/2553 8028/8028/3935
f 8022/8022/3931 8021/8021/3930 8030/8030/3936
f 8022/8022/3931 8030/8030/3936 8031/8031/2562
f 8021/8021/3930 8023/8023/2669 8032/8032/3937
f 8021/8021/3930 8032/8032/3937 8030/8030/3936
f 8023/8023/2669 8024/8024/3932 8033/8033/3938
f 8023/8023/2669 8033/8033/3938 8032/8032/3937
f 8024/8024/3932 8025/8025/2557 8034/8034/2559
f 8024/8024/3932 8034/8034/2559 8033/8033/3938
f 8025/8025/2557 8026/8026/3933 8035/8035/3939
f 8025/8025/2557 8035/8035/3939 8034/8034/2559
f 8026/8026/3933 8027/8027/3934 8036/8036/3940
f 8026/8026/3933 8036/8036/3940 8035/8035/3939
f 8027/8027/3934 8028/8028/3935 8037/8037/3941
f 8027/8027/3934 8037/8037/3941 8036/8036/3940
f 8028/8028/3935 8029/8029/2553 8038/8038/2562
f 8028/8028/3935 8038/8038/2562 8037/8037/3941
f 8031/8031/2562 8030/8030/3936 8039/8039/3942
f 8031/8031/2562 8039/8039/3942 8040/8040/2570
f 8030/8030/3936 8032/8032/3937 8041/8041/3943
f 8030/8030/3936 8041/8041/3943 8039/8039/3942
f 8032/8032/3937 8033/8033/3938 8042/8042/3944
f 8032/8032/3937 8042/8042/3944 8041/8041/3943
f 8033/8033/3938 8034/8034/2559 8043/8043/2567
f 8033/8033/3938 8043/8043/2567 8042/8042/3944
f 8034/8034/2559 8035/8035/3939 8044/8044/3945
f 8034/8034/2559 8044/8044/3945 8043/8043/2567
f 8035/8035/3939 8036/8036/3940 8045/8045/1807
f 8035/8035/3939 8045/8045/1807 8044/8044/3945
f 8036/8036/3940 8037/8037/3941 8046/8046/3946
f 8036/8036/3940 8046/8046/3946 8045/8045/1807
f 8037/8037/3941 8038/8038/2562 8047/8047/2570
f 8037/8037/3941 8047/8047/2570 8046/8046/3946
f 8040/8040/2570 8039/8039/3942 8048/8048/3947
f 8040/8040/2570 8048/8048/3947 8049/8049/2578
f 8039/8039/3942 8041/8041/3943 8050/8050/3948
f 8039/8039/3942 8050/8050/3948 8048/8048/3947
f 8041/8041/3943 8042/8042/3944 8051/8051/3949
f 8041/8041/3943 8051/8051/3949 8050/8050/3948
f 8042/8042/3944 8043/8043/2567 8052/8052/2575
f 8042/8042/3944 8052/8052/2575 8051/8051/3949
f 8043/8043/2567 8044/8044/3945 8053/8053/3950
f 8043/8043/2567 8053/8053/3950 8052/8052/2575
f 8044/8044/3945 8045/8045/1807 8054/8054/3951
f 8044/8044/3945 8054/8054/3951 8053/8053/3950
f 8045/8045/1807 8046/8046/3946 8055/8055/3952
f 8045/8045/1807 8055/8055/3952 8054/8054/3951
f 8046/8046/3946 8047/8047/2570 8056/8056/2578
f 8046/8046/3946 8056/8056/2578 8055/8055/3952
f 8049/8049/2578 8048/8048/3947 8057/8057/3953
f 8049/8049/2578 8057/8057/3953 8058/8058/2586
f 8048/8048/3947 8050/8050/3948 8059/8059/3954
f 8048/8048/3947 8059/8059/3954 8057/8057/3953
f 8050/8050/3948 8051/8051/3949 8060/8060/3955
f 8050/8050/3948 8060/8060/3955 8059/8059/3954
f 8051/8051/3949 8052/8052/2575 8061/8061/2583
f 8051/8051/3949 8061/8061/2583 8060/8060/3955
f 8052/8052/2575 8053/8053/3950 8062/8062/3956
f 8052/8052/2575 8062/8062/3956 8061/8061/2583
f 8053/8053/3950 8054/8054/3951 8063/8063/3957
f 8053/8053/3950 8063/8063/3957 8062/8062/3956
f 8054/8054/3951 8055/8055/3952 8064/8064/3958
f 8054/8054/3951 8064/8064/3958 8063/8063/3957
f 8055/8055/3952 8056/8056/2578 8065/8065/2586
f 8055/8055/3952 8065/8065/2586 8064/8064/3958
f 8058/8058/2586 8057/8057/3953 8066/8066/3959
f 8058/8058/2586 8066/8066/3959 8067/8067/3960
f 8057/8057/3953 8059/8059/3954 8068/8068/3961
f 8057/8057/3953 8068/8068/3961 8066/8066/3959
f 8059/8059/3954 8060/8060/3955 8069/8069/3962
f 8059/8059/3954 8069/8069/3962 8068/8068/3961
f 8060/8060/3955 8061/8061/2583 8070/8070/3963
f 8060/8060/3955 8070/8070/3963 8069/8069/3962
f 8061/8061/2583 8062/8062/3956 8071/8071/3964
f 8061/8061/2583 8071/8071/3964 8070/8070/3963
f 8062/8062/3956 8063/8063/3957 8072/8072/3965
f 8062/8062/3956 8072/8072/3965 8071/8071/3964
f 8063/8063/3957 8064/8064/3958 8073/8073/3966
f 8063/8063/3957 8073/8073/3966 8072/8072/3965
f 8064/8064/3958 8065/8065/2586 8074/8074/3960
f 8064/8064/3958 8074/8074/3960 8073/8073/3966
f 8067/8067/3960 8066/8066/3959 8075/8075/3967
f 8067/8067/3960 8075/8075/3967 8076/8076/3968
f 8066/8066/3959 8068/8068/3961 8077/8077/3969
f 8066/8066/3959 8077/8077/3969 8075/8075/3967
f 8068/8068/3961 8069/8069/3962 8078/8078/3970
f 8068/8068/3961 8078/8078/3970 8077/8077/3969
f 8069/8069/3962 8070/8070/3963 8079/8079/3971
f 8069/8069/3962 8079/8079/3971 8078/8078/3970
f 8070/8070/3963 8071/8071/3964 8080/8080/3972
f 8070/8070/3963 8080/8080/3972 8079/8079/3971
f 8071/8071/3964 8072/8072/3965 8081/8081/3973
f 8071/8071/3964 8081/8081/3973 8080/8080/3972
f 8072/8072/3965 8073/8073/3966 8082/8082/3974
f 8072/8072/3965 8082/8082/3974 8081/8081/3973
f 8073/8073/3966 8074/8074/3960 8083/8083/3968
f 8073/8073/3966 8083/8083/3968 8082/8082/3974
f 8076/8076/3968 8075/8075/3967 8084/8084/3975
f 8076/8076/3968 8084/8084/3975 8085/8085/2610
f 8075/8075/3967 8077/8077/3969 8086/8086/3976
f 8075/8075/3967 8086/8086/3976 8084/8084/3975
f 8077/8077/3969 8078/8078/3970 8087/8087/3977
f 8077/8077/3969 8087/8087/3977 8086/8086/3976
f 8078/8078/3970 8079/8079/3971 8088/8088/2607
f 8078/8078/3970 8088/8088/2607 8087/8087/3977
f 8079/8079/3971 8080/8080/3972 8089/8089/3978
f 8079/8079/3971 8089/8089/3978 8088/8088/2607
f 8080/8080/3972 8081/8081/3973 8090/8090/3979
f 8080/8080/3972 8090/8090/3979 8089/8089/3978
f 8081/8081/3973 8082/8082/3974 8091/8091/3980
f 8081/8081/3973 8091/8091/3980 8090/8090/3979
f 8082/8082/3974 8083/8083/3968 8092/8092/3981
f 8082/8082/3974 8092/8092/3981 8091/8091/3980
f 8085/8085/2610 8084/8084/3975 8093/8093/3982
f 8085/8085/2610 8093/8093/3982 8094/8094/2618
f 8084/8084/3975 8086/8086/3976 8095/8095/1058
f 8084/8084/3975 8095/8095/1058 8093/8093/3982
f 8086/8086/3976 8087/8087/3977 8096/8096/3983
f 8086/8086/3976 8096/8096/3983 8095/8095/1058
f 8087/8087/3977 8088/8088/2607 8097/8097/2616
f 8087/8087/3977 8097/8097/2616 8096/8096/3983
f 8088/8088/2607 8089/8089/3978 8098/8098/2620
f 8088/8088/2607 8098/8098/2620 8097/8097/2616
f 8089/8089/3978 8090/8090/3979 8099/8099/1057
f 8089/8089/3978 8099/8099/1057 8098/8098/2620
f 8090/8090/3979 8091/8091/3980 8100/8100/2619
f 8090/8090/3979 8100/8100/2619 8099/8099/1057
f 8091/8091/3980 8092/8092/3981 8101/8101/2618
f 8091/8091/3980 8101/8101/2618 8100/8100/2619
f 8094/8094/2618 8093/8093/3982 8102/8102/3984
f 8094/8094/2618 8102/8102/3984 8103/8103/2625
f 8093/8093/3982 8095/8095/1058 8104/8104/3985
f 8093/8093/3982 8104/8104/3985 8102/8102/3984
f 8095/8095/1058 8096/8096/3983 8105/8105/3986
f 8095/8095/1058 8105/8105/3986 8104/8104/3985
f 8096/8096/3983 8097/8097/2616 8106/8106/2622
f 8096/8096/3983 8106/8106/2622 8105/8105/3986
f 8097/8097/2616 8098/8098/2620 8107/8107/3987
f 8097/8097/2616 8107/8107/3987 8106/8106/2622
f 8098/8098/2620 8099/8099/1057 8108/8108/3988
f 8098/8098/2620 8108/8108/3988 8107/8107/3987
f 8099/8099/1057 8100/8100/2619 8109/8109/3989
f 8099/8099/1057 8109/8109/3989 8108/8108/3988
f 8100/8100/2619 8101/8101/2618 8110/8110/2625
f 8100/8100/2619 8110/8110/2625 8109/8109/3989
f 8103/8103/2625 8102/8102/3984 8111/8111/3990
f 8103/8103/2625 8111/8111/3990 8112/8112/2633
f 8102/8102/3984 8104/8104/3985 8113/8113/2600
f 8102/8102/3984 8113/8113/2600 8111/8111/3990
f 8104/8104/3985 8105/8105/3986 8114/8114/3991
f 8104/8104/3985 8114/8114/3991 8113/8113/2600
f 8105/8105/3986 8106/8106/2622 8115/8115/2630
f 8105/8105/3986 8115/8115/2630 8114/8114/3991
f 8106/8106/2622 8107/8107/3987 8116/8116/3992
f 8106/8106/2622 8116/8116/3992 8115/8115/2630
f 8107/8107/3987 8108/8108/3988 8117/8117/2604
f 8107/8107/3987 8117/8117/2604 8116/8116/3992
f 8108/8108/3988 8109/8109/3989 8118/8118/3993
f 8108/8108/3988 8118/8118/3993 8117/8117/2604
f 8109/8109/3989 8110/8110/2625 8119/8119/2633
f 8109/8109/3989 8119/8119/2633 8118/8118/3993
f 8112/8112/2633 8111/8111/3990 8120/8120/3994
f 8112/8112/2633 8120/8120/3994 8121/8121/3995
f 8111/8111/3990 8113/8113/2600 8122/8122/2600
f 8111/8111/3990 8122/8122/2600 8120/8120/3994
f 8113/8113/2600 8114/8114/3991 8123/8123/3996
f 8113/8113/2600 8123/8123/3996 8122/8122/2600
f 8114/8114/3991 8115/8115/2630 8124/8124/3997
f 8114/8114/3991 8124/8124/3997 8123/8123/3996
f 8115/8115/2630 8116/8116/3992 8125/8125/3998
f 8115/8115/2630 8125/8125/3998 8124/8124/3997
f 8116/8116/3992 8117/8117/2604 8126/8126/3999
f 8116/8116/3992 8126/8126/3999 8125/8125/3998
f 8117/8117/2604 8118/8118/3993 8127/8127/4000
f 8117/8117/2604 8127/8127/4000 8126/8126/3999
f 8118/8118/3993 8119/8119/2633 8128/8128/3995
f 8118/8118/3993 8128/8128/3995 8127/8127/4000
f 8121/8121/3995 8120/8120/3994 8129/8129/4001
f 8121/8121/3995 8129/8129/4001 8130/8130/2647
f 8120/8120/3994 8122/8122/2600 8131/8131/4002
f 8120/8120/3994 8131/8131/4002 8129/8129/4001
f 8122/8122/2600 8123/8123/3996 8132/8132/4003
f 8122/8122/2600 8132/8132/4003 8131/8131/4002
f 8123/8123/3996 8124/8124/3997 8133/8133/2644
f 8123/8123/3996 8133/8133/2644 8132/8132/4003
f 8124/8124/3997 8125/8125/3998 8134/8134/4004
f 8124/8124/3997 8134/8134/4004 8133/8133/2644
f 8125/8125/3998 8126/8126/3999 8135/8135/4005
f 8125/8125/3998 8135/8135/4005 8134/8134/4004
f 8126/8126/3999 8127/8127/4000 8136/8136/4006
f 8126/8126/3999 8136/8136/4006 8135/8135/4005
f 8127/8127/4000 8128/8128/3995 8137/8137/2647
f 8127/8127/4000 8137/8137/2647 8136/8136/4006
f 8130/8130/2647 8129/8129/4001 8138/8138/4007
f 8130/8130/2647 8138/8138/4007 8139/8139/2655
f 8129/8129/4001 8131/8131/4002 8140/8140/3985
f 8129/8129/4001 8140/8140/3985 8138/8138/4007
f 8131/8131/4002 8132/8132/4003 8141/8141/4008
f 8131/8131/4002 8141/8141/4008 8140/8140/3985
f 8132/8132/4003 8133/8133/2644 8142/8142/2652
f 8132/8132/4003 8142/8142/2652 8141/8141/4008
f 8133/8133/2644 8134/8134/4004 8143/8143/4009
f 8133/8133/2644 8143/8143/4009 8142/8142/2652
f 8134/8134/4004 8135/8135/4005 8144/8144/4010
f 8134/8134/4004 8144/8144/4010 8143/8143/4009
f 8135/8135/4005 8136/8136/4006 8145/8145/4011
f 8135/8135/4005 8145/8145/4011 8144/8144/4010
f 8136/8136/4006 8137/8137/2647 8146/8146/2655
f 8136/8136/4006 8146/8146/2655 8145/8145/4011
f 8139/8139/2655 8138/8138/4007 8147/8147/4012
f 8139/8139/2655 8147/8147/4012 8148/8148/2663
f 8138/8138/4007 8140/8140/3985 8149/8149/4013
f 8138/8138/4007 8149/8149/4013 8147/8147/4012
f 8140/8140/3985 8141/8141/4008 8150/8150/4014
f 8140/8140/3985 8150/8150/4014 8149/8149/4013
f 8141/8141/4008 8142/8142/2652 8151/8151/2660
f 8141/8141/4008 8151/8151/2660 8150/8150/4014
f 8142/8142/2652 8143/8143/4009 8152/8152/4015
f 8142/8142/2652 8152/8152/4015 8151/8151/2660
f 8143/8143/4009 8144/8144/4010 8153/8153/2612
f 8143/8143/4009 8153/8153/2612 8152/8152/4015
f 8144/8144/4010 8145/8145/4011 8154/8154/4016
f 8144/8144/4010 8154/8154/4016 8153/8153/2612
f 8145/8145/4011 8146/8146/2655 8155/8155/2663
f 8145/8145/4011 8155/8155/2663 8154/8154/4016
f 8148/8148/2663 8147/8147/4012 8156/8156/4017
f 8148/8148/2663 8156/8156/4017 8157/8157/2671
f 8147/8147/4012 8149/8149/4013 8158/8158/2551
f 8147/8147/4012 8158/8158/2551 8156/8156/4017
f 8149/8149/4013 8150/8150/4014 8159/8159/4018
f 8149/8149/4013 8159/8159/4018 8158/8158/2551
f 8150/8150/4014 8151/8151/2660 8160/8160/2668
f 8150/8150/4014 8160/8160/2668 8159/8159/4018
f 8151/8151/2660 8152/8152/4015 8161/8161/4019
f 8151/8151/2660 8161/8161/4019 8160/8160/2668
f 8152/8152/4015 8153/8153/2612 8162/8162/2555
f 8152/8152/4015 8162/8162/2555 8161/8161/4019
f 8153/8153/2612 8154/8154/4016 8163/8163/4020
f 8153/8153/2612 8163/8163/4020 8162/8162/2555
f 8154/8154/4016 8155/8155/2663 8164/8164/2671
f 8154/8154/4016 8164/8164/2671 8163/8163/4020
f 8157/8157/2671 8156/8156/4017 8165/8165/4021
f 8157/8157/2671 8165/8165/4021 8166/8166/1931
f 8156/8156/4017 8158/8158/2551 8167/8167/4022
f 8156/8156/4017 8167/8167/4022 8165/8165/4021
f 8158/8158/2551 8159/8159/4018 8168/8168/4023
f 8158/8158/2551 8168/8168/4023 8167/8167/4022
f 8159/8159/4018 8160/8160/2668 8169/8169/2676
f 8159/8159/4018 8169/8169/2676 8168/8168/4023
f 8160/8160/2668 8161/8161/4019 8170/8170/4024
f 8160/8160/2668 8170/8170/4024 8169/8169/2676
f 8161/8161/4019 8162/8162/2555 8171/8171/3411
f 8161/8161/4019 8171/8171/3411 8170/8170/4024
f 8162/8162/2555 8163/8163/4020 8172/8172/4025
f 8162/8162/2555 8172/8172/4025 8171/8171/3411
f 8163/8163/4020 8164/8164/2671 8173/8173/1931
f 8163/8163/4020 8173/8173/1931 8172/8172/4025
f 8166/8166/1931 8165/8165/4021 8174/8174/4026
f 8166/8166/1931 8174/8174/4026 8175/8175/2684
f 8165/8165/4021 8167/8167/4022 8176/8176/3420
f 8165/8165/4021 8176/8176/3420 8174/8174/4026
f 8167/8167/4022 8168/8168/4023 8177/8177/4027
f 8167/8167/4022 8177/8177/4027 8176/8176/3420
f 8168/8168/4023 8169/8169/2676 8178/8178/2681
f 8168/8168/4023 8178/8178/2681 8177/8177/4027
f 8169/8169/2676 8170/8170/4024 8179/8179/4028
f 8169/8169/2676 8179/8179/4028 8178/8178/2681
f 8170/8170/4024 8171/8171/3411 8180/8180/3915
f 8170/8170/4024 8180/8180/3915 8179/8179/4028
f 8171/8171/3411 8172/8172/4025 8181/8181/4029
f 8171/8171/3411 8181/8181/4029 8180/8180/3915
f 8172/8172/4025 8173/8173/1931 8182/8182/2684
f 8172/8172/4025 8182/8182/2684 8181/8181/4029
f 8175/8175/2684 8174/8174/4026 8183/8183/4030
f 8175/8175/2684 8183/8183/4030 8184/8184/2691
f 8174/8174/4026 8176/8176/3420 8185/8185/4031
f 8174/8174/4026 8185/8185/4031 8183/8183/4030
f 8176/8176/3420 8177/8177/4027 8186/8186/4032
f 8176/8176/3420 8186/8186/4032 8185/8185/4031
f 8177/8177/4027 8178/8178/2681 8187/8187/2688
f 8177/8177/4027 8187/8187/2688 8186/8186/4032
f 8178/8178/2681 8179/8179/4028 8188/8188/4033
f 8178/8178/2681 8188/8188/4033 8187/8187/2688
f 8179/8179/4028 8180/8180/3915 8189/8189/4034
f 8179/8179/4028 8189/8189/4034 8188/8188/4033
f 8180/8180/3915 8181/8181/4029 8190/8190/4035
f 8180/8180/3915 8190/8190/4035 8189/8189/4034
f 8181/8181/4029 8182/8182/2684 8191/8191/2691
f 8181/8181/4029 8191/8191/2691 8190/8190/4035
f 8184/8184/2691 8183/8183/4030 8192/8192/4036
f 8184/8184/2691 8192/8192/4036 8193/8193/2698
f 8183/8183/4030 8185/8185/4031 8194/8194/4037
f 8183/8183/4030 8194/8194/4037 8192/8192/4036
f 8185/8185/4031 8186/8186/4032 8195/8195/4038
f 8185/8185/4031 8195/8195/4038 8194/8194/4037
f 8186/8186/4032 8187/8187/2688 8196/8196/2696
f 8186/8186/4032 8196/8196/2696 8195/8195/4038
f 8187/8187/2688 8188/8188/4033 8197/8197/4039
f 8187/8187/2688 8197/8197/4039 8196/8196/2696
f 8188/8188/4033 8189/8189/4034 8198/8198/4040
f 8188/8188/4033 8198/8198/4040 8197/8197/4039
f 8189/8189/4034 8190/8190/4035 8199/8199/4041
f 8189/8189/4034 8199/8199/4041 8198/8198/4040
f 8190/8190/4035 8191/8191/2691 8200/8200/2698
f 8190/8190/4035 8200/8200/2698 8199/8199/4041
f 8193/8193/2698 8192/8192/4036 8201/8201/4042
f 8193/8193/2698 8201/8201/4042 8202/8202/4043
f 8192/8192/4036 8194/8194/4037 8203/8203/4044
f 8192/8192/4036 8203/8203/4044 8201/8201/4042
f 8194/8194/4037 8195/8195/4038 8204/8204/4045
f 8194/8194/4037 8204/8204/4045 8203/8203/4044
f 8195/8195/4038 8196/8196/2696 8205/8205/4046
f 8195/8195/4038 8205/8205/4046 8204/8204/4045
f 8196/8196/2696 8197/8197/4039 8206/8206/4047
f 8196/8196/2696 8206/8206/4047 8205/8205/4046
f 8197/8197/4039 8198/8198/4040 8207/8207/4048
f 8197/8197/4039 8207/8207/4048 8206/8206/4047
f 8198/8198/4040 8199/8199/4041 8208/8208/4049
f 8198/8198/4040 8208/8208/4049 8207/8207/4048
f 8199/8199/4041 8200/8200/2698 8209/8209/4043
f 8199/8199/4041 8209/8209/4043 8208/8208/4049
f 8202/8202/4043 8201/8201/4042 8210/8210/4050
f 8202/8202/4043 8210/8210/4050 8211/8211/4051
f 8201/8201/4042 8203/8203/4044 8212/8212/4052
f 8201/8201/4042 8212/8212/4052 8210/8210/4050
f 8203/8203/4044 8204/8204/4045 8213/8213/4053
f 8203/8203/4044 8213/8213/4053 8212/8212/4052
f 8204/8204/4045 8205/8205/4046 8214/8214/4054
f 8204/8204/4045 8214/8214/4054 8213/8213/4053
f 8205/8205/4046 8206/8206/4047 8215/8215/4055
f 8205/8205/4046 8215/8215/4055 8214/8214/4054
f 8206/8206/4047 8207/8207/4048 8216/8216/4056
f 8206/8206/4047 8216/8216/4056 8215/8215/4055
f 8207/8207/4048 8208/8208/4049 8217/8217/4057
f 8207/8207/4048 8217/8217/4057 8216/8216/4056
f 8208/8208/4049 8209/8209/4043 8218/8218/4051
f 8208/8208/4049 8218/8218/4051 8217/8217/4057
f 8211/8211/4051 8210/8210/4050 8219/8219/4058
f 8211/8211/4051 8219/8219/4058 8220/8220/2722
f 8210/8210/4050 8212/8212/4052 8221/8221/4059
f 8210/8210/4050 8221/8221/4059 8219/8219/4058
f 8212/8212/4052 8213/8213/4053 8222/8222/4060
f 8212/8212/4052 8222/8222/4060 8221/8221/4059
f 8213/8213/4053 8214/8214/4054 8223/8223/2719
f 8213/8213/4053 8223/8223/2719 8222/8222/4060
f 8214/8214/4054 8215/8215/4055 8224/8224/4061
f 8214/8214/4054 8224/8224/4061 8223/8223/2719
f 8215/8215/4055 8216/8216/4056 8225/8225/4062
f 8215/8215/4055 8225/8225/4062 8224/8224/4061
f 8216/8216/4056 8217/8217/4057 8226/8226/4063
f 8216/8216/4056 8226/8226/4063 8225/8225/4062
f 8217/8217/4057 8218/8218/4051 8227/8227/2722
f 8217/8217/4057 8227/8227/2722 8226/8226/4063
f 8220/8220/2722 8219/8219/4058 8228/8228/4064
f 8220/8220/2722 8228/8228/4064 8229/8229/2730
f 8219/8219/4058 8221/8221/4059 8230/8230/4065
f 8219/8219/4058 8230/8230/4065 8228/8228/4064
f 8221/8221/4059 8222/8222/4060 8231/8231/4066
f 8221/8221/4059 8231/8231/4066 8230/8230/4065
f 8222/8222/4060 8223/8223/2719 8232/8232/2727
f 8222/8222/4060 8232/8232/2727 8231/8231/4066
f 8223/8223/2719 8224/8224/4061 8233/8233/4067
f 8223/8223/2719 8233/8233/4067 8232/8232/2727
f 8224/8224/4061 8225/8225/4062 8234/8234/4068
f 8224/8224/4061 8234/8234/4068 8233/8233/4067
f 8225/8225/4062 8226/8226/4063 8235/8235/4069
f 8225/8225/4062 8235/8235/4069 8234/8234/4068
f 8226/8226/4063 8227/8227/2722 8236/8236/2730
f 8226/8226/4063 8236/8236/2730 8235/8235/4069
f 8229/8229/2730 8228/8228/4064 8237/8237/4070
f 8229/8229/2730 8237/8237/4070 8238/8238/4071
f 8228/8228/4064 8230/8230/4065 8239/8239/4072
f 8228/8228/4064 8239/8239/4072 8237/8237/4070
f 8230/8230/4065 8231/8231/4066 8240/8240/4073
f 8230/8230/4065 8240/8240/4073 8239/8239/4072
f 8231/8231/4066 8232/8232/2727 8241/8241/4074
f 8231/8231/4066 8241/8241/4074 8240/8240/4073
f 8232/8232/2727 8233/8233/4067 8242/8242/4075
f 8232/8232/2727 8242/8242/4075 8241/8241/4074
f 8233/8233/4067 8234/8234/4068 8243/8243/4076
f 8233/8233/4067 8243/8243/4076 8242/8242/4075
f 8234/8234/4068 8235/8235/4069 8244/8244/4077
f 8234/8234/4068 8244/8244/4077 8243/8243/4076
f 8235/8235/4069 8236/8236/2730 8245/8245/4071
f 8235/8235/4069 8245/8245/4071 8244/8244/4077
f 8238/8238/4071 8237/8237/4070 8246/8246/4078
f 8238/8238/4071 8246/8246/4078 8247/8247/4079
f 8237/8237/4070 8239/8239/4072 8248/8248/4080
f 8237/8237/4070 8248/8248/4080 8246/8246/4078
f 8239/8239/4072 8240/8240/4073 8249/8249/4081
f 8239/8239/4072 8249/8249/4081 8248/8248/4080
f 8240/8240/4073 8241/8241/4074 8250/8250/4082
f 8240/8240/4073 8250/8250/4082 8249/8249/4081
f 8241/8241/4074 8242/8242/4075 8251/8251/4083
f 8241/8241/4074 8251/8251/4083 8250/8250/4082
f 8242/8242/4075 8243/8243/4076 8252/8252/4084
f 8242/8242/4075 8252/8252/4084 8251/8251/4083
f 8243/8243/4076 8244/8244/4077 8253/8253/4085
f 8243/8243/4076 8253/8253/4085 8252/8252/4084
f 8244/8244/4077 8245/8245/4071 8254/8254/4079
f 8244/8244/4077 8254/8254/4079 8253/8253/4085
f 8247/8247/4079 8246/8246/4078 8255/8255/4086
f 8247/8247/4079 8255/8255/4086 8256/8256/4087
f 8246/8246/4078 8248/8248/4080 8257/8257/4088
f 8246/8246/4078 8257/8257/4088 8255/8255/4086
f 8248/8248/4080 8249/8249/4081 8258/8258/4089
f 8248/8248/4080 8258/8258/4089 8257/8257/4088
f 8249/8249/4081 8250/8250/4082 8259/8259/4090
f 8249/8249/4081 8259/8259/4090 8258/8258/4089
f 8250/8250/4082 8251/8251/4083 8260/8260/4091
f 8250/8250/4082 8260/8260/4091 8259/8259/4090
f 8251/8251/4083 8252/8252/4084 8261/8261/4092
f 8251/8251/4083 8261/8261/4092 8260/8260/4091
f 8252/8252/4084 8253/8253/4085 8262/8262/4093
f 8252/8252/4084 8262/8262/4093 8261/8261/4092
f 8253/8253/4085 8254/8254/4079 8263/8263/4087
f 8253/8253/4085 8263/8263/4087 8262/8262/4093
f 8256/8256/4087 8255/8255/4086 8264/8264/4094
f 8256/8256/4087 8264/8264/4094 8265/8265/4095
f 8255/8255/4086 8257/8257/4088 8266/8266/4096
f 8255/8255/4086 8266/8266/4096 8264/8264/4094
f 8257/8257/4088 8258/8258/4089 8267/8267/4097
f 8257/8257/4088 8267/8267/4097 8266/8266/4096
f 8258/8258/4089 8259/8259/4090 8268/8268/4098
f 8258/8258/4089 8268/8268/4098 8267/8267/4097
f 8259/8259/4090 8260/8260/4091 8269/8269/4099
f 8259/8259/4090 8269/8269/4099 8268/8268/4098
f 8260/8260/4091 8261/8261/4092 8270/8270/4100
f 8260/8260/4091 8270/8270/4100 8269/8269/4099
f 8261/8261/4092 8262/8262/4093 8271/8271/4101
f 8261/8261/4092 8271/8271/4101 8270/8270/4100
f 8262/8262/4093 8263/8263/4087 8272/8272/4095
f 8262/8262/4093 8272/8272/4095 8271/8271/4101
f 8265/8265/4095 8264/8264/4094 8273/8273/4102
f 8265/8265/4095 8273/8273/4102 8274/8274/4103
f 8264/8264/4094 8266/8266/4096 8275/8275/4104
f 8264/8264/4094 8275/8275/4104 8273/8273/4102
f 8266/8266/4096 8267/8267/4097 8276/8276/4105
f 8266/8266/4096 8276/8276/4105 8275/8275/4104
f 8267/8267/4097 8268/8268/4098 8277/8277/4106
f 8267/8267/4097 8277/8277/4106 8276/8276/4105
f 8268/8268/4098 8269/8269/4099 8278/8278/4107
f 8268/8268/4098 8278/8278/4107 8277/8277/4106
f 8269/8269/4099 8270/8270/4100 8279/8279/4108
f 8269/8269/4099 8279/8279/4108 8278/8278/4107
f 8270/8270/4100 8271/8271/4101 8280/8280/4109
f 8270/8270/4100 8280/8280/4109 8279/8279/4108
f 8271/8271/4101 8272/8272/4095 8281/8281/4103
f 8271/8271/4101 8281/8281/4103 8280/8280/4109
f 8274/8274/4103 8273/8273/4102 8282/8282/4110
f 8274/8274/4103 8282/8282/4110 8283/8283/2778
f 8273/8273/4102 8275/8275/4104 8284/8284/4111
f 8273/8273/4102 8284/8284/4111 8282/8282/4110
f 8275/8275/4104 8276/8276/4105 8285/8285/4112
f 8275/8275/4104 8285/8285/4112 8284/8284/4111
f 8276/8276/4105 8277/8277/4106 8286/8286/2775
f 8276/8276/4105 8286/8286/2775 8285/8285/4112
f 8277/8277/4106 8278/8278/4107 8287/8287/4113
f 8277/8277/4106 8287/8287/4113 8286/8286/2775
f 8278/8278/4107 8279/8279/4108 8288/8288/4114
f 8278/8278/4107 8288/8288/4114 8287/8287/4113
f 8279/8279/4108 8280/8280/4109 8289/8289/4115
f 8279/8279/4108 8289/8289/4115 8288/8288/4114
f 8280/8280/4109 8281/8281/4103 8290/8290/2778
f 8280/8280/4109 8290/8290/2778 8289/8289/4115
f 8283/8283/2778 8282/8282/4110 8291/8291/4116
f 8283/8283/2778 8291/8291/4116 8292/8292/4117
f 8282/8282/4110 8284/8284/4111 8293/8293/4118
f 8282/8282/4110 8293/8293/4118 8291/8291/4116
f 8284/8284/4111 8285/8285/4112 8294/8294/4119
f 8284/8284/4111 8294/8294/4119 8293/8293/4118
f 8285/8285/4112 8286/8286/2775 8295/8295/4120
f 8285/8285/4112 8295/8295/4120 8294/8294/4119
f 8286/8286/2775 8287/8287/4113 8296/8296/4121
f 8286/8286/2775 8296/8296/4121 8295/8295/4120
f 8287/8287/4113 8288/8288/4114 8297/8297/4122
f 8287/8287/4113 8297/8297/4122 8296/8296/4121
f 8288/8288/4114 8289/8289/4115 8298/8298/4123
f 8288/8288/4114 8298/8298/4123 8297/8297/4122
f 8289/8289/4115 8290/8290/2778 8299/8299/4117
f 8289/8289/4115 8299/8299/4117 8298/8298/4123
f 8292/8292/4117 8291/8291/4116 8300/8300/4124
f 8292/8292/4117 8300/8300/4124 8301/8301/4125
f 8291/8291/4116 8293/8293/4118 8302/8302/4126
f 8291/8291/4116 8302/8302/4126 8300/8300/4124
f 8293/8293/4118 8294/8294/4119 8303/8303/4127
f 8293/8293/4118 8303/8303/4127 8302/8302/4126
f 8294/8294/4119 8295/8295/4120 8304/8304/4128
f 8294/8294/4119 8304/8304/4128 8303/8303/4127
f 8295/8295/4120 8296/8296/4121 8305/8305/4129
f 8295/8295/4120 8305/8305/4129 8304/8304/4128
f 8296/8296/4121 8297/8297/4122 8306/8306/4130
f 8296/8296/4121 8306/8306/4130 8305/8305/4129
f 8297/8297/4122 8298/8298/4123 8307/8307/4131
f 8297/8297/4122 8307/8307/4131 8306/8306/4130
f 8298/8298/4123 8299/8299/4117 8308/8308/4125
f 8298/8298/4123 8308/8308/4125 8307/8307/4131
f 8301/8301/4125 8300/8300/4124 8309/8309/4132
f 8301/8301/4125 8309/8309/4132 8310/8310/4133
f 8300/8300/4124 8302/8302/4126 8311/8311/4134
f 8300/8300/4124 8311/8311/4134 8309/8309/4132
f 8302/8302/4126 8303/8303/4127 8312/8312/4135
f 8302/8302/4126 8312/8312/4135 8311/8311/4134
f 8303/8303/4127 8304/8304/4128 8313/8313/4136
f 8303/8303/4127 8313/8313/4136 8312/8312/4135
f 8304/8304/4128 8305/8305/4129 8314/8314/4137
f 8304/8304/4128 8314/8314/4137 8313/8313/4136
f 8305/8305/4129 8306/8306/4130 8315/8315/4138
f 8305/8305/4129 8315/8315/4138 8314/8314/4137
f 8306/8306/4130 8307/8307/4131 8316/8316/4139
f 8306/8306/4130 8316/8316/4139 8315/8315/4138
f 8307/8307/4131 8308/8308/4125 8317/8317/4140
f 8307/8307/4131 8317/8317/4140 8316/8316/4139
f 8310/8310/4133 8309/8309/4132 8318/8318/4141
f 8310/8310/4133 8318/8318/4141 8319/8319/4142
f 8309/8309/4132 8311/8311/4134 8320/8320/4143
f 8309/8309/4132 8320/8320/4143 8318/8318/4141
f 8311/8311/4134 8312/8312/4135 8321/8321/4144
f 8311/8311/4134 8321/8321/4144 8320/8320/4143
f 8312/8312/4135 8313/8313/4136 8322/8322/4145
f 8312/8312/4135 8322/8322/4145 8321/8321/4144
f 8313/8313/4136 8314/8314/4137 8323/8323/4146
f 8313/8313/4136 8323/8323/4146 8322/8322/4145
f 8314/8314/4137 8315/8315/4138 8324/8324/4147
f 8314/8314/4137 8324/8324/4147 8323/8323/4146
f 8315/8315/4138 8316/8316/4139 8325/8325/4148
f 8315/8315/4138 8325/8325/4148 8324/8324/4147
f 8316/8316/4139 8317/8317/4140 8326/8326/4142
f 8316/8316/4139 8326/8326/4142 8325/8325/4148
f 8319/8319/4142 8318/8318/4141 8327/8327/4149
f 8319/8319/4142 8327/8327/4149 8328/8328/4150
f 8318/8318/4141 8320/8320/4143 8329/8329/4151
f 8318/8318/4141 8329/8329/4151 8327/8327/4149
f 8320/8320/4143 8321/8321/4144 8330/8330/4152
f 8320/8320/4143 8330/8330/4152 8329/8329/4151
f 8321/8321/4144 8322/8322/4145 8331/8331/4153
f 8321/8321/4144 8331/8331/4153 8330/8330/4152
f 8322/8322/4145 8323/8323/4146 8332/8332/4154
f 8322/8322/4145 8332/8332/4154 8331/8331/4153
f 8323/8323/4146 8324/8324/4147 8333/8333/4155
f 8323/8323/4146 8333/8333/4155 8332/8332/4154
f 8324/8324/4147 8325/8325/4148 8334/8334/4156
f 8324/8324/4147 8334/8334/4156 8333/8333/4155
f 8325/8325/4148 8326/8326/4142 8335/8335/4150
f 8325/8325/4148 8335/8335/4150 8334/8334/4156
f 8328/8328/4150 8327/8327/4149 8336/8336/4157
f 8328/8328/4150 8336/8336/4157 8337/8337/4158
f 8327/8327/4149 8329/8329/4151 8338/8338/4159
f 8327/8327/4149 8338/8338/4159 8336/8336/4157
f 8329/8329/4151 8330/8330/4152 8339/8339/4160
f 8329/8329/4151 8339/8339/4160 8338/8338/4159
f 8330/8330/4152 8331/8331/4153 8340/8340/4161
f 8330/8330/4152 8340/8340/4161 8339/8339/4160
f 8331/8331/4153 8332/8332/4154 8341/8341/4162
f 8331/8331/4153 8341/8341/4162 8340/8340/4161
f 8332/8332/4154 8333/8333/4155 8342/8342/4163
f 8332/8332/4154 8342/8342/4163 8341/8341/4162
f 8333/8333/4155 8334/8334/4156 8343/8343/4164
f 8333/8333/4155 8343/8343/4164 8342/8342/4163
f 8334/8334/4156 8335/8335/4150 8344/8344/4158
f 8334/8334/4156 8344/8344/4158 8343/8343/4164
f 8337/8337/4158 8336/8336/4157 8345/8345/4165
f 8337/8337/4158 8345/8345/4165 8346/8346/4166
f 8336/8336/4157 8338/8338/4159 8347/8347/4167
f 8336/8336/4157 8347/8347/4167 8345/8345/4165
f 8338/8338/4159 8339/8339/4160 8348/8348/4168
f 8338/8338/4159 8348/8348/4168 8347/8347/4167
f 8339/8339/4160 8340/8340/4161 8349/8349/4169
f 8339/8339/4160 8349/8349/4169 8348/8348/4168
f 8340/8340/4161 8341/8341/4162 8350/8350/4170
f 8340/8340/4161 8350/8350/4170 8349/8349/4169
f 8341/8341/4162 8342/8342/4163 8351/8351/4171
f 8341/8341/4162 8351/8351/4171 8350/8350/4170
f 8342/8342/4163 8343/8343/4164 8352/8352/4172
f 8342/8342/4163 8352/8352/4172 8351/8351/4171
f 8343/8343/4164 8344/8344/4158 8353/8353/4166
f 8343/8343/4164 8353/8353/4166 8352/8352/4172
f 8346/8346/4166 8345/8345/4165 8354/8354/4173
f 8346/8346/4166 8354/8354/4173 8355/8355/4174
f 8345/8345/4165 8347/8347/4167 8356/8356/4175
f 8345/8345/4165 8356/8356/4175 8354/8354/4173
f 8347/8347/4167 8348/8348/4168 8357/8357/4176
f 8347/8347/4167 8357/8357/4176 8356/8356/4175
f 8348/8348/4168 8349/8349/4169 8358/8358/4177
f 8348/8348/4168 8358/8358/4177 8357/8357/4176
f 8349/8349/4169 8350/8350/4170 8359/8359/4178
f 8349/8349/4169 8359/8359/4178 8358/8358/4177
f 8350/8350/4170 8351/8351/4171 8360/8360/4179
f 8350/8350/4170 8360/8360/4179 8359/8359/4178
f 8351/8351/4171 8352/8352/4172 8361/8361/4180
f 8351/8351/4171 8361/8361/4180 8360/8360/4179
f 8352/8352/4172 8353/8353/4166 8362/8362/4174
f 8352/8352/4172 8362/8362/4174 8361/8361/4180
f 8355/8355/4174 8354/8354/4173 8363/8363/4181
f 8355/8355/4174 8363/8363/4181 8364/8364/4182
f 8354/8354/4173 8356/8356/4175 8365/8365/4183
f 8354/8354/4173 8365/8365/4183 8363/8363/4181
f 8356/8356/4175 8357/8357/4176 8366/8366/4184
f 8356/8356/4175 8366/8366/4184 8365/8365/4183
f 8357/8357/4176 8358/8358/4177 8367/8367/4185
f 8357/8357/4176 8367/8367/4185 8366/8366/4184
f 8358/8358/4177 8359/8359/4178 8368/8368/4186
f 8358/8358/4177 8368/8368/4186 8367/8367/4185
f 8359/8359/4178 8360/8360/4179 8369/8369/4187
f 8359/8359/4178 8369/8369/4187 8368/8368/4186
f 8360/8360/4179 8361/8361/4180 8370/8370/4188
f 8360/8360/4179 8370/8370/4188 8369/8369/4187
f 8361/8361/4180 8362/8362/4174 8371/8371/4182
f 8361/8361/4180 8371/8371/4182 8370/8370/4188
f 8364/8364/4182 8363/8363/4181 8372/8372/4189
f 8364/8364/4182 8372/8372/4189 8373/8373/4190
f 8363/8363/4181 8365/8365/4183 8374/8374/4191
f 8363/8363/4181 8374/8374/4191 8372/8372/4189
f 8365/8365/4183 8366/8366/4184 8375/8375/4192
f 8365/8365/4183 8375/8375/4192 8374/8374/4191
f 8366/8366/4184 8367/8367/4185 8376/8376/4193
f 8366/8366/4184 8376/8376/4193 8375/8375/4192
f 8367/8367/4185 8368/8368/4186 8377/8377/4194
f 8367/8367/4185 8377/8377/4194 8376/8376/4193
f 8368/8368/4186 8369/8369/4187 8378/8378/4195
f 8368/8368/4186 8378/8378/4195 8377/8377/4194
f 8369/8369/4187 8370/8370/4188 8379/8379/4196
f 8369/8369/4187 8379/8379/4196 8378/8378/4195
f 8370/8370/4188 8371/8371/4182 8380/8380/4190
f 8370/8370/4188 8380/8380/4190 8379/8379/4196
f 8373/8373/4190 8372/8372/4189 8381/8381/4197
f 8373/8373/4190 8381/8381/4197 8382/8382/4198
f 8372/8372/4189 8374/8374/4191 8383/8383/4199
f 8372/8372/4189 8383/8383/4199 8381/8381/4197
f 8374/8374/4191 8375/8375/4192 8384/8384/4200
f 8374/8374/4191 8384/8384/4200 8383/8383/4199
f 8375/8375/4192 8376/8376/4193 8385/8385/4201
f 8375/8375/4192 8385/8385/4201 8384/8384/4200
f 8376/8376/4193 8377/8377/4194 8386/8386/4202
f 8376/8376/4193 8386/8386/4202 8385/8385/4201
f 8377/8377/4194 8378/8378/4195 8387/8387/2124
f 8377/8377/4194 8387/8387/2124 8386/8386/4202
f 8378/8378/4195 8379/8379/4196 8388/8388/4203
f 8378/8378/4195 8388/8388/4203 8387/8387/2124
f 8379/8379/4196 8380/8380/4190 8389/8389/4198
f 8379/8379/4196 8389/8389/4198 8388/8388/4203
f 8382/8382/4198 8381/8381/4197 8390/8390/4204
f 8382/8382/4198 8390/8390/4204 8391/8391/2875
f 8381/8381/4197 8383/8383/4199 8392/8392/4205
f 8381/8381/4197 8392/8392/4205 8390/8390/4204
f 8383/8383/4199 8384/8384/4200 8393/8393/4206
f 8383/8383/4199 8393/8393/4206 8392/8392/4205
f 8384/8384/4200 8385/8385/4201 8394/8394/2872
f 8384/8384/4200 8394/8394/2872 8393/8393/4206
f 8385/8385/4201 8386/8386/4202 8395/8395/4207
f 8385/8385/4201 8395/8395/4207 8394/8394/2872
f 8386/8386/4202 8387/8387/2124 8396/8396/4208
f 8386/8386/4202 8396/8396/4208 8395/8395/4207
f 8387/8387/2124 8388/8388/4203 8397/8397/4209
f 8387/8387/2124 8397/8397/4209 8396/8396/4208
f 8388/8388/4203 8389/8389/4198 8398/8398/2875
f 8388/8388/4203 8398/8398/2875 8397/8397/4209
f 8391/8391/2875 8390/8390/4204 8399/8399/4210
f 8391/8391/2875 8399/8399/4210 8400/8400/4211
f 8390/8390/4204 8392/8392/4205 8401/8401/2319
f 8390/8390/4204 8401/8401/2319 8399/8399/4210
f 8392/8392/4205 8393/8393/4206 8402/8402/4212
f 8392/8392/4205 8402/8402/4212 8401/8401/2319
f 8393/8393/4206 8394/8394/2872 8403/8403/2887
f 8393/8393/4206 8403/8403/2887 8402/8402/4212
f 8394/8394/2872 8395/8395/4207 8404/8404/4213
f 8394/8394/2872 8404/8404/4213 8403/8403/2887
f 8395/8395/4207 8396/8396/4208 8405/8405/2323
f 8395/8395/4207 8405/8405/2323 8404/8404/4213
f 8396/8396/4208 8397/8397/4209 8406/8406/4214
f 8396/8396/4208 8406/8406/4214 8405/8405/2323
f 8397/8397/4209 8398/8398/2875 8407/8407/2883
f 8397/8397/4209 8407/8407/2883 8406/8406/4214
f 8400/8400/4211 8399/8399/4210 8408/8408/4215
f 8400/8400/4211 8408/8408/4215 8409/8409/2891
f 8399/8399/4210 8401/8401/2319 8410/8410/2255
f 8399/8399/4210 8410/8410/2255 8408/8408/4215
f 8401/8401/2319 8402/8402/4212 8411/8411/4216
f 8401/8401/2319 8411/8411/4216 8410/8410/2255
f 8402/8402/4212 8403/8403/2887 8412/8412/2894
f 8402/8402/4212 8412/8412/2894 8411/8411/4216
f 8403/8403/2887 8404/8404/4213 8413/8413/4217
f 8403/8403/2887 8413/8413/4217 8412/8412/2894
f 8404/8404/4213 8405/8405/2323 8414/8414/2259
f 8404/8404/4213 8414/8414/2259 8413/8413/4217
f 8405/8405/2323 8406/8406/4214 8415/8415/4218
f 8405/8405/2323 8415/8415/4218 8414/8414/2259
f 8406/8406/4214 8407/8407/2883 8416/8416/4219
f 8406/8406/4214 8416/8416/4219 8415/8415/4218
f 8409/8409/2891 8408/8408/4215 8417/8417/4220
f 8409/8409/2891 8417/8417/4220 8418/8418/2214
f 8408/8408/4215 8410/8410/2255 8419/8419/4221
f 8408/8408/4215 8419/8419/4221 8417/8417/4220
f 8410/8410/2255 8411/8411/4216 8420/8420/4222
f 8410/8410/2255 8420/8420/4222 8419/8419/4221
f 8411/8411/4216 8412/8412/2894 8421/8421/2896
f 8411/8411/4216 8421/8421/2896 8420/8420/4222
f 8412/8412/2894 8413/8413/4217 8422/8422/4223
f 8412/8412/2894 8422/8422/4223 8421/8421/2896
f 8413/8413/4217 8414/8414/2259 8423/8423/4224
f 8413/8413/4217 8423/8423/4224 8422/8422/4223
f 8414/8414/2259 8415/8415/4218 8424/8424/4225
f 8414/8414/2259 8424/8424/4225 8423/8423/4224
f 8415/8415/4218 8416/8416/4219 8425/8425/2214
f 8415/8415/4218 8425/8425/2214 8424/8424/4225
f 8418/8418/2214 8417/8417/4220 8426/8426/4226
f 8418/8418/2214 8426/8426/4226 8427/8427/2906
f 8417/8417/4220 8419/8419/4221 8428/8428/4227
f 8417/8417/4220 8428/8428/4227 8426/8426/4226
f 8419/8419/4221 8420/8420/4222 8429/8429/4228
f 8419/8419/4221 8429/8429/4228 8428/8428/4227
f 8420/8420/4222 8421/8421/2896 8430/8430/2903
f 8420/8420/4222 8430/8430/2903 8429/8429/4228
f 8421/8421/2896 8422/8422/4223 8431/8431/4229
f 8421/8421/2896 8431/8431/4229 8430/8430/2903
f 8422/8422/4223 8423/8423/4224 8432/8432/4230
f 8422/8422/4223 8432/8432/4230 8431/8431/4229
f 8423/8423/4224 8424/8424/4225 8433/8433/4231
f 8423/8423/4224 8433/8433/4231 8432/8432/4230
f 8424/8424/4225 8425/8425/2214 8434/8434/2906
f 8424/8424/4225 8434/8434/2906 8433/8433/4231
f 8427/8427/2906 8426/8426/4226 8435/8435/4232
f 8427/8427/2906 8435/8435/4232 8436/8436/2915
f 8426/8426/4226 8428/8428/4227 8437/8437/4233
f 8426/8426/4226 8437/8437/4233 8435/8435/4232
f 8428/8428/4227 8429/8429/4228 8438/8438/4234
f 8428/8428/4227 8438/8438/4234 8437/8437/4233
f 8429/8429/4228 8430/8430/2903 8439/8439/2912
f 8429/8429/4228 8439/8439/2912 8438/8438/4234
f 8430/8430/2903 8431/8431/4229 8440/8440/4235
f 8430/8430/2903 8440/8440/4235 8439/8439/2912
f 8431/8431/4229 8432/8432/4230 8441/8441/4236
f 8431/8431/4229 8441/8441/4236 8440/8440/4235
f 8432/8432/4230 8433/8433/4231 8442/8442/4237
f 8432/8432/4230 8442/8442/4237 8441/8441/4236
f 8433/8433/4231 8434/8434/2906 8443/8443/2915
f 8433/8433/4231 8443/8443/2915 8442/8442/4237
f 8436/8436/2915 8435/8435/4232 8444/8444/4238
f 8436/8436/2915 8444/8444/4238 8445/8445/4239
f 8435/8435/4232 8437/8437/4233 8446/8446/4240
f 8435/8435/4232 8446/8446/4240 8444/8444/4238
f 8437/8437/4233 8438/8438/4234 8447/8447/4241
f 8437/8437/4233 8447/8447/4241 8446/8446/4240
f 8438/8438/4234 8439/8439/2912 8448/8448/2927
f 8438/8438/4234 8448/8448/2927 8447/8447/4241
f 8439/8439/2912 8440/8440/4235 8449/8449/4242
f 8439/8439/2912 8449/8449/4242 8448/8448/2927
f 8440/8440/4235 8441/8441/4236 8450/8450/4243
f 8440/8440/4235 8450/8450/4243 8449/8449/4242
f 8441/8441/4236 8442/8442/4237 8451/8451/4244
f 8441/8441/4236 8451/8451/4244 8450/8450/4243
f 8442/8442/4237 8443/8443/2915 8452/8452/2923
f 8442/8442/4237 8452/8452/2923 8451/8451/4244
f 8445/8445/4239 8444/8444/4238 8453/8453/4245
f 8445/8445/4239 8453/8453/4245 8454/8454/2932
f 8444/8444/4238 8446/8446/4240 8455/8455/4246
f 8444/8444/4238 8455/8455/4246 8453/8453/4245
f 8446/8446/4240 8447/8447/4241 8456/8456/4247
f 8446/8446/4240 8456/8456/4247 8455/8455/4246
f 8447/8447/4241 8448/8448/2927 8457/8457/2929
f 8447/8447/4241 8457/8457/2929 8456/8456/4247
f 8448/8448/2927 8449/8449/4242 8458/8458/4248
f 8448/8448/2927 8458/8458/4248 8457/8457/2929
f 8449/8449/4242 8450/8450/4243 8459/8459/4249
f 8449/8449/4242 8459/8459/4249 8458/8458/4248
f 8450/8450/4243 8451/8451/4244 8460/8460/4250
f 8450/8450/4243 8460/8460/4250 8459/8459/4249
f 8451/8451/4244 8452/8452/2923 8461/8461/4251
f 8451/8451/4244 8461/8461/4251 8460/8460/4250
f 8454/8454/2932 8453/8453/4245 8462/8462/4252
f 8454/8454/2932 8462/8462/4252 8463/8463/2940
f 8453/8453/4245 8455/8455/4246 8464/8464/2262
f 8453/8453/4245 8464/8464/2262 8462/8462/4252
f 8455/8455/4246 8456/8456/4247 8465/8465/4253
f 8455/8455/4246 8465/8465/4253 8464/8464/2262
f 8456/8456/4247 8457/8457/2929 8466/8466/2943
f 8456/8456/4247 8466/8466/2943 8465/8465/4253
f 8457/8457/2929 8458/8458/4248 8467/8467/4254
f 8457/8457/2929 8467/8467/4254 8466/8466/2943
f 8458/8458/4248 8459/8459/4249 8468/8468/2265
f 8458/8458/4248 8468/8468/2265 8467/8467/4254
f 8459/8459/4249 8460/8460/4250 8469/8469/4255
f 8459/8459/4249 8469/8469/4255 8468/8468/2265
f 8460/8460/4250 8461/8461/4251 8470/8470/4256
f 8460/8460/4250 8470/8470/4256 8469/8469/4255
f 8463/8463/2940 8462/8462/4252 8471/8471/4257
f 8463/8463/2940 8471/8471/4257 8472/8472/2947
f 8462/8462/4252 8464/8464/2262 8473/8473/4258
f 8462/8462/4252 8473/8473/4258 8471/8471/4257
f 8464/8464/2262 8465/8465/4253 8474/8474/4259
f 8464/8464/2262 8474/8474/4259 8473/8473/4258
f 8465/8465/4253 8466/8466/2943 8475/8475/2945
f 8465/8465/4253 8475/8475/2945 8474/8474/4259
f 8466/8466/2943 8467/8467/4254 8476/8476/4260
f 8466/8466/2943 8476/8476/4260 8475/8475/2945
f 8467/8467/4254 8468/8468/2265 8477/8477/4261
f 8467/8467/4254 8477/8477/4261 8476/8476/4260
f 8468/8468/2265 8469/8469/4255 8478/8478/4262
f 8468/8468/2265 8478/8478/4262 8477/8477/4261
f 8469/8469/4255 8470/8470/4256 8479/8479/2947
f 8469/8469/4255 8479/8479/2947 8478/8478/4262
f 8472/8472/2947 8471/8471/4257 8480/8480/4263
f 8472/8472/2947 8480/8480/4263 8481/8481/4264
f 8471/8471/4257 8473/8473/4258 8482/8482/2255
f 8471/8471/4257 8482/8482/2255 8480/8480/4263
f 8473/8473/4258 8474/8474/4259 8483/8483/4265
f 8473/8473/4258 8483/8483/4265 8482/8482/2255
f 8474/8474/4259 8475/8475/2945 8484/8484/2952
f 8474/8474/4259 8484/8484/2952 8483/8483/4265
f 8475/8475/2945 8476/8476/4260 8485/8485/4266
f 8475/8475/2945 8485/8485/4266 8484/8484/2952
f 8476/8476/4260 8477/8477/4261 8486/8486/2259
f 8476/8476/4260 8486/8486/2259 8485/8485/4266
f 8477/8477/4261 8478/8478/4262 8487/8487/4267
f 8477/8477/4261 8487/8487/4267 8486/8486/2259
f 8478/8478/4262 8479/8479/2947 8488/8488/2954
f 8478/8478/4262 8488/8488/2954 8487/8487/4267
f 8481/8481/4264 8480/8480/4263 8489/8489/4268
f 8481/8481/4264 8489/8489/4268 8490/8490/2961
f 8480/8480/4263 8482/8482/2255 8491/8491/4269
f 8480/8480/4263 8491/8491/4269 8489/8489/4268
f 8482/8482/2255 8483/8483/4265 8492/8492/4270
f 8482/8482/2255 8492/8492/4270 8491/8491/4269
f 8483/8483/4265 8484/8484/2952 8493/8493/2958
f 8483/8483/4265 8493/8493/2958 8492/8492/4270
f 8484/8484/2952 8485/8485/4266 8494/8494/4271
f 8484/8484/2952 8494/8494/4271 8493/8493/2958
f 8485/8485/4266 8486/8486/2259 8495/8495/2900
f 8485/8485/4266 8495/8495/2900 8494/8494/4271
f 8486/8486/2259 8487/8487/4267 8496/8496/4272
f 8486/8486/2259 8496/8496/4272 8495/8495/2900
f 8487/8487/4267 8488/8488/2954 8497/8497/2961
f 8487/8487/4267 8497/8497/2961 8496/8496/4272
f 8490/8490/2961 8489/8489/4268 8498/8498/4273
f 8490/8490/2961 8498/8498/4273 8499/8499/2969
f 8489/8489/4268 8491/8491/4269 8500/8500/4274
f 8489/8489/4268 8500/8500/4274 8498/8498/4273
f 8491/8491/4269 8492/8492/4270 8501/8501/4275
f 8491/8491/4269 8501/8501/4275 8500/8500/4274
f 8492/8492/4270 8493/8493/2958 8502/8502/2966
f 8492/8492/4270 8502/8502/2966 8501/8501/4275
f 8493/8493/2958 8494/8494/4271 8503/8503/4276
f 8493/8493/2958 8503/8503/4276 8502/8502/2966
f 8494/8494/4271 8495/8495/2900 8504/8504/4277
f 8494/8494/4271 8504/8504/4277 8503/8503/4276
f 8495/8495/2900 8496/8496/4272 8505/8505/4278
f 8495/8495/2900 8505/8505/4278 8504/8504/4277
f 8496/8496/4272 8497/8497/2961 8506/8506/2969
f 8496/8496/4272 8506/8506/2969 8505/8505/4278
f 8499/8499/2969 8498/8498/4273 8507/8507/4279
f 8499/8499/2969 8507/8507/4279 8508/8508/2977
f 8498/8498/4273 8500/8500/4274 8509/8509/2152
f 8498/8498/4273 8509/8509/2152 8507/8507/4279
f 8500/8500/4274 8501/8501/4275 8510/8510/4280
f 8500/8500/4274 8510/8510/4280 8509/8509/2152
f 8501/8501/4275 8502/8502/2966 8511/8511/2974
f 8501/8501/4275 8511/8511/2974 8510/8510/4280
f 8502/8502/2966 8503/8503/4276 8512/8512/4281
f 8502/8502/2966 8512/8512/4281 8511/8511/2974
f 8503/8503/4276 8504/8504/4277 8513/8513/2156
f 8503/8503/4276 8513/8513/2156 8512/8512/4281
f 8504/8504/4277 8505/8505/4278 8514/8514/4282
f 8504/8504/4277 8514/8514/4282 8513/8513/2156
f 8505/8505/4278 8506/8506/2969 8515/8515/4283
f 8505/8505/4278 8515/8515/4283 8514/8514/4282
f 8508/8508/2977 8507/8507/4279 8516/8516/4284
f 8508/8508/2977 8516/8516/4284 8517/8517/2983
f 8507/8507/4279 8509/8509/2152 8518/8518/2247
f 8507/8507/4279 8518/8518/2247 8516/8516/4284
f 8509/8509/2152 8510/8510/4280 8519/8519/4285
f 8509/8509/2152 8519/8519/4285 8518/8518/2247
f 8510/8510/4280 8511/8511/2974 8520/8520/2981
f 8510/8510/4280 8520/8520/2981 8519/8519/4285
f 8511/8511/2974 8512/8512/4281 8521/8521/4286
f 8511/8511/2974 8521/8521/4286 8520/8520/2981
f 8512/8512/4281 8513/8513/2156 8522/8522/4287
f 8512/8512/4281 8522/8522/4287 8521/8521/4286
f 8513/8513/2156 8514/8514/4282 8523/8523/4288
f 8513/8513/2156 8523/8523/4288 8522/8522/4287
f 8514/8514/4282 8515/8515/4283 8524/8524/2983
f 8514/8514/4282 8524/8524/2983 8523/8523/4288
f 8517/8517/2983 8516/8516/4284 8525/8525/4289
f 8517/8517/2983 8525/8525/4289 8526/8526/2991
f 8516/8516/4284 8518/8518/2247 8527/8527/4290
f 8516/8516/4284 8527/8527/4290 8525/8525/4289
f 8518/8518/2247 8519/8519/4285 8528/8528/4291
f 8518/8518/2247 8528/8528/4291 8527/8527/4290
f 8519/8519/4285 8520/8520/2981 8529/8529/2988
f 8519/8519/4285 8529/8529/2988 8528/8528/4291
f 8520/8520/2981 8521/8521/4286 8530/8530/4292
f 8520/8520/2981 8530/8530/4292 8529/8529/2988
f 8521/8521/4286 8522/8522/4287 8531/8531/4293
f 8521/8521/4286 8531/8531/4293 8530/8530/4292
f 8522/8522/4287 8523/8523/4288 8532/8532/4294
f 8522/8522/4287 8532/8532/4294 8531/8531/4293
f 8523/8523/4288 8524/8524/2983 8533/8533/2991
f 8523/8523/4288 8533/8533/2991 8532/8532/4294
f 8526/8526/2991 8525/8525/4289 8534/8534/4295
f 8526/8526/2991 8534/8534/4295 8535/8535/2999
f 8525/8525/4289 8527/8527/4290 8536/8536/4296
f 8525/8525/4289 8536/8536/4296 8534/8534/4295
f 8527/8527/4290 8528/8528/4291 8537/8537/4297
f 8527/8527/4290 8537/8537/4297 8536/8536/4296
f 8528/8528/4291 8529/8529/2988 8538/8538/2996
f 8528/8528/4291 8538/8538/2996 8537/8537/4297
f 8529/8529/2988 8530/8530/4292 8539/8539/4298
f 8529/8529/2988 8539/8539/4298 8538/8538/2996
f 8530/8530/4292 8531/8531/4293 8540/8540/4299
f 8530/8530/4292 8540/8540/4299 8539/8539/4298
f 8531/8531/4293 8532/8532/4294 8541/8541/4300
f 8531/8531/4293 8541/8541/4300 8540/8540/4299
f 8532/8532/4294 8533/8533/2991 8542/8542/2999
f 8532/8532/4294 8542/8542/2999 8541/8541/4300
f 8535/8535/2999 8534/8534/4295 8543/8543/4301
f 8535/8535/2999 8543/8543/4301 8544/8544/3006
f 8534/8534/4295 8536/8536/4296 8545/8545/4296
f 8534/8534/4295 8545/8545/4296 8543/8543/4301
f 8536/8536/4296 8537/8537/4297 8546/8546/4302
f 8536/8536/4296 8546/8546/4302 8545/8545/4296
f 8537/8537/4297 8538/8538/2996 8547/8547/3004
f 8537/8537/4297 8547/8547/3004 8546/8546/4302
f 8538/8538/2996 8539/8539/4298 8548/8548/4303
f 8538/8538/2996 8548/8548/4303 8547/8547/3004
f 8539/8539/4298 8540/8540/4299 8549/8549/4299
f 8539/8539/4298 8549/8549/4299 8548/8548/4303
f 8540/8540/4299 8541/8541/4300 8550/8550/4304
f 8540/8540/4299 8550/8550/4304 8549/8549/4299
f 8541/8541/4300 8542/8542/2999 8551/8551/3006
f 8541/8541/4300 8551/8551/3006 8550/8550/4304
f 8544/8544/3006 8543/8543/4301 8552/8552/4305
f 8544/8544/3006 8552/8552/4305 8553/8553/3012
f 8543/8543/4301 8545/8545/4296 8554/8554/4306
f 8543/8543/4301 8554/8554/4306 8552/8552/4305
f 8545/8545/4296 8546/8546/4302 8555/8555/4307
f 8545/8545/4296 8555/8555/4307 8554/8554/4306
f 8546/8546/4302 8547/8547/3004 8556/8556/3010
f 8546/8546/4302 8556/8556/3010 8555/8555/4307
f 8547/8547/3004 8548/8548/4303 8557/8557/4308
f 8547/8547/3004 8557/8557/4308 8556/8556/3010
f 8548/8548/4303 8549/8549/4299 8558/8558/4309
f 8548/8548/4303 8558/8558/4309 8557/8557/4308
f 8549/8549/4299 8550/8550/4304 8559/8559/4310
f 8549/8549/4299 8559/8559/4310 8558/8558/4309
f 8550/8550/4304 8551/8551/3006 8560/8560/3012
f 8550/8550/4304 8560/8560/3012 8559/8559/4310
f 8553/8553/3012 8552/8552/4305 8561/8561/4311
f 8553/8553/3012 8561/8561/4311 8562/8562/3020
f 8552/8552/4305 8554/8554/4306 8563/8563/4312
f 8552/8552/4305 8563/8563/4312 8561/8561/4311
f 8554/8554/4306 8555/8555/4307 8564/8564/4313
f 8554/8554/4306 8564/8564/4313 8563/8563/4312
f 8555/8555/4307 8556/8556/3010 8565/8565/3017
f 8555/8555/4307 8565/8565/3017 8564/8564/4313
f 8556/8556/3010 8557/8557/4308 8566/8566/4314
f 8556/8556/3010 8566/8566/4314 8565/8565/3017
f 8557/8557/4308 8558/8558/4309 8567/8567/2243
f 8557/8557/4308 8567/8567/2243 8566/8566/4314
f 8558/8558/4309 8559/8559/4310 8568/8568/4315
f 8558/8558/4309 8568/8568/4315 8567/8567/2243
f 8559/8559/4310 8560/8560/3012 8569/8569/3020
f 8559/8559/4310 8569/8569/3020 8568/8568/4315
f 8562/8562/3020 8561/8561/4311 8570/8570/4316
f 8562/8562/3020 8570/8570/4316 8571/8571/3028
f 8561/8561/4311 8563/8563/4312 8572/8572/4317
f 8561/8561/4311 8572/8572/4317 8570/8570/4316
f 8563/8563/4312 8564/8564/4313 8573/8573/4318
f 8563/8563/4312 8573/8573/4318 8572/8572/4317
f 8564/8564/4313 8565/8565/3017 8574/8574/3025
f 8564/8564/4313 8574/8574/3025 8573/8573/4318
f 8565/8565/3017 8566/8566/4314 8575/8575/4319
f 8565/8565/3017 8575/8575/4319 8574/8574/3025
f 8566/8566/4314 8567/8567/2243 8576/8576/4320
f 8566/8566/4314 8576/8576/4320 8575/8575/4319
f 8567/8567/2243 8568/8568/4315 8577/8577/4321
f 8567/8567/2243 8577/8577/4321 8576/8576/4320
f 8568/8568/4315 8569/8569/3020 8578/8578/3028
f 8568/8568/4315 8578/8578/3028 8577/8577/4321
f 8571/8571/3028 8570/8570/4316 8579/8579/4322
f 8571/8571/3028 8579/8579/4322 8580/8580/3036
f 8570/8570/4316 8572/8572/4317 8581/8581/4323
f 8570/8570/4316 8581/8581/4323 8579/8579/4322
f 8572/8572/4317 8573/8573/4318 8582/8582/4324
f 8572/8572/4317 8582/8582/4324 8581/8581/4323
f 8573/8573/4318 8574/8574/3025 8583/8583/3033
f 8573/8573/4318 8583/8583/3033 8582/8582/4324
f 8574/8574/3025 8575/8575/4319 8584/8584/4325
f 8574/8574/3025 8584/8584/4325 8583/8583/3033
f 8575/8575/4319 8576/8576/4320 8585/8585/4326
f 8575/8575/4319 8585/8585/4326 8584/8584/4325
f 8576/8576/4320 8577/8577/4321 8586/8586/4327
f 8576/8576/4320 8586/8586/4327 8585/8585/4326
f 8577/8577/4321 8578/8578/3028 8587/8587/3036
f 8577/8577/4321 8587/8587/3036 8586/8586/4327
f 8580/8580/3036 8579/8579/4322 8588/8588/4328
f 8580/8580/3036 8588/8588/4328 8589/8589/3044
f 8579/8579/4322 8581/8581/4323 8590/8590/4329
f 8579/8579/4322 8590/8590/4329 8588/8588/4328
f 8581/8581/4323 8582/8582/4324 8591/8591/4330
f 8581/8581/4323 8591/8591/4330 8590/8590/4329
f 8582/8582/4324 8583/8583/3033 8592/8592/3041
f 8582/8582/4324 8592/8592/3041 8591/8591/4330
f 8583/8583/3033 8584/8584/4325 8593/8593/4331
f 8583/8583/3033 8593/8593/4331 8592/8592/3041
f 8584/8584/4325 8585/8585/4326 8594/8594/4332
f 8584/8584/4325 8594/8594/4332 8593/8593/4331
f 8585/8585/4326 8586/8586/4327 8595/8595/4333
f 8585/8585/4326 8595/8595/4333 8594/8594/4332
f 8586/8586/4327 8587/8587/3036 8596/8596/3044
f 8586/8586/4327 8596/8596/3044 8595/8595/4333
f 8589/8589/3044 8588/8588/4328 8597/8597/4334
f 8589/8589/3044 8597/8597/4334 8598/8598/3052
f 8588/8588/4328 8590/8590/4329 8599/8599/4335
f 8588/8588/4328 8599/8599/4335 8597/8597/4334
f 8590/8590/4329 8591/8591/4330 8600/8600/4336
f 8590/8590/4329 8600/8600/4336 8599/8599/4335
f 8591/8591/4330 8592/8592/3041 8601/8601/3049
f 8591/8591/4330 8601/8601/3049 8600/8600/4336
f 8592/8592/3041 8593/8593/4331 8602/8602/4337
f 8592/8592/3041 8602/8602/4337 8601/8601/3049
f 8593/8593/4331 8594/8594/4332 8603/8603/4338
f 8593/8593/4331 8603/8603/4338 8602/8602/4337
f 8594/8594/4332 8595/8595/4333 8604/8604/4339
f 8594/8594/4332 8604/8604/4339 8603/8603/4338
f 8595/8595/4333 8596/8596/3044 8605/8605/3052
f 8595/8595/4333 8605/8605/3052 8604/8604/4339
f 8598/8598/3052 8597/8597/4334 8606/8606/4340
f 8598/8598/3052 8606/8606/4340 8607/8607/3060
f 8597/8597/4334 8599/8599/4335 8608/8608/4341
f 8597/8597/4334 8608/8608/4341 8606/8606/4340
f 8599/8599/4335 8600/8600/4336 8609/8609/4342
f 8599/8599/4335 8609/8609/4342 8608/8608/4341
f 8600/8600/4336 8601/8601/3049 8610/8610/3057
f 8600/8600/4336 8610/8610/3057 8609/8609/4342
f 8601/8601/3049 8602/8602/4337 8611/8611/4343
f 8601/8601/3049 8611/8611/4343 8610/8610/3057
f 8602/8602/4337 8603/8603/4338 8612/8612/4344
f 8602/8602/4337 8612/8612/4344 8611/8611/4343
f 8603/8603/4338 8604/8604/4339 8613/8613/4345
f 8603/8603/4338 8613/8613/4345 8612/8612/4344
f 8604/8604/4339 8605/8605/3052 8614/8614/3060
f 8604/8604/4339 8614/8614/3060 8613/8613/4345
f 8607/8607/3060 8606/8606/4340 8615/8615/4346
f 8607/8607/3060 8615/8615/4346 8616/8616/3068
f 8606/8606/4340 8608/8608/4341 8617/8617/4347
f 8606/8606/4340 8617/8617/4347 8615/8615/4346
f 8608/8608/4341 8609/8609/4342 8618/8618/4348
f 8608/8608/4341 8618/8618/4348 8617/8617/4347
f 8609/8609/4342 8610/8610/3057 8619/8619/3065
f 8609/8609/4342 8619/8619/3065 8618/8618/4348
f 8610/8610/3057 8611/8611/4343 8620/8620/4349
f 8610/8610/3057 8620/8620/4349 8619/8619/3065
f 8611/8611/4343 8612/8612/4344 8621/8621/4350
f 8611/8611/4343 8621/8621/4350 8620/8620/4349
f 8612/8612/4344 8613/8613/4345 8622/8622/4351
f 8612/8612/4344 8622/8622/4351 8621/8621/4350
f 8613/8613/4345 8614/8614/3060 8623/8623/3068
f 8613/8613/4345 8623/8623/3068 8622/8622/4351
f 8616/8616/3068 8615/8615/4346 8624/8624/4352
f 8616/8616/3068 8624/8624/4352 8625/8625/3076
f 8615/8615/4346 8617/8617/4347 8626/8626/4353
f 8615/8615/4346 8626/8626/4353 8624/8624/4352
f 8617/8617/4347 8618/8618/4348 8627/8627/4354
f 8617/8617/4347 8627/8627/4354 8626/8626/4353
f 8618/8618/4348 8619/8619/3065 8628/8628/3073
f 8618/8618/4348 8628/8628/3073 8627/8627/4354
f 8619/8619/3065 8620/8620/4349 8629/8629/4355
f 8619/8619/3065 8629/8629/4355 8628/8628/3073
f 8620/8620/4349 8621/8621/4350 8630/8630/4356
f 8620/8620/4349 8630/8630/4356 8629/8629/4355
f 8621/8621/4350 8622/8622/4351 8631/8631/4357
f 8621/8621/4350 8631/8631/4357 8630/8630/4356
f 8622/8622/4351 8623/8623/3068 8632/8632/3076
f 8622/8622/4351 8632/8632/3076 8631/8631/4357
f 8625/8625/3076 8624/8624/4352 8633/8633/4358
f 8625/8625/3076 8633/8633/4358 8634/8634/4359
f 8624/8624/4352 8626/8626/4353 8635/8635/4360
f 8624/8624/4352 8635/8635/4360 8633/8633/4358
f 8626/8626/4353 8627/8627/4354 8636/8636/4361
f 8626/8626/4353 8636/8636/4361 8635/8635/4360
f 8627/8627/4354 8628/8628/3073 8637/8637/4362
f 8627/8627/4354 8637/8637/4362 8636/8636/4361
f 8628/8628/3073 8629/8629/4355 8638/8638/4363
f 8628/8628/3073 8638/8638/4363 8637/8637/4362
f 8629/8629/4355 8630/8630/4356 8639/8639/4364
f 8629/8629/4355 8639/8639/4364 8638/8638/4363
f 8630/8630/4356 8631/8631/4357 8640/8640/4365
f 8630/8630/4356 8640/8640/4365 8639/8639/4364
f 8631/8631/4357 8632/8632/3076 8641/8641/4359
f 8631/8631/4357 8641/8641/4359 8640/8640/4365
f 8634/8634/4359 8633/8633/4358 8642/8642/4366
f 8634/8634/4359 8642/8642/4366 8643/8643/4367
f 8633/8633/4358 8635/8635/4360 8644/8644/4368
f 8633/8633/4358 8644/8644/4368 8642/8642/4366
f 8635/8635/4360 8636/8636/4361 8645/8645/4369
f 8635/8635/4360 8645/8645/4369 8644/8644/4368
f 8636/8636/4361 8637/8637/4362 8646/8646/4370
f 8636/8636/4361 8646/8646/4370 8645/8645/4369
f 8637/8637/4362 8638/8638/4363 8647/8647/4371
f 8637/8637/4362 8647/8647/4371 8646/8646/4370
f 8638/8638/4363 8639/8639/4364 8648/8648/4372
f 8638/8638/4363 8648/8648/4372 8647/8647/4371
f 8639/8639/4364 8640/8640/4365 8649/8649/4373
f 8639/8639/4364 8649/8649/4373 8648/8648/4372
f 8640/8640/4365 8641/8641/4359 8650/8650/4367
f 8640/8640/4365 8650/8650/4367 8649/8649/4373
f 8643/8643/4367 8642/8642/4366 8651/8651/4374
f 8643/8643/4367 8651/8651/4374 8652/8652/4375
f 8642/8642/4366 8644/8644/4368 8653/8653/4376
f 8642/8642/4366 8653/8653/4376 8651/8651/4374
f 8644/8644/4368 8645/8645/4369 8654/8654/4377
f 8644/8644/4368 8654/8654/4377 8653/8653/4376
f 8645/8645/4369 8646/8646/4370 8655/8655/4378
f 8645/8645/4369 8655/8655/4378 8654/8654/4377
f 8646/8646/4370 8647/8647/4371 8656/8656/4379
f 8646/8646/4370 8656/8656/4379 8655/8655/4378
f 8647/8647/4371 8648/8648/4372 8657/8657/4380
f 8647/8647/4371 8657/8657/4380 8656/8656/4379
f 8648/8648/4372 8649/8649/4373 8658/8658/4381
f 8648/8648/4372 8658/8658/4381 8657/8657/4380
f 8649/8649/4373 8650/8650/4367 8659/8659/4375
f 8649/8649/4373 8659/8659/4375 8658/8658/4381
f 8652/8652/4375 8651/8651/4374 8660/8660/4382
f 8652/8652/4375 8660/8660/4382 8661/8661/4383
f 8651/8651/4374 8653/8653/4376 8662/8662/4384
f 8651/8651/4374 8662/8662/4384 8660/8660/4382
f 8653/8653/4376 8654/8654/4377 8663/8663/4385
f 8653/8653/4376 8663/8663/4385 8662/8662/4384
f 8654/8654/4377 8655/8655/4378 8664/8664/4386
f 8654/8654/4377 8664/8664/4386 8663/8663/4385
f 8655/8655/4378 8656/8656/4379 8665/8665/4387
f 8655/8655/4378 8665/8665/4387 8664/8664/4386
f 8656/8656/4379 8657/8657/4380 8666/8666/4388
f 8656/8656/4379 8666/8666/4388 8665/8665/4387
f 8657/8657/4380 8658/8658/4381 8667/8667/4389
f 8657/8657/4380 8667/8667/4389 8666/8666/4388
f 8658/8658/4381 8659/8659/4375 8668/8668/4383
f 8658/8658/4381 8668/8668/4383 8667/8667/4389
f 8661/8661/4383 8660/8660/4382 8669/8669/4390
f 8661/8661/4383 8669/8669/4390 8670/8670/4391
f 8660/8660/4382 8662/8662/4384 8671/8671/4392
f 8660/8660/4382 8671/8671/4392 8669/8669/4390
f 8662/8662/4384 8663/8663/4385 8672/8672/4393
f 8662/8662/4384 8672/8672/4393 8671/8671/4392
f 8663/8663/4385 8664/8664/4386 8673/8673/4394
f 8663/8663/4385 8673/8673/4394 8672/8672/4393
f 8664/8664/4386 8665/8665/4387 8674/8674/4395
f 8664/8664/4386 8674/8674/4395 8673/8673/4394
f 8665/8665/4387 8666/8666/4388 8675/8675/4396
f 8665/8665/4387 8675/8675/4396 8674/8674/4395
f 8666/8666/4388 8667/8667/4389 8676/8676/4397
f 8666/8666/4388 8676/8676/4397 8675/8675/4396
f 8667/8667/4389 8668/8668/4383 8677/8677/4398
f 8667/8667/4389 8677/8677/4398 8676/8676/4397
f 8670/8670/4391 8669/8669/4390 8678/8678/4399
f 8670/8670/4391 8678/8678/4399 8679/8679/3124
f 8669/8669/4390 8671/8671/4392 8680/8680/4400
f 8669/8669/4390 8680/8680/4400 8678/8678/4399
f 8671/8671/4392 8672/8672/4393 8681/8681/4401
f 8671/8671/4392 8681/8681/4401 8680/8680/4400
f 8672/8672/4393 8673/8673/4394 8682/8682/3121
f 8672/8672/4393 8682/8682/3121 8681/8681/4401
f 8673/8673/4394 8674/8674/4395 8683/8683/4402
f 8673/8673/4394 8683/8683/4402 8682/8682/3121
f 8674/8674/4395 8675/8675/4396 8684/8684/4403
f 8674/8674/4395 8684/8684/4403 8683/8683/4402
f 8675/8675/4396 8676/8676/4397 8685/8685/4404
f 8675/8675/4396 8685/8685/4404 8684/8684/4403
f 8676/8676/4397 8677/8677/4398 8686/8686/3124
f 8676/8676/4397 8686/8686/3124 8685/8685/4404
f 8679/8679/3124 8678/8678/4399 8687/8687/4405
f 8679/8679/3124 8687/8687/4405 8688/8688/4406
f 8678/8678/4399 8680/8680/4400 8689/8689/4407
f 8678/8678/4399 8689/8689/4407 8687/8687/4405
f 8680/8680/4400 8681/8681/4401 8690/8690/4408
f 8680/8680/4400 8690/8690/4408 8689/8689/4407
f 8681/8681/4401 8682/8682/3121 8691/8691/4409
f 8681/8681/4401 8691/8691/4409 8690/8690/4408
f 8682/8682/3121 8683/8683/4402 8692/8692/4410
f 8682/8682/3121 8692/8692/4410 8691/8691/4409
f 8683/8683/4402 8684/8684/4403 8693/8693/4411
f 8683/8683/4402 8693/8693/4411 8692/8692/4410
f 8684/8684/4403 8685/8685/4404 8694/8694/4412
f 8684/8684/4403 8694/8694/4412 8693/8693/4411
f 8685/8685/4404 8686/8686/3124 8695/8695/4406
f 8685/8685/4404 8695/8695/4406 8694/8694/4412
f 8688/8688/4406 8687/8687/4405 8696/8696/4413
f 8688/8688/4406 8696/8696/4413 8697/8697/4414
f 8687/8687/4405 8689/8689/4407 8698/8698/4415
f 8687/8687/4405 8698/8698/4415 8696/8696/4413
f 8689/8689/4407 8690/8690/4408 8699/8699/4416
f 8689/8689/4407 8699/8699/4416 8698/8698/4415
f 8690/8690/4408 8691/8691/4409 8700/8700/4417
f 8690/8690/4408 8700/8700/4417 8699/8699/4416
f 8691/8691/4409 8692/8692/4410 8701/8701/4418
f 8691/8691/4409 8701/8701/4418 8700/8700/4417
f 8692/8692/4410 8693/8693/4411 8702/8702/4419
f 8692/8692/4410 8702/8702/4419 8701/8701/4418
f 8693/8693/4411 8694/8694/4412 8703/8703/4420
f 8693/8693/4411 8703/8703/4420 8702/8702/4419
f 8694/8694/4412 8695/8695/4406 8704/8704/4421
f 8694/8694/4412 8704/8704/4421 8703/8703/4420
f 8697/8697/4414 8696/8696/4413 8705/8705/4422
f 8697/8697/4414 8705/8705/4422 8706/8706/4423
f 8696/8696/4413 8698/8698/4415 8707/8707/4424
f 8696/8696/4413 8707/8707/4424 8705/8705/4422
f 8698/8698/4415 8699/8699/4416 8708/8708/4425
f 8698/8698/4415 8708/8708/4425 8707/8707/4424
f 8699/8699/4416 8700/8700/4417 8709/8709/4426
f 8699/8699/4416 8709/8709/4426 8708/8708/4425
f 8700/8700/4417 8701/8701/4418 8710/8710/4427
f 8700/8700/4417 8710/8710/4427 8709/8709/4426
f 8701/8701/4418 8702/8702/4419 8711/8711/4428
f 8701/8701/4418 8711/8711/4428 8710/8710/4427
f 8702/8702/4419 8703/8703/4420 8712/8712/4429
f 8702/8702/4419 8712/8712/4429 8711/8711/4428
f 8703/8703/4420 8704/8704/4421 8713/8713/4423
f 8703/8703/4420 8713/8713/4423 8712/8712/4429
f 8706/8706/4423 8705/8705/4422 8714/8714/4430
f 8706/8706/4423 8714/8714/4430 8715/8715/4431
f 8705/8705/4422 8707/8707/4424 8716/8716/4432
f 8705/8705/4422 8716/8716/4432 8714/8714/4430
f 8707/8707/4424 8708/8708/4425 8717/8717/4433
f 8707/8707/4424 8717/8717/4433 8716/8716/4432
f 8708/8708/4425 8709/8709/4426 8718/8718/4434
f 8708/8708/4425 8718/8718/4434 8717/8717/4433
f 8709/8709/4426 8710/8710/4427 8719/8719/4435
f 8709/8709/4426 8719/8719/4435 8718/8718/4434
f 8710/8710/4427 8711/8711/4428 8720/8720/4436
f 8710/8710/4427 8720/8720/4436 8719/8719/4435
f 8711/8711/4428 8712/8712/4429 8721/8721/4437
f 8711/8711/4428 8721/8721/4437 8720/8720/4436
f 8712/8712/4429 8713/8713/4423 8722/8722/4438
f 8712/8712/4429 8722/8722/4438 8721/8721/4437
